[22524:25852:0731/110046.034:VERBOSE1:components\enterprise\browser\controller\chrome_browser_cloud_management_controller.cc:122] DM token = empty
[22524:25852:0731/110046.034:VERBOSE1:components\enterprise\browser\controller\chrome_browser_cloud_management_controller.cc:128] Enrollment token = 
[22524:25852:0731/110046.034:VERBOSE1:components\enterprise\browser\controller\chrome_browser_cloud_management_controller.cc:129] Client ID = d039d86e-3f70-47e0-9dca-b25f1448163b
[22524:25852:0731/110046.040:VERBOSE1:components\variations\service\variations_field_trial_creator.cc:83] VariationsSeedUsage:0
[22524:25852:0731/110046.047:VERBOSE1:components\variations\service\variations_field_trial_creator.cc:786] CreateTrialsFromSeed complete with seed.version='20260731-010040.788000-production'
[22524:25852:0731/110046.048:VERBOSE1:components\variations\service\variations_field_trial_creator.cc:391] VariationsSetupComplete
[22524:25852:0731/110046.079:VERBOSE1:chrome\browser\media\webrtc\webrtc_event_log_manager.cc:126] WebRTC remote-bound event logging enabled.
[22524:25852:0731/110046.081:VERBOSE1:components\proxy_config\pref_proxy_config_tracker_impl.cc:462] 0x9dc0011c680: set chrome proxy config service to 0x9dc0017c1c0
[22524:25852:0731/110046.084:VERBOSE1:components\device_event_log\device_event_log_impl.cc:203] [11:00:46.084] Display: EVENT: screen_win.cc:1043 Displays updated, count: 1
[22524:25852:0731/110046.088:VERBOSE1:components\device_event_log\device_event_log_impl.cc:203] [11:00:46.088] Display: EVENT: screen_win.cc:1045 Display[1] bounds=[0,0 800x600], workarea=[0,0 800x600], scale=1, rotation=0, panel_rotation=0 external detected
[22524:25852:0731/110046.137:VERBOSE1:components\enterprise\browser\controller\chrome_browser_cloud_management_controller.cc:211] Starting CBCM Controller Initialization
[22524:25852:0731/110046.137:INFO:components\enterprise\browser\controller\chrome_browser_cloud_management_controller.cc:239] No machine level policy manager exists.
[22524:25852:0731/110046.137:VERBOSE1:chrome\installer\util\install_util.cc:218] Existing Chrome version found: 150.0.7871.187
[22524:25852:0731/110046.138:VERBOSE1:chrome\browser\enterprise\platform_auth\platform_auth_policy_observer.cc:108] PlatformAuthProviderManager enabled: 0
[22524:25852:0731/110046.140:VERBOSE1:components\policy\core\common\cloud\user_cloud_policy_store.cc:130] [policy_type=google/chrome/user] Initiating immediate policy load from disk
[22524:25852:0731/110046.140:VERBOSE1:components\policy\core\common\cloud\user_cloud_policy_store.cc:233] [policy_type=google/chrome/user] No policy found on disk
[22524:25852:0731/110046.140:VERBOSE1:components\policy\core\common\cloud\user_cloud_policy_store.cc:130] [policy_type=google/extension-install-cloud-policy/chrome/user] Initiating immediate policy load from disk
[22524:25852:0731/110046.140:VERBOSE1:components\policy\core\common\cloud\user_cloud_policy_store.cc:233] [policy_type=google/extension-install-cloud-policy/chrome/user] No policy found on disk
[22524:25852:0731/110046.157:VERBOSE1:components\proxy_config\pref_proxy_config_tracker_impl.cc:462] 0x9dc001217c0: set chrome proxy config service to 0x9dc0017fd40
[22524:25852:0731/110046.158:VERBOSE1:components\signin\internal\identity_manager\mutable_profile_oauth2_token_service_delegate.cc:354] MutablePO2TS::MutablePO2TS
[22524:25852:0731/110046.160:VERBOSE1:google_apis\gaia\gaia_auth_util.cc:53] Canonicalized @gmail.com to @gmail.com
[22524:25852:0731/110046.160:VERBOSE1:google_apis\gaia\gaia_auth_util.cc:53] Canonicalized @gmail.com to @gmail.com
[22524:25852:0731/110046.160:VERBOSE1:components\signin\core\browser\account_reconcilor.cc:150] AccountReconcilor::AccountReconcilor
[22524:25852:0731/110046.160:VERBOSE1:components\signin\core\browser\account_reconcilor.cc:180] AccountReconcilor::Initialize
[22524:25852:0731/110046.160:VERBOSE1:components\signin\core\browser\account_reconcilor.cc:231] AccountReconcilor::RegisterWithContentSettings
[22524:25852:0731/110046.160:VERBOSE1:components\signin\core\browser\account_reconcilor.cc:254] AccountReconcilor::RegisterWithIdentityManager
[22524:25852:0731/110046.163:VERBOSE1:components\proxy_config\pref_proxy_config_tracker_impl.cc:462] 0x9dc00124880: set chrome proxy config service to 0x9dc00182040
[22524:25852:0731/110046.163:VERBOSE1:chrome\browser\permissions\prediction_service\prediction_model_handler_provider_factory.cc:61] [PermissionsAI]: PredictionModelHandlerProviderFactory::BuildServiceInstanceForBrowserContext
[22524:25852:0731/110046.163:VERBOSE1:chrome\browser\permissions\prediction_service\prediction_model_handler_provider_factory.cc:98] [PermissionsAI]: PredictionModelHandlerProviderFactory::BuildServiceInstanceForBrowserContext PermissionsAIv4 not enabled, passage embedder not setup.
[22524:25852:0731/110046.163:VERBOSE1:chrome\browser\permissions\prediction_service\prediction_model_handler_provider.cc:55] [PermissionsAI] PredictionModelHandlerProvider ctor passage_embedder available: false
[22524:25852:0731/110046.163:VERBOSE1:chrome\browser\permissions\prediction_service\prediction_model_handler_provider.cc:58] [PermissionsAI] PredictionModelHandlerProvider ctor optimization_guide available: true
[22524:25852:0731/110046.164:VERBOSE1:google_apis\gaia\gaia_auth_util.cc:53] Canonicalized @gmail.com to @gmail.com
[22524:25852:0731/110046.164:VERBOSE1:google_apis\gaia\gaia_auth_util.cc:53] Canonicalized @gmail.com to @gmail.com
[22524:25852:0731/110046.164:VERBOSE1:components\signin\internal\identity_manager\mutable_profile_oauth2_token_service_delegate.cc:460] MutablePO2TS::RefreshTokenIsAvailable
[22524:14176:0731/110046.165:VERBOSE1:components\signin\public\webdata\token_service_table.cc:259] Loaded tokens: result = 3 ; number of tokens loaded = 0
[22524:25852:0731/110046.166:VERBOSE1:components\signin\internal\identity_manager\mutable_profile_oauth2_token_service_delegate.cc:460] MutablePO2TS::RefreshTokenIsAvailable
[22524:25852:0731/110046.166:VERBOSE1:components\actor\core\aggregated_journal.cc:145] [ActorTool]: GlicActorPolicyChecker::ComputeActOnWebCapability: outcome=kNo reasons=kAccountCapabilityIneligible 
[22524:25852:0731/110046.166:VERBOSE1:components\signin\internal\identity_manager\mutable_profile_oauth2_token_service_delegate.cc:460] MutablePO2TS::RefreshTokenIsAvailable
[22524:25852:0731/110046.166:VERBOSE1:components\signin\internal\identity_manager\mutable_profile_oauth2_token_service_delegate.cc:460] MutablePO2TS::RefreshTokenIsAvailable
[22524:25852:0731/110046.166:VERBOSE1:components\signin\internal\identity_manager\mutable_profile_oauth2_token_service_delegate.cc:460] MutablePO2TS::RefreshTokenIsAvailable
[22524:25852:0731/110046.166:VERBOSE1:components\signin\internal\identity_manager\mutable_profile_oauth2_token_service_delegate.cc:460] MutablePO2TS::RefreshTokenIsAvailable
[22524:25852:0731/110046.167:VERBOSE1:components\signin\internal\identity_manager\mutable_profile_oauth2_token_service_delegate.cc:460] MutablePO2TS::RefreshTokenIsAvailable
[22524:25852:0731/110046.168:VERBOSE1:components\segmentation_platform\internal\database\cached_result_provider.cc:54] CachedResultProvider loaded prefs with results from previous session: PredictionResult: timestamp: 13429981461152505 result 0: 0 for segmentation key shopping_user
[22524:25852:0731/110046.173:VERBOSE1:extensions\browser\extension_registrar.cc:549] AddComponentExtension Chrome PDF Viewer
[22524:25852:0731/110046.173:VERBOSE1:extensions\browser\extension_registrar.cc:549] AddComponentExtension Google Hangouts
[22524:18508:0731/110046.173:VERBOSE1:extensions\browser\content_verifier\content_verifier.cc:944] OnFetchComplete mhjfbmdgcfjbbpaeojofohoefgiehjai success:0
[22524:18508:0731/110046.174:VERBOSE1:extensions\browser\content_verifier\content_verifier.cc:944] OnFetchComplete nkeimhogjdpnpccoofpliimaahmaaome success:0
[22524:25852:0731/110046.174:VERBOSE1:extensions\browser\extension_registrar.cc:549] AddComponentExtension Google Network Speech
[22524:18508:0731/110046.174:VERBOSE1:extensions\browser\content_verifier\content_verifier.cc:944] OnFetchComplete fignfifoniblkonapihmkfakmlgkbkcf success:0
[22524:25852:0731/110046.180:VERBOSE1:components\signin\internal\identity_manager\mutable_profile_oauth2_token_service_delegate.cc:460] MutablePO2TS::RefreshTokenIsAvailable
[22524:25852:0731/110046.180:VERBOSE1:components\signin\internal\identity_manager\mutable_profile_oauth2_token_service_delegate.cc:460] MutablePO2TS::RefreshTokenIsAvailable
[22524:22208:0731/110046.181:WARNING:chrome\browser\extensions\external_pref_loader.cc:294] You are using an old-style extension deployment method (external_extensions.json), which will soon be deprecated. (see http://developer.chrome.com/docs/extensions/how-to/distribute/install-extensions)
[22524:25852:0731/110046.181:VERBOSE1:chrome\browser\profiles\profile_manager.cc:2061] ForceSigninCheck: 0, 0, 1
[22524:23484:0731/110046.182:VERBOSE1:components\component_updater\component_installer.cc:477] StartRegistration for Chrome Improved Recovery
[22524:19488:0731/110046.182:VERBOSE1:components\component_updater\component_installer.cc:477] StartRegistration for Widevine Content Decryption Module
[22524:25852:0731/110046.182:VERBOSE1:components\component_updater\installer_policies\on_device_head_suggest_component_installer.cc:59] On Device Head Component will fetch model for locale: ES500000
[22524:14176:0731/110046.182:VERBOSE1:components\component_updater\component_installer.cc:477] StartRegistration for Subresource Filter Rules
[22524:25852:0731/110046.182:VERBOSE1:chrome\browser\component_updater\trust_token_key_commitments_component_installer.cc:22] Registering Trust Token Key Commitments component.
[22524:17920:0731/110046.182:VERBOSE1:components\component_updater\component_installer.cc:477] StartRegistration for OnDeviceHeadSuggest
[22524:17756:0731/110046.182:VERBOSE1:components\component_updater\component_installer.cc:477] StartRegistration for Optimization Hints
[22524:25852:0731/110046.182:VERBOSE1:chrome\browser\component_updater\first_party_sets_component_installer.cc:46] Registering Related Website Sets component.
[22524:18324:0731/110046.182:VERBOSE1:components\component_updater\component_installer.cc:477] StartRegistration for Trust Token Key Commitments
[22524:25852:0731/110046.182:VERBOSE1:chrome\browser\component_updater\privacy_sandbox_attestations_component_installer.cc:181] Registering Privacy Sandbox Attestations component
[22524:25852:0731/110046.182:VERBOSE1:chrome\browser\component_updater\file_type_policies_component_installer.cc:126] Registering File Type Policies component.
[22524:11648:0731/110046.183:VERBOSE1:components\component_updater\component_installer.cc:477] StartRegistration for Privacy Sandbox Attestations
[22524:19488:0731/110046.183:VERBOSE1:components\component_updater\component_installer.cc:312] Preinstalled component found for Widevine Content Decryption Module at C:\Program Files\Google\Chrome\Application\150.0.7871.187\WidevineCdm with version 4.10.3050.0.
[22524:14176:0731/110046.183:VERBOSE1:components\component_updater\component_installer.cc:477] StartRegistration for Certificate Error Assistant
[22524:17756:0731/110046.183:VERBOSE1:components\component_updater\component_installer.cc:477] StartRegistration for File Type Policies
[22524:25852:0731/110046.183:VERBOSE1:chrome\browser\component_updater\hyphenation_component_installer.cc:148] Registering Hyphenation component.
[22524:23484:0731/110046.183:VERBOSE1:components\component_updater\component_installer.cc:477] StartRegistration for CRLSet
[22524:17920:0731/110046.183:VERBOSE1:components\component_updater\component_installer.cc:477] StartRegistration for Origin Trials
[22524:25852:0731/110046.183:VERBOSE1:components\component_updater\installer_policies\actor_safety_lists_component_installer.cc:140] Registering Actor Safety Lists Component.
[22524:25852:0731/110046.183:VERBOSE1:chrome\browser\component_updater\translate_kit_component_installer.cc:210] Registering TranslateKit component.
[22524:11648:0731/110046.183:VERBOSE1:components\component_updater\component_installer.cc:312] Preinstalled component found for Privacy Sandbox Attestations at C:\Program Files\Google\Chrome\Application\150.0.7871.187\PrivacySandboxAttestationsPreloaded with version 2025.7.18.0.
[22524:24420:0731/110046.183:VERBOSE1:components\component_updater\component_installer.cc:477] StartRegistration for MEI Preload
[22524:12884:0731/110046.183:VERBOSE1:components\component_updater\component_installer.cc:477] StartRegistration for PKI Metadata
[22524:25852:0731/110046.183:VERBOSE1:chrome\browser\component_updater\wasm_tts_engine_component_installer.cc:286] Registering WASM TTS Engine component.
[22524:19488:0731/110046.183:VERBOSE1:components\component_updater\component_installer.cc:477] StartRegistration for Safety Tips
[22524:25852:0731/110046.183:VERBOSE1:chrome\browser\component_updater\captcha_provider_component_installer.cc:175] Registering Captcha Provider component.
[22524:17756:0731/110046.183:VERBOSE1:components\component_updater\component_installer.cc:477] StartRegistration for Crowd Deny
[22524:17920:0731/110046.183:VERBOSE1:components\component_updater\component_installer.cc:477] StartRegistration for Hyphenation
[22524:4536:0731/110046.183:VERBOSE1:components\component_updater\component_installer.cc:477] StartRegistration for Zxcvbn Data Dictionaries
[22524:24420:0731/110046.184:VERBOSE1:components\component_updater\component_installer.cc:312] Preinstalled component found for MEI Preload at C:\Program Files\Google\Chrome\Application\150.0.7871.187\MEIPreload with version 1.0.7.1652906823.
[22524:23484:0731/110046.184:VERBOSE1:components\component_updater\component_installer.cc:477] StartRegistration for Actor Safety Lists
[22524:19488:0731/110046.184:VERBOSE1:components\component_updater\component_installer.cc:477] StartRegistration for Amount Extraction Heuristic Regexes
[22524:17756:0731/110046.184:VERBOSE1:components\component_updater\component_installer.cc:477] StartRegistration for WASM TTS Engine
[22524:11648:0731/110046.184:VERBOSE1:components\component_updater\component_installer.cc:477] StartRegistration for Captcha Providers
[22524:25852:0731/110046.184:VERBOSE1:chrome\browser\profiles\profile_manager.cc:1407] AddKeepAlive(Default, kBrowserWindow). keep_alives=[kWaitingForFirstBrowserWindow (1), kBrowserWindow (1)]
[22524:25852:0731/110046.184:VERBOSE1:chrome\browser\profiles\profile_manager.cc:1489] ClearFirstBrowserWindowKeepAlive(Default). keep_alives=[kBrowserWindow (1)]
[22524:25852:0731/110046.184:VERBOSE1:components\signin\internal\identity_manager\mutable_profile_oauth2_token_service_delegate.cc:460] MutablePO2TS::RefreshTokenIsAvailable
[22524:25852:0731/110046.184:VERBOSE1:components\signin\internal\identity_manager\mutable_profile_oauth2_token_service_delegate.cc:460] MutablePO2TS::RefreshTokenIsAvailable
[22524:25852:0731/110046.185:VERBOSE1:components\signin\internal\identity_manager\mutable_profile_oauth2_token_service_delegate.cc:460] MutablePO2TS::RefreshTokenIsAvailable
[22524:22208:0731/110046.186:VERBOSE1:components\sessions\core\command_storage_backend.cc:596] CommandStorageBackend::ReadLastSessionCommands, reading from: C:\tmp\chrome-profile\Default\Sessions\Tabs_13429987153940169 encrypted: 0
[22524:25852:0731/110046.191:VERBOSE1:components\signin\internal\identity_manager\mutable_profile_oauth2_token_service_delegate.cc:460] MutablePO2TS::RefreshTokenIsAvailable
[22524:25852:0731/110046.192:VERBOSE1:components\signin\internal\identity_manager\mutable_profile_oauth2_token_service_delegate.cc:460] MutablePO2TS::RefreshTokenIsAvailable
[22524:25852:0731/110046.216:VERBOSE1:components\signin\internal\identity_manager\mutable_profile_oauth2_token_service_delegate.cc:460] MutablePO2TS::RefreshTokenIsAvailable
[22524:25852:0731/110046.222:VERBOSE1:components\signin\internal\identity_manager\mutable_profile_oauth2_token_service_delegate.cc:460] MutablePO2TS::RefreshTokenIsAvailable
[22524:25852:0731/110046.231:VERBOSE1:chrome\browser\ui\views\omnibox\omnibox_popup_closer.cc:65] Closing omnibox popup with reason: kRevertAll
[22524:25852:0731/110046.232:VERBOSE1:chrome\browser\ui\views\omnibox\omnibox_popup_closer.cc:65] Closing omnibox popup with reason: kBrowserWidgetMoved
[22524:25852:0731/110046.237:VERBOSE1:chrome\browser\profiles\profile_manager.cc:1407] AddKeepAlive(Default, kHeadlessCommand). keep_alives=[kBrowserWindow (1), kHeadlessCommand (1)]
[22524:25852:0731/110046.240:VERBOSE1:components\signin\internal\identity_manager\mutable_profile_oauth2_token_service_delegate.cc:460] MutablePO2TS::RefreshTokenIsAvailable
[22524:25852:0731/110046.241:VERBOSE1:components\signin\internal\identity_manager\mutable_profile_oauth2_token_service_delegate.cc:460] MutablePO2TS::RefreshTokenIsAvailable
[22524:25852:0731/110046.250:VERBOSE1:components\signin\internal\identity_manager\mutable_profile_oauth2_token_service_delegate.cc:658] MutablePO2TS::OnWebDataServiceRequestDone. Result type: 6
[22524:25852:0731/110046.250:VERBOSE1:components\signin\internal\identity_manager\mutable_profile_oauth2_token_service_delegate.cc:720] MutablePO2TS::LoadAllCredentialsIntoMemory; 0 credential(s).
[22524:25852:0731/110046.250:VERBOSE1:components\signin\internal\identity_manager\mutable_profile_oauth2_token_service_delegate.cc:460] MutablePO2TS::RefreshTokenIsAvailable
[22524:25852:0731/110046.250:VERBOSE1:google_apis\gaia\gaia_auth_util.cc:53] Canonicalized @gmail.com to @gmail.com
[22524:25852:0731/110046.250:VERBOSE1:google_apis\gaia\gaia_auth_util.cc:53] Canonicalized @gmail.com to @gmail.com
[22524:25852:0731/110046.250:VERBOSE1:components\signin\internal\identity_manager\mutable_profile_oauth2_token_service_delegate.cc:460] MutablePO2TS::RefreshTokenIsAvailable
[22524:25852:0731/110046.250:VERBOSE1:components\signin\internal\identity_manager\mutable_profile_oauth2_token_service_delegate.cc:460] MutablePO2TS::RefreshTokenIsAvailable
[22524:25852:0731/110046.250:VERBOSE1:components\signin\internal\identity_manager\mutable_profile_oauth2_token_service_delegate.cc:460] MutablePO2TS::RefreshTokenIsAvailable
[22524:25852:0731/110046.250:VERBOSE1:components\signin\internal\identity_manager\mutable_profile_oauth2_token_service_delegate.cc:460] MutablePO2TS::RefreshTokenIsAvailable
[22524:25852:0731/110046.251:VERBOSE1:components\signin\internal\identity_manager\mutable_profile_oauth2_token_service_delegate.cc:460] MutablePO2TS::RefreshTokenIsAvailable
[22524:25852:0731/110046.251:VERBOSE1:components\signin\internal\identity_manager\mutable_profile_oauth2_token_service_delegate.cc:460] MutablePO2TS::RefreshTokenIsAvailable
[22524:25852:0731/110046.251:VERBOSE1:components\signin\internal\identity_manager\mutable_profile_oauth2_token_service_delegate.cc:460] MutablePO2TS::RefreshTokenIsAvailable
[22524:25852:0731/110046.251:VERBOSE1:components\signin\internal\identity_manager\mutable_profile_oauth2_token_service_delegate.cc:460] MutablePO2TS::RefreshTokenIsAvailable
[22524:25852:0731/110046.251:VERBOSE1:components\signin\internal\identity_manager\mutable_profile_oauth2_token_service_delegate.cc:460] MutablePO2TS::RefreshTokenIsAvailable
[22524:25852:0731/110046.251:VERBOSE1:components\signin\internal\identity_manager\mutable_profile_oauth2_token_service_delegate.cc:460] MutablePO2TS::RefreshTokenIsAvailable
[22524:25852:0731/110046.251:VERBOSE1:components\signin\core\browser\account_reconcilor.cc:339] AccountReconcilor::OnEndBatchOfRefreshTokenStateChanges. Reconcilor state: 1
[22524:25852:0731/110046.253:WARNING:chrome\browser\extensions\external_registry_loader_win.cc:236] Error observing HKLM: Acceso denegado. (0x5)
[22524:25852:0731/110046.253:VERBOSE1:chrome\browser\profiles\profile_manager.cc:1407] AddKeepAlive(Default, kExtensionUpdater). keep_alives=[kBrowserWindow (1), kExtensionUpdater (1), kHeadlessCommand (1)]
[22524:25852:0731/110046.254:VERBOSE1:components\component_updater\component_installer.cc:548] FinishRegistration for Subresource Filter Rules
[22524:25852:0731/110046.254:VERBOSE1:components\component_updater\component_updater_service.cc:177] CrxUpdateService starting up. First update attempt will take place in 60 s seconds. Next update attempt will take place in 18000 s seconds. 
[22524:25852:0731/110046.254:VERBOSE1:components\component_updater\component_installer.cc:548] FinishRegistration for Optimization Hints
[22524:25852:0731/110046.254:VERBOSE1:components\component_updater\component_installer.cc:548] FinishRegistration for Chrome Improved Recovery
[22524:25852:0731/110046.254:VERBOSE1:components\component_updater\component_installer.cc:548] FinishRegistration for OnDeviceHeadSuggest
[22524:25852:0731/110046.254:VERBOSE1:components\component_updater\component_installer.cc:548] FinishRegistration for Widevine Content Decryption Module
[22524:25852:0731/110046.254:VERBOSE1:components\component_updater\component_installer.cc:589] Component ready, version 4.10.3050.0 in C:\Program Files\Google\Chrome\Application\150.0.7871.187\WidevineCdm
[22524:25852:0731/110046.254:VERBOSE1:components\component_updater\component_installer.cc:548] FinishRegistration for File Type Policies
[22524:25852:0731/110046.254:VERBOSE1:components\component_updater\component_installer.cc:548] FinishRegistration for CRLSet
[22524:25852:0731/110046.254:VERBOSE1:components\component_updater\component_installer.cc:548] FinishRegistration for Origin Trials
[22524:25852:0731/110046.254:VERBOSE1:components\component_updater\component_installer.cc:548] FinishRegistration for Safety Tips
[22524:25852:0731/110046.254:VERBOSE1:components\component_updater\component_installer.cc:548] FinishRegistration for Crowd Deny
[22524:25852:0731/110046.254:VERBOSE1:components\component_updater\component_installer.cc:548] FinishRegistration for Privacy Sandbox Attestations
[22524:25852:0731/110046.254:VERBOSE1:components\component_updater\component_installer.cc:589] Component ready, version 2025.7.18.0 in C:\Program Files\Google\Chrome\Application\150.0.7871.187\PrivacySandboxAttestationsPreloaded
[22524:25852:0731/110046.254:VERBOSE1:chrome\browser\component_updater\privacy_sandbox_attestations_component_installer.cc:111] Privacy Sandbox Attestations Component ready, version 2025.7.18.0 in C:\Program Files\Google\Chrome\Application\150.0.7871.187\PrivacySandboxAttestationsPreloaded
[22524:25852:0731/110046.254:VERBOSE1:chrome\browser\component_updater\privacy_sandbox_attestations_component_installer.cc:188] Received privacy sandbox attestations file
[22524:25852:0731/110046.255:VERBOSE1:components\component_updater\component_installer.cc:548] FinishRegistration for Trust Token Key Commitments
[22524:25852:0731/110046.255:VERBOSE1:components\component_updater\component_installer.cc:548] FinishRegistration for Zxcvbn Data Dictionaries
[22524:25852:0731/110046.255:VERBOSE1:components\component_updater\component_installer.cc:548] FinishRegistration for Certificate Error Assistant
[22524:25852:0731/110046.255:VERBOSE1:components\component_updater\component_installer.cc:548] FinishRegistration for MEI Preload
[22524:25852:0731/110046.255:VERBOSE1:components\component_updater\component_installer.cc:589] Component ready, version 1.0.7.1652906823 in C:\Program Files\Google\Chrome\Application\150.0.7871.187\MEIPreload
[22524:25852:0731/110046.255:VERBOSE1:components\component_updater\component_installer.cc:548] FinishRegistration for Actor Safety Lists
[22524:25852:0731/110046.255:VERBOSE1:components\component_updater\component_installer.cc:548] FinishRegistration for PKI Metadata
[22524:25852:0731/110046.255:VERBOSE1:components\component_updater\component_installer.cc:548] FinishRegistration for Amount Extraction Heuristic Regexes
[22524:25852:0731/110046.255:VERBOSE1:components\component_updater\component_installer.cc:548] FinishRegistration for Hyphenation
[22524:25852:0731/110046.255:VERBOSE1:components\component_updater\component_installer.cc:548] FinishRegistration for Captcha Providers
[22524:25852:0731/110046.255:VERBOSE1:components\component_updater\component_installer.cc:548] FinishRegistration for WASM TTS Engine
[22524:25852:0731/110046.256:VERBOSE1:chrome\browser\local_discovery\service_discovery_device_lister.cc:36] DeviceListerStart: service_type: _googlecast._tcp.local
[22524:25852:0731/110046.256:VERBOSE1:chrome\browser\local_discovery\service_discovery_device_lister.cc:42] DiscoverNewDevices: service_type: _googlecast._tcp.local
[22524:25852:0731/110046.269:VERBOSE1:chrome\browser\component_updater\widevine_cdm_component_installer.cc:94] Registering Widevine CDM 4.10.3050.0 with Chrome
[22524:25852:0731/110046.269:VERBOSE1:components\privacy_sandbox\privacy_sandbox_attestations\privacy_sandbox_attestations.cc:480] Parsed Privacy Sandbox Attestation list version: 2025.7.18.0
[22524:25852:0731/110046.269:VERBOSE1:components\privacy_sandbox\privacy_sandbox_attestations\privacy_sandbox_attestations.cc:482] Number of attestation entries: 263
[22524:25852:0731/110046.270:VERBOSE1:components\signin\internal\identity_manager\mutable_profile_oauth2_token_service_delegate.cc:460] MutablePO2TS::RefreshTokenIsAvailable
[22524:25852:0731/110046.277:VERBOSE1:chrome\browser\web_applications\locks\partitioned_lock_manager.cc:262] Acquiring <PartitionedLockId>{id: 0x31, partition: 0} for ApplyRunOnOsLoginPolicySettings@chrome\browser\web_applications\policy\web_app_policy_manager.cc:594
[22524:25852:0731/110046.277:VERBOSE1:chrome\browser\web_applications\locks\partitioned_lock_manager.cc:262] Acquiring <PartitionedLockId>{id: 0x61676862696168627061696a69676e6365696465706f6f6b6c6a65626866616b, partition: 1} for ApplyRunOnOsLoginPolicySettings@chrome\browser\web_applications\policy\web_app_policy_manager.cc:594
[22524:25852:0731/110046.277:VERBOSE1:chrome\browser\web_applications\locks\partitioned_lock_manager.cc:243] All locks acquired for ApplyRunOnOsLoginPolicySettings@chrome\browser\web_applications\policy\web_app_policy_manager.cc:594
[22524:25852:0731/110046.277:VERBOSE1:chrome\browser\web_applications\locks\partitioned_lock_manager.cc:262] Acquiring <PartitionedLockId>{id: 0x31, partition: 0} for ApplyRunOnOsLoginPolicySettings@chrome\browser\web_applications\policy\web_app_policy_manager.cc:594
[22524:25852:0731/110046.277:VERBOSE1:chrome\browser\web_applications\locks\partitioned_lock_manager.cc:262] Acquiring <PartitionedLockId>{id: 0x6167696d6e6b696a636161686e6763646d6665616e67616b6e6d6c646f6f6d6c, partition: 1} for ApplyRunOnOsLoginPolicySettings@chrome\browser\web_applications\policy\web_app_policy_manager.cc:594
[22524:25852:0731/110046.277:VERBOSE1:chrome\browser\web_applications\locks\partitioned_lock_manager.cc:243] All locks acquired for ApplyRunOnOsLoginPolicySettings@chrome\browser\web_applications\policy\web_app_policy_manager.cc:594
[22524:25852:0731/110046.277:VERBOSE1:chrome\browser\web_applications\locks\partitioned_lock_manager.cc:262] Acquiring <PartitionedLockId>{id: 0x31, partition: 0} for ApplyRunOnOsLoginPolicySettings@chrome\browser\web_applications\policy\web_app_policy_manager.cc:594
[22524:25852:0731/110046.277:VERBOSE1:chrome\browser\web_applications\locks\partitioned_lock_manager.cc:262] Acquiring <PartitionedLockId>{id: 0x6668696870696f6a6b626d6270646a656f616a61706d676b686c6e616b666a66, partition: 1} for ApplyRunOnOsLoginPolicySettings@chrome\browser\web_applications\policy\web_app_policy_manager.cc:594
[22524:25852:0731/110046.277:VERBOSE1:chrome\browser\web_applications\locks\partitioned_lock_manager.cc:243] All locks acquired for ApplyRunOnOsLoginPolicySettings@chrome\browser\web_applications\policy\web_app_policy_manager.cc:594
[22524:25852:0731/110046.277:VERBOSE1:chrome\browser\web_applications\locks\partitioned_lock_manager.cc:262] Acquiring <PartitionedLockId>{id: 0x31, partition: 0} for ApplyRunOnOsLoginPolicySettings@chrome\browser\web_applications\policy\web_app_policy_manager.cc:594
[22524:25852:0731/110046.278:VERBOSE1:chrome\browser\web_applications\locks\partitioned_lock_manager.cc:262] Acquiring <PartitionedLockId>{id: 0x666d676a6a6d6d6d6c666e6b6270706e636162666b6464626a696d63666e636d, partition: 1} for ApplyRunOnOsLoginPolicySettings@chrome\browser\web_applications\policy\web_app_policy_manager.cc:594
[22524:25852:0731/110046.278:VERBOSE1:chrome\browser\web_applications\locks\partitioned_lock_manager.cc:243] All locks acquired for ApplyRunOnOsLoginPolicySettings@chrome\browser\web_applications\policy\web_app_policy_manager.cc:594
[22524:25852:0731/110046.278:VERBOSE1:chrome\browser\web_applications\locks\partitioned_lock_manager.cc:262] Acquiring <PartitionedLockId>{id: 0x31, partition: 0} for ApplyRunOnOsLoginPolicySettings@chrome\browser\web_applications\policy\web_app_policy_manager.cc:594
[22524:25852:0731/110046.278:VERBOSE1:chrome\browser\web_applications\locks\partitioned_lock_manager.cc:262] Acquiring <PartitionedLockId>{id: 0x6b65666a6c65646f6e6b6c696a6f706d6e6f6d6c6362706c6c63686169626167, partition: 1} for ApplyRunOnOsLoginPolicySettings@chrome\browser\web_applications\policy\web_app_policy_manager.cc:594
[22524:25852:0731/110046.278:VERBOSE1:chrome\browser\web_applications\locks\partitioned_lock_manager.cc:243] All locks acquired for ApplyRunOnOsLoginPolicySettings@chrome\browser\web_applications\policy\web_app_policy_manager.cc:594
[22524:25852:0731/110046.278:VERBOSE1:chrome\browser\web_applications\locks\partitioned_lock_manager.cc:262] Acquiring <PartitionedLockId>{id: 0x31, partition: 0} for ApplyRunOnOsLoginPolicySettings@chrome\browser\web_applications\policy\web_app_policy_manager.cc:594
[22524:25852:0731/110046.278:VERBOSE1:chrome\browser\web_applications\locks\partitioned_lock_manager.cc:262] Acquiring <PartitionedLockId>{id: 0x6d706e706f6a6b6e706d6d6f706f6d626e6a646367616169656b616a626e6a62, partition: 1} for ApplyRunOnOsLoginPolicySettings@chrome\browser\web_applications\policy\web_app_policy_manager.cc:594
[22524:25852:0731/110046.278:VERBOSE1:chrome\browser\web_applications\locks\partitioned_lock_manager.cc:243] All locks acquired for ApplyRunOnOsLoginPolicySettings@chrome\browser\web_applications\policy\web_app_policy_manager.cc:594
[22524:25852:0731/110046.278:VERBOSE1:chrome\browser\web_applications\locks\partitioned_lock_manager.cc:262] Acquiring <PartitionedLockId>{id: 0x31, partition: 0} for ApplyRunOnOsLoginPolicySettings@chrome\browser\web_applications\policy\web_app_policy_manager.cc:594
[22524:25852:0731/110046.278:VERBOSE1:chrome\browser\web_applications\locks\partitioned_lock_manager.cc:262] Acquiring <PartitionedLockId>{id: 0x706f6d6d61636c6362666768636c68616c626f616b636970636d6d6e6468636a, partition: 1} for ApplyRunOnOsLoginPolicySettings@chrome\browser\web_applications\policy\web_app_policy_manager.cc:594
[22524:25852:0731/110046.278:VERBOSE1:chrome\browser\web_applications\locks\partitioned_lock_manager.cc:243] All locks acquired for ApplyRunOnOsLoginPolicySettings@chrome\browser\web_applications\policy\web_app_policy_manager.cc:594
[22524:25852:0731/110046.284:VERBOSE1:components\segmentation_platform\internal\signals\signal_filter_processor.cc:61] Segmentation platform started observing Session.TotalDuration
[22524:25852:0731/110046.284:VERBOSE1:components\segmentation_platform\internal\signals\signal_filter_processor.cc:61] Segmentation platform started observing Commerce.PriceDrops.ActiveTabNavigationComplete.IsProductDetailPage
[22524:25852:0731/110046.284:VERBOSE1:components\segmentation_platform\internal\signals\signal_filter_processor.cc:54] Segmentation platform started observing Autofill_PolledCreditCardSuggestions
[22524:25852:0731/110046.284:VERBOSE1:components\segmentation_platform\internal\signals\signal_filter_processor.cc:61] Segmentation platform started observing IOS.ParcelTracking.Tracked.AutoTrack
[22524:25852:0731/110046.284:VERBOSE1:components\segmentation_platform\internal\signals\signal_filter_processor.cc:61] Segmentation platform started observing Omnibox.SuggestionUsed.ClientSummarizedResultType
[22524:25852:0731/110046.284:VERBOSE1:components\segmentation_platform\internal\signals\signal_filter_processor.cc:54] Segmentation platform started observing MetadataWriter
[22524:25852:0731/110046.284:VERBOSE1:components\segmentation_platform\internal\signals\signal_filter_processor.cc:61] Segmentation platform started observing Sync.DeviceCount2
[22524:25852:0731/110046.284:VERBOSE1:components\segmentation_platform\internal\signals\signal_filter_processor.cc:61] Segmentation platform started observing Sync.DeviceCount2.Phone
[22524:25852:0731/110046.284:VERBOSE1:components\segmentation_platform\internal\signals\signal_filter_processor.cc:61] Segmentation platform started observing Sync.DeviceCount2.Desktop
[22524:25852:0731/110046.284:VERBOSE1:components\segmentation_platform\internal\signals\signal_filter_processor.cc:61] Segmentation platform started observing Sync.DeviceCount2.Tablet
[22524:25852:0731/110046.284:VERBOSE1:components\segmentation_platform\internal\signals\signal_filter_processor.cc:54] Segmentation platform started observing MobileBookmarkManagerOpen
[22524:25852:0731/110046.284:VERBOSE1:components\segmentation_platform\internal\signals\signal_filter_processor.cc:54] Segmentation platform started observing NewTabPage.MostVisited.Clicked
[22524:25852:0731/110046.284:VERBOSE1:components\segmentation_platform\internal\signals\signal_filter_processor.cc:54] Segmentation platform started observing TabGroup.Created.OpenInNewTab
[22524:25852:0731/110046.284:VERBOSE1:components\segmentation_platform\internal\signals\signal_filter_processor.cc:54] Segmentation platform started observing Android.HistoryPage.OpenItem
[22524:25852:0731/110046.284:VERBOSE1:components\segmentation_platform\internal\signals\signal_filter_processor.cc:54] Segmentation platform started observing MobileMenuRecentTabs
[22524:25852:0731/110046.284:VERBOSE1:components\segmentation_platform\internal\signals\signal_filter_processor.cc:61] Segmentation platform started observing PasswordManager.ManagePasswordsReferrer
[22524:25852:0731/110046.284:VERBOSE1:components\segmentation_platform\internal\signals\signal_filter_processor.cc:61] Segmentation platform started observing PasswordManager.ProfileStore.TotalAccountsHiRes3.WithScheme.Https
[22524:25852:0731/110046.284:VERBOSE1:components\segmentation_platform\internal\signals\signal_filter_processor.cc:61] Segmentation platform started observing PasswordManager.FillingAssistance
[22524:25852:0731/110046.284:VERBOSE1:components\segmentation_platform\internal\signals\signal_filter_processor.cc:61] Segmentation platform started observing PasswordManager.SavedPasswordIsGenerated
[22524:25852:0731/110046.284:VERBOSE1:components\segmentation_platform\internal\signals\signal_filter_processor.cc:61] Segmentation platform started observing PasswordManager.SaveUIDismissalReason
[22524:25852:0731/110046.284:VERBOSE1:components\segmentation_platform\internal\signals\signal_filter_processor.cc:61] Segmentation platform started observing PasswordManager.SaveUIDismissalReason
[22524:25852:0731/110046.284:VERBOSE1:components\segmentation_platform\internal\signals\signal_filter_processor.cc:61] Segmentation platform started observing IOS.CredentialExtension.IsEnabled.Startup
[22524:25852:0731/110046.284:VERBOSE1:components\segmentation_platform\internal\signals\signal_filter_processor.cc:61] Segmentation platform started observing Session.TotalDuration
[22524:25852:0731/110046.285:VERBOSE1:chrome\browser\profiles\profile_manager.cc:1407] AddKeepAlive(Default, kWebAppUpdate). keep_alives=[kBrowserWindow (1), kExtensionUpdater (1), kWebAppUpdate (1), kHeadlessCommand (1)]
[22524:25852:0731/110046.285:VERBOSE1:chrome\browser\web_applications\locks\partitioned_lock_manager.cc:286] Releasing <PartitionedLockId>{id: 0x61676862696168627061696a69676e6365696465706f6f6b6c6a65626866616b, partition: 1} requested by ApplyRunOnOsLoginPolicySettings@chrome\browser\web_applications\policy\web_app_policy_manager.cc:594
[22524:25852:0731/110046.285:VERBOSE1:chrome\browser\web_applications\locks\partitioned_lock_manager.cc:286] Releasing <PartitionedLockId>{id: 0x31, partition: 0} requested by ApplyRunOnOsLoginPolicySettings@chrome\browser\web_applications\policy\web_app_policy_manager.cc:594
[22524:25852:0731/110046.286:VERBOSE1:chrome\browser\profiles\profile_manager.cc:1407] AddKeepAlive(Default, kWebAppUpdate). keep_alives=[kBrowserWindow (1), kExtensionUpdater (1), kWebAppUpdate (2), kHeadlessCommand (1)]
[22524:25852:0731/110046.286:VERBOSE1:chrome\browser\web_applications\locks\partitioned_lock_manager.cc:286] Releasing <PartitionedLockId>{id: 0x6167696d6e6b696a636161686e6763646d6665616e67616b6e6d6c646f6f6d6c, partition: 1} requested by ApplyRunOnOsLoginPolicySettings@chrome\browser\web_applications\policy\web_app_policy_manager.cc:594
[22524:25852:0731/110046.286:VERBOSE1:chrome\browser\web_applications\locks\partitioned_lock_manager.cc:286] Releasing <PartitionedLockId>{id: 0x31, partition: 0} requested by ApplyRunOnOsLoginPolicySettings@chrome\browser\web_applications\policy\web_app_policy_manager.cc:594
[22524:25852:0731/110046.286:VERBOSE1:chrome\browser\profiles\profile_manager.cc:1407] AddKeepAlive(Default, kWebAppUpdate). keep_alives=[kBrowserWindow (1), kExtensionUpdater (1), kWebAppUpdate (3), kHeadlessCommand (1)]
[22524:25852:0731/110046.286:VERBOSE1:chrome\browser\web_applications\locks\partitioned_lock_manager.cc:286] Releasing <PartitionedLockId>{id: 0x6668696870696f6a6b626d6270646a656f616a61706d676b686c6e616b666a66, partition: 1} requested by ApplyRunOnOsLoginPolicySettings@chrome\browser\web_applications\policy\web_app_policy_manager.cc:594
[22524:25852:0731/110046.286:VERBOSE1:chrome\browser\web_applications\locks\partitioned_lock_manager.cc:286] Releasing <PartitionedLockId>{id: 0x31, partition: 0} requested by ApplyRunOnOsLoginPolicySettings@chrome\browser\web_applications\policy\web_app_policy_manager.cc:594
[22524:25852:0731/110046.286:VERBOSE1:chrome\browser\profiles\profile_manager.cc:1407] AddKeepAlive(Default, kWebAppUpdate). keep_alives=[kBrowserWindow (1), kExtensionUpdater (1), kWebAppUpdate (4), kHeadlessCommand (1)]
[22524:25852:0731/110046.286:VERBOSE1:chrome\browser\web_applications\locks\partitioned_lock_manager.cc:286] Releasing <PartitionedLockId>{id: 0x666d676a6a6d6d6d6c666e6b6270706e636162666b6464626a696d63666e636d, partition: 1} requested by ApplyRunOnOsLoginPolicySettings@chrome\browser\web_applications\policy\web_app_policy_manager.cc:594
[22524:25852:0731/110046.286:VERBOSE1:chrome\browser\web_applications\locks\partitioned_lock_manager.cc:286] Releasing <PartitionedLockId>{id: 0x31, partition: 0} requested by ApplyRunOnOsLoginPolicySettings@chrome\browser\web_applications\policy\web_app_policy_manager.cc:594
[22524:25852:0731/110046.286:VERBOSE1:chrome\browser\profiles\profile_manager.cc:1407] AddKeepAlive(Default, kWebAppUpdate). keep_alives=[kBrowserWindow (1), kExtensionUpdater (1), kWebAppUpdate (5), kHeadlessCommand (1)]
[22524:25852:0731/110046.286:VERBOSE1:chrome\browser\web_applications\locks\partitioned_lock_manager.cc:286] Releasing <PartitionedLockId>{id: 0x6b65666a6c65646f6e6b6c696a6f706d6e6f6d6c6362706c6c63686169626167, partition: 1} requested by ApplyRunOnOsLoginPolicySettings@chrome\browser\web_applications\policy\web_app_policy_manager.cc:594
[22524:25852:0731/110046.286:VERBOSE1:chrome\browser\web_applications\locks\partitioned_lock_manager.cc:286] Releasing <PartitionedLockId>{id: 0x31, partition: 0} requested by ApplyRunOnOsLoginPolicySettings@chrome\browser\web_applications\policy\web_app_policy_manager.cc:594
[22524:25852:0731/110046.286:VERBOSE1:chrome\browser\profiles\profile_manager.cc:1407] AddKeepAlive(Default, kWebAppUpdate). keep_alives=[kBrowserWindow (1), kExtensionUpdater (1), kWebAppUpdate (6), kHeadlessCommand (1)]
[22524:25852:0731/110046.287:VERBOSE1:chrome\browser\web_applications\locks\partitioned_lock_manager.cc:286] Releasing <PartitionedLockId>{id: 0x6d706e706f6a6b6e706d6d6f706f6d626e6a646367616169656b616a626e6a62, partition: 1} requested by ApplyRunOnOsLoginPolicySettings@chrome\browser\web_applications\policy\web_app_policy_manager.cc:594
[22524:25852:0731/110046.287:VERBOSE1:chrome\browser\web_applications\locks\partitioned_lock_manager.cc:286] Releasing <PartitionedLockId>{id: 0x31, partition: 0} requested by ApplyRunOnOsLoginPolicySettings@chrome\browser\web_applications\policy\web_app_policy_manager.cc:594
[22524:25852:0731/110046.287:VERBOSE1:chrome\browser\profiles\profile_manager.cc:1407] AddKeepAlive(Default, kWebAppUpdate). keep_alives=[kBrowserWindow (1), kExtensionUpdater (1), kWebAppUpdate (7), kHeadlessCommand (1)]
[22524:25852:0731/110046.287:VERBOSE1:chrome\browser\web_applications\locks\partitioned_lock_manager.cc:286] Releasing <PartitionedLockId>{id: 0x706f6d6d61636c6362666768636c68616c626f616b636970636d6d6e6468636a, partition: 1} requested by ApplyRunOnOsLoginPolicySettings@chrome\browser\web_applications\policy\web_app_policy_manager.cc:594
[22524:25852:0731/110046.287:VERBOSE1:chrome\browser\web_applications\locks\partitioned_lock_manager.cc:286] Releasing <PartitionedLockId>{id: 0x31, partition: 0} requested by ApplyRunOnOsLoginPolicySettings@chrome\browser\web_applications\policy\web_app_policy_manager.cc:594
[22524:25852:0731/110046.287:VERBOSE1:chrome\browser\web_applications\locks\partitioned_lock_manager.cc:318] Acquiring <PartitionedLockId>{id: 0x31, partition: 0} for SynchronizeInstalledApps@chrome\browser\web_applications\externally_managed_app_manager.cc:186
[22524:25852:0731/110046.287:VERBOSE1:chrome\browser\web_applications\locks\partitioned_lock_manager.cc:243] All locks acquired for SynchronizeInstalledApps@chrome\browser\web_applications\externally_managed_app_manager.cc:186
[22524:25852:0731/110046.291:VERBOSE1:chrome\browser\profiles\profile_manager.cc:1468] RemoveKeepAlive(Default, kWebAppUpdate). keep_alives=[kBrowserWindow (1), kExtensionUpdater (1), kWebAppUpdate (6), kHeadlessCommand (1)]
[22524:25852:0731/110046.291:VERBOSE1:chrome\browser\profiles\profile_manager.cc:1468] RemoveKeepAlive(Default, kWebAppUpdate). keep_alives=[kBrowserWindow (1), kExtensionUpdater (1), kWebAppUpdate (5), kHeadlessCommand (1)]
[22524:25852:0731/110046.291:VERBOSE1:chrome\browser\profiles\profile_manager.cc:1468] RemoveKeepAlive(Default, kWebAppUpdate). keep_alives=[kBrowserWindow (1), kExtensionUpdater (1), kWebAppUpdate (4), kHeadlessCommand (1)]
[22524:25852:0731/110046.291:VERBOSE1:chrome\browser\profiles\profile_manager.cc:1468] RemoveKeepAlive(Default, kWebAppUpdate). keep_alives=[kBrowserWindow (1), kExtensionUpdater (1), kWebAppUpdate (3), kHeadlessCommand (1)]
[22524:25852:0731/110046.291:VERBOSE1:chrome\browser\profiles\profile_manager.cc:1468] RemoveKeepAlive(Default, kWebAppUpdate). keep_alives=[kBrowserWindow (1), kExtensionUpdater (1), kWebAppUpdate (2), kHeadlessCommand (1)]
[22524:25852:0731/110046.291:VERBOSE1:chrome\browser\profiles\profile_manager.cc:1468] RemoveKeepAlive(Default, kWebAppUpdate). keep_alives=[kBrowserWindow (1), kExtensionUpdater (1), kWebAppUpdate (1), kHeadlessCommand (1)]
[22524:25852:0731/110046.297:VERBOSE1:chrome\browser\profiles\profile_manager.cc:1468] RemoveKeepAlive(Default, kWebAppUpdate). keep_alives=[kBrowserWindow (1), kExtensionUpdater (1), kHeadlessCommand (1)]
[22524:25852:0731/110046.298:VERBOSE1:chrome\browser\web_applications\locks\partitioned_lock_manager.cc:286] Releasing <PartitionedLockId>{id: 0x31, partition: 0} requested by SynchronizeInstalledApps@chrome\browser\web_applications\externally_managed_app_manager.cc:186
[22524:25852:0731/110046.298:VERBOSE1:chrome\browser\web_applications\locks\partitioned_lock_manager.cc:318] Acquiring <PartitionedLockId>{id: 0x31, partition: 0} for Start@chrome\browser\web_applications\generated_icon_fix_manager.cc:61
[22524:25852:0731/110046.298:VERBOSE1:chrome\browser\web_applications\locks\partitioned_lock_manager.cc:243] All locks acquired for Start@chrome\browser\web_applications\generated_icon_fix_manager.cc:61
[22524:25852:0731/110046.308:VERBOSE1:chrome\browser\web_applications\locks\partitioned_lock_manager.cc:286] Releasing <PartitionedLockId>{id: 0x31, partition: 0} requested by Start@chrome\browser\web_applications\generated_icon_fix_manager.cc:61
[22524:25852:0731/110046.308:VERBOSE1:chrome\browser\web_applications\locks\partitioned_lock_manager.cc:318] Acquiring <PartitionedLockId>{id: 0x31, partition: 0} for OnSyncBridgeReady@chrome\browser\web_applications\web_app_provider.cc:562
[22524:25852:0731/110046.308:VERBOSE1:chrome\browser\web_applications\locks\partitioned_lock_manager.cc:243] All locks acquired for OnSyncBridgeReady@chrome\browser\web_applications\web_app_provider.cc:562
[22524:25852:0731/110046.311:VERBOSE1:chrome\browser\web_applications\locks\partitioned_lock_manager.cc:286] Releasing <PartitionedLockId>{id: 0x31, partition: 0} requested by OnSyncBridgeReady@chrome\browser\web_applications\web_app_provider.cc:562
[22524:25852:0731/110046.321:VERBOSE1:components\signin\internal\identity_manager\mutable_profile_oauth2_token_service_delegate.cc:460] MutablePO2TS::RefreshTokenIsAvailable
[22524:25852:0731/110046.321:VERBOSE1:components\signin\internal\identity_manager\mutable_profile_oauth2_token_service_delegate.cc:460] MutablePO2TS::RefreshTokenIsAvailable
[22524:25852:0731/110046.325:VERBOSE1:chrome\browser\enterprise\data_protection\data_protection_navigation_observer.cc:227] enterprise.data_protection: same document navigation: 0
[22524:25852:0731/110046.325:VERBOSE1:chrome\browser\enterprise\data_protection\data_protection_navigation_observer.cc:229] enterprise.data_protection: URL to scan: about:blank
[22524:25852:0731/110046.335:VERBOSE1:chrome\browser\ui\views\omnibox\omnibox_popup_closer.cc:65] Closing omnibox popup with reason: kRevertAll
[22524:25852:0731/110046.341:VERBOSE1:chrome\browser\ui\views\omnibox\omnibox_popup_closer.cc:65] Closing omnibox popup with reason: kBlur
[22524:25852:0731/110046.361:VERBOSE1:chrome\browser\enterprise\data_protection\data_protection_navigation_observer.cc:227] enterprise.data_protection: same document navigation: 0
[22524:25852:0731/110046.361:VERBOSE1:chrome\browser\enterprise\data_protection\data_protection_navigation_observer.cc:229] enterprise.data_protection: URL to scan: http://localhost:3000/contact
[22524:25852:0731/110046.362:VERBOSE1:components\signin\internal\identity_manager\mutable_profile_oauth2_token_service_delegate.cc:460] MutablePO2TS::RefreshTokenIsAvailable
[22524:25852:0731/110046.491:VERBOSE1:components\segmentation_platform\internal\selection\segment_result_provider.cc:136] GetSegmentResult: segment=OPTIMIZATION_TARGET_SEGMENTATION_DEVICE_SWITCHER ignoring DB score, executing model.
[22524:25852:0731/110046.491:VERBOSE1:components\segmentation_platform\internal\selection\segment_result_provider.cc:277] ExecuteModelAndGetScore: segment=OPTIMIZATION_TARGET_SEGMENTATION_DEVICE_SWITCHER server segment info not available
[22524:25852:0731/110046.491:VERBOSE1:components\segmentation_platform\internal\selection\segment_result_provider.cc:210] OnGotModelScore: segment=OPTIMIZATION_TARGET_SEGMENTATION_DEVICE_SWITCHER failed to get database model score, trying default model.
[22524:25852:0731/110046.526:VERBOSE1:components\signin\core\browser\account_reconcilor.cc:559] AccountReconcilor::OnAccountsInCookieUpdated: CookieJar 0 accounts, Reconcilor's state is 1, Error was 
[22524:25852:0731/110046.526:VERBOSE1:components\signin\core\browser\account_reconcilor.cc:653] AccountReconcilor::LoadValidAccountsFromTokenService: Chrome 0 accounts
[22524:25852:0731/110046.526:VERBOSE1:components\signin\core\browser\account_reconcilor.cc:783] AccountReconcilor::CalculateIfMultiloginReconcileIsDone: Error was 
[22524:25852:0731/110046.526:VERBOSE1:components\signin\core\browser\account_reconcilor.cc:689] AccountReconcilor::StartReconcileIfChromeAccountsChanged
[22524:25852:0731/110046.527:VERBOSE1:components\signin\core\browser\account_reconcilor.cc:559] AccountReconcilor::OnAccountsInCookieUpdated: CookieJar 0 accounts, Reconcilor's state is 1, Error was 
[22524:25852:0731/110046.527:VERBOSE1:components\signin\core\browser\account_reconcilor.cc:653] AccountReconcilor::LoadValidAccountsFromTokenService: Chrome 0 accounts
[22524:25852:0731/110046.527:VERBOSE1:components\signin\core\browser\account_reconcilor.cc:783] AccountReconcilor::CalculateIfMultiloginReconcileIsDone: Error was 
[22524:25852:0731/110046.527:VERBOSE1:components\signin\core\browser\account_reconcilor.cc:689] AccountReconcilor::StartReconcileIfChromeAccountsChanged
[22524:25852:0731/110046.668:VERBOSE1:content\browser\back_forward_cache\back_forward_cache_impl.cc:858] BackForwardCacheImpl::GetCurrentBackForwardCacheEligibility: about:blank : No: HTTP status is not OK, scheme is not HTTP or HTTPS, Browsing instance is not swapped
[22524:25852:0731/110046.668:VERBOSE1:content\browser\back_forward_cache\back_forward_cache_impl.cc:858] BackForwardCacheImpl::GetCompleteBackForwardCacheEligibilityForReporting: about:blank : No: HTTP status is not OK, scheme is not HTTP or HTTPS, Browsing instance is not swapped
[22524:25852:0731/110046.669:VERBOSE1:chrome\browser\ui\views\omnibox\omnibox_popup_closer.cc:65] Closing omnibox popup with reason: kRevertAll
[22524:25852:0731/110046.771:INFO:CONSOLE:62124] "%cDownload the React DevTools for a better development experience: https://reactjs.org/link/react-devtools font-weight:bold", source: http://localhost:3000/static/js/bundle.js (62124)
[22524:25852:0731/110046.855:INFO:CONSOLE:36464] "Warning: Using UNSAFE_componentWillMount in strict mode is not recommended and may indicate bugs in your code. See https://reactjs.org/link/unsafe-component-lifecycles for details.

* Move code with side effects to componentDidMount, and set initial state in the constructor.

Please update the following components: %s SideEffect(NullComponent)", source: http://localhost:3000/static/js/bundle.js (36464)
[22524:25852:0731/110046.859:VERBOSE1:components\signin\internal\identity_manager\mutable_profile_oauth2_token_service_delegate.cc:460] MutablePO2TS::RefreshTokenIsAvailable
[22524:25852:0731/110046.978:VERBOSE1:components\update_client\request_sender.cc:203] Request completed from url: https://update.googleapis.com/service/update2/json?cup2key=16:FSa1VYxqbV42N2wP4HooZT2e-ebeEZp-0a0E9QxzBPY&cup2hreq=b7c6934dd918ca28e838dfb512763a771711b09cec3f226065a541a6df1cccbf
[22524:25852:0731/110046.978:VERBOSE1:chrome\browser\web_applications\locks\partitioned_lock_manager.cc:243] All locks acquired for TriggerManifestUpdateProcess@chrome\browser\web_applications\manifest_update_manager.cc:148
[22524:25852:0731/110046.979:VERBOSE1:chrome\browser\web_applications\locks\partitioned_lock_manager.cc:262] Acquiring <PartitionedLockId>{id: 0x31, partition: 0} for OnManifestFetchedAcquireAppLock@chrome\browser\web_applications\commands\manifest_silent_update_command.cc:214
[22524:25852:0731/110046.979:VERBOSE1:chrome\browser\web_applications\locks\partitioned_lock_manager.cc:262] Acquiring <PartitionedLockId>{id: 0x6862626c6669666f686f66676e6766626a6269696d626263696d657062646362, partition: 1} for OnManifestFetchedAcquireAppLock@chrome\browser\web_applications\commands\manifest_silent_update_command.cc:214
[22524:25852:0731/110046.979:VERBOSE1:chrome\browser\web_applications\locks\partitioned_lock_manager.cc:243] All locks acquired for OnManifestFetchedAcquireAppLock@chrome\browser\web_applications\commands\manifest_silent_update_command.cc:214
[22524:25852:0731/110046.979:VERBOSE1:chrome\browser\web_applications\locks\partitioned_lock_manager.cc:286] Releasing <PartitionedLockId>{id: 0x6862626c6669666f686f66676e6766626a6269696d626263696d657062646362, partition: 1} requested by OnManifestFetchedAcquireAppLock@chrome\browser\web_applications\commands\manifest_silent_update_command.cc:214
[22524:25852:0731/110046.979:VERBOSE1:chrome\browser\web_applications\locks\partitioned_lock_manager.cc:286] Releasing <PartitionedLockId>{id: 0x31, partition: 0} requested by OnManifestFetchedAcquireAppLock@chrome\browser\web_applications\commands\manifest_silent_update_command.cc:214
[22524:25852:0731/110047.777:INFO:CONSOLE:301] "Search endpoint requested!", source: https://maps.gstatic.com/maps-api-v3/embed/js/65/11b/intl/es_419/init_embed.js (301)
[22524:25852:0731/110048.227:VERBOSE1:chrome\browser\profiles\profile_manager.cc:1407] AddKeepAlive(Default, kSessionDataDeleter). keep_alives=[kBrowserWindow (1), kSessionDataDeleter (1), kExtensionUpdater (1), kHeadlessCommand (1)]
[22524:25852:0731/110048.230:VERBOSE1:chrome\browser\profiles\profile_manager.cc:1468] RemoveKeepAlive(Default, kSessionDataDeleter). keep_alives=[kBrowserWindow (1), kExtensionUpdater (1), kHeadlessCommand (1)]
[22524:25852:0731/110048.251:VERBOSE1:chrome\browser\profiles\profile_manager.cc:1468] RemoveKeepAlive(Default, kBrowserWindow). keep_alives=[kExtensionUpdater (1), kHeadlessCommand (1)]
[22524:25852:0731/110048.307:VERBOSE1:components\actor\core\aggregated_journal.cc:145] [ActorTool]: ActorKeyedService::Shutdown: 
[22524:25852:0731/110048.307:VERBOSE1:components\signin\core\browser\account_reconcilor.cc:217] AccountReconcilor::Shutdown
[22524:25852:0731/110048.307:VERBOSE1:components\signin\core\browser\account_reconcilor.cc:671] AccountReconcilor::AbortReconcile: try again later
[22524:25852:0731/110048.307:VERBOSE1:components\signin\core\browser\account_reconcilor.cc:783] AccountReconcilor::CalculateIfMultiloginReconcileIsDone: Error was 
[22524:25852:0731/110048.307:VERBOSE1:components\signin\core\browser\account_reconcilor.cc:267] AccountReconcilor::UnregisterWithIdentityManager
[22524:25852:0731/110048.307:VERBOSE1:components\signin\core\browser\account_reconcilor.cc:244] AccountReconcilor::UnregisterWithContentSettings
[22524:25852:0731/110048.307:VERBOSE1:components\signin\internal\identity_manager\mutable_profile_oauth2_token_service_delegate.cc:1089] MutablePO2TS::Shutdown
[22524:25852:0731/110048.307:VERBOSE1:components\signin\internal\identity_manager\mutable_profile_oauth2_token_service_delegate.cc:369] MutablePO2TS::~MutablePO2TS
[22524:25852:0731/110048.308:VERBOSE1:components\sync_user_events\user_event_sync_bridge.cc:77] UserEvents during destruction: 0
[22524:25852:0731/110048.309:VERBOSE1:components\signin\core\browser\account_reconcilor.cc:157] AccountReconcilor::~AccountReconcilor
[22524:25852:0731/110048.309:VERBOSE1:chrome\browser\security_events\security_event_sync_bridge_impl.cc:66] SecurityEvents during destruction: 0
[22524:25852:0731/110048.309:VERBOSE1:components\consent_auditor\consent_sync_bridge_impl.cc:77] UserConsents during destruction: 0
[22524:25852:0731/110048.364:VERBOSE1:components\component_updater\component_updater_service.cc:194] CrxUpdateService stopping
[22524:25852:0731/110048.373:VERBOSE1:base\metrics\statistics_recorder.cc:631] Collections of all histograms
Histogram: Accessibility.CaptionSettingsLoadedFromSystemSettings recorded 4 samples, mean = 1.0 (flags = 0x1)
0  O                                                                         (0 = 0.0%)
1  ----O                                                                     (4 = 100.0%) {0.0%}
2  O                                                                         (0 = 0.0%) {100.0%}

Histogram: Accessibility.ImageLabels2 recorded 1 samples, mean = 0.0 (flags = 0x1)
0  -O                                                                        (1 = 100.0%)
1  ... 

Histogram: Accessibility.InlineTextBoxes.PresentInUpdate recorded 100 samples, mean = 0.0 (flags = 0x1)
0  ------------------------------------------------------------------------O (100 = 100.0%)
1  ... 

Histogram: Accessibility.LiveCaption.FeatureEnabled2 recorded 1 samples, mean = 1.0 (flags = 0x1)
0  O                                                                         (0 = 0.0%)
1  -O                                                                        (1 = 100.0%) {0.0%}
2  O                                                                         (0 = 0.0%) {100.0%}

Histogram: Accessibility.LiveCaption2 recorded 1 samples, mean = 0.0 (flags = 0x1)
0  -O                                                                        (1 = 100.0%)
1  ... 

Histogram: Accessibility.ManuallyEnabled recorded 1 samples, mean = 0.0 (flags = 0x1)
0  -O                                                                        (1 = 100.0%)
1  ... 

Histogram: Accessibility.Performance.AXTree.Destroy2 recorded 100 samples, mean = 0.0 (flags = 0x1)
0  ------------------------------------------------------------------------O (100 = 100.0%)
1  ... 

Histogram: Accessibility.Performance.Tree.Unserialize2 recorded 100 samples, mean = 2.0 (flags = 0x1)
0  ------O                                                                   (6 = 6.0%)
1  ------------------------------------------------O                         (48 = 48.0%) {6.0%}
2  --------------------O                                                     (20 = 20.0%) {54.0%}
3  ---------O                                                                (9 = 9.0%) {74.0%}
4  ------O                                                                   (6 = 6.0%) {83.0%}
5  ---------O                                                                (9 = 9.0%) {89.0%}
7  O                                                                         (0 = 0.0%) {98.0%}
9  --O                                                                       (2 = 2.0%) {98.0%}
12 ... 

Histogram: Accessibility.ScreenAI.DeviceCompatible recorded 1 samples, mean = 1.0 (flags = 0x1)
0  O                                                                         (0 = 0.0%)
1  -O                                                                        (1 = 100.0%) {0.0%}
2  O                                                                         (0 = 0.0%) {100.0%}

Histogram: Accessibility.WebSpeech.IsOnDeviceSpeechRecognitionSupported recorded 1 samples, mean = 1.0 (flags = 0x1)
0  O                                                                         (0 = 0.0%)
1  -O                                                                        (1 = 100.0%) {0.0%}
2  O                                                                         (0 = 0.0%) {100.0%}

Histogram: Accessibility.WinHighContrastTheme recorded 1 samples, mean = 0.0 (flags = 0x1)
0  -O                                                                        (1 = 100.0%)
1  ... 

Histogram: Actor.MayOriginGatePageTransition recorded 1 samples, mean = 0.0 (flags = 0x1)
0  -O                                                                        (1 = 100.0%)
1  ... 

Histogram: AppBanners.BeforeInstallEvent recorded 1 samples (flags = 0x1)
1  -O                                                                        (1 = 100.0%)

Histogram: AppBanners.DisplayEvent recorded 1 samples (flags = 0x1)
10  -O                                                                        (1 = 100.0%)

Histogram: Autofill.Address.IsEnabled.PageLoad recorded 1 samples, mean = 1.0 (flags = 0x1)
0  O                                                                         (0 = 0.0%)
1  -O                                                                        (1 = 100.0%) {0.0%}
2  O                                                                         (0 = 0.0%) {100.0%}

Histogram: Autofill.Address.IsEnabled.PageLoad.SignedOut recorded 1 samples, mean = 1.0 (flags = 0x1)
0  O                                                                         (0 = 0.0%)
1  -O                                                                        (1 = 100.0%) {0.0%}
2  O                                                                         (0 = 0.0%) {100.0%}

Histogram: Autofill.Address.IsEnabled.Startup recorded 1 samples, mean = 1.0 (flags = 0x1)
0  O                                                                         (0 = 0.0%)
1  -O                                                                        (1 = 100.0%) {0.0%}
2  O                                                                         (0 = 0.0%) {100.0%}

Histogram: Autofill.Ai.OptIn.Status.Startup recorded 1 samples, mean = 0.0 (flags = 0x1)
0  -O                                                                        (1 = 100.0%)
1  ... 

Histogram: Autofill.Ai.StoredEntitiesCount.DriversLicense recorded 1 samples, mean = 0.0 (flags = 0x1)
0  -O                                                                        (1 = 100.0%)
1  ... 

Histogram: Autofill.Ai.StoredEntitiesCount.DriversLicense.Local recorded 1 samples, mean = 0.0 (flags = 0x1)
0  -O                                                                        (1 = 100.0%)
1  ... 

Histogram: Autofill.Ai.StoredEntitiesCount.DriversLicense.PersonalContext recorded 1 samples, mean = 0.0 (flags = 0x1)
0  -O                                                                        (1 = 100.0%)
1  ... 

Histogram: Autofill.Ai.StoredEntitiesCount.DriversLicense.ServerWallet recorded 1 samples, mean = 0.0 (flags = 0x1)
0  -O                                                                        (1 = 100.0%)
1  ... 

Histogram: Autofill.Ai.StoredEntitiesCount.FlightReservation recorded 1 samples, mean = 0.0 (flags = 0x1)
0  -O                                                                        (1 = 100.0%)
1  ... 

Histogram: Autofill.Ai.StoredEntitiesCount.FlightReservation.Local recorded 1 samples, mean = 0.0 (flags = 0x1)
0  -O                                                                        (1 = 100.0%)
1  ... 

Histogram: Autofill.Ai.StoredEntitiesCount.FlightReservation.PersonalContext recorded 1 samples, mean = 0.0 (flags = 0x1)
0  -O                                                                        (1 = 100.0%)
1  ... 

Histogram: Autofill.Ai.StoredEntitiesCount.FlightReservation.ServerWallet recorded 1 samples, mean = 0.0 (flags = 0x1)
0  -O                                                                        (1 = 100.0%)
1  ... 

Histogram: Autofill.Ai.StoredEntitiesCount.KnownTravelerNumber recorded 1 samples, mean = 0.0 (flags = 0x1)
0  -O                                                                        (1 = 100.0%)
1  ... 

Histogram: Autofill.Ai.StoredEntitiesCount.KnownTravelerNumber.Local recorded 1 samples, mean = 0.0 (flags = 0x1)
0  -O                                                                        (1 = 100.0%)
1  ... 

Histogram: Autofill.Ai.StoredEntitiesCount.KnownTravelerNumber.PersonalContext recorded 1 samples, mean = 0.0 (flags = 0x1)
0  -O                                                                        (1 = 100.0%)
1  ... 

Histogram: Autofill.Ai.StoredEntitiesCount.KnownTravelerNumber.ServerWallet recorded 1 samples, mean = 0.0 (flags = 0x1)
0  -O                                                                        (1 = 100.0%)
1  ... 

Histogram: Autofill.Ai.StoredEntitiesCount.NationalIdCard recorded 1 samples, mean = 0.0 (flags = 0x1)
0  -O                                                                        (1 = 100.0%)
1  ... 

Histogram: Autofill.Ai.StoredEntitiesCount.NationalIdCard.Local recorded 1 samples, mean = 0.0 (flags = 0x1)
0  -O                                                                        (1 = 100.0%)
1  ... 

Histogram: Autofill.Ai.StoredEntitiesCount.NationalIdCard.PersonalContext recorded 1 samples, mean = 0.0 (flags = 0x1)
0  -O                                                                        (1 = 100.0%)
1  ... 

Histogram: Autofill.Ai.StoredEntitiesCount.NationalIdCard.ServerWallet recorded 1 samples, mean = 0.0 (flags = 0x1)
0  -O                                                                        (1 = 100.0%)
1  ... 

Histogram: Autofill.Ai.StoredEntitiesCount.Order recorded 1 samples, mean = 0.0 (flags = 0x1)
0  -O                                                                        (1 = 100.0%)
1  ... 

Histogram: Autofill.Ai.StoredEntitiesCount.Order.Local recorded 1 samples, mean = 0.0 (flags = 0x1)
0  -O                                                                        (1 = 100.0%)
1  ... 

Histogram: Autofill.Ai.StoredEntitiesCount.Order.PersonalContext recorded 1 samples, mean = 0.0 (flags = 0x1)
0  -O                                                                        (1 = 100.0%)
1  ... 

Histogram: Autofill.Ai.StoredEntitiesCount.Order.ServerWallet recorded 1 samples, mean = 0.0 (flags = 0x1)
0  -O                                                                        (1 = 100.0%)
1  ... 

Histogram: Autofill.Ai.StoredEntitiesCount.Passport recorded 1 samples, mean = 0.0 (flags = 0x1)
0  -O                                                                        (1 = 100.0%)
1  ... 

Histogram: Autofill.Ai.StoredEntitiesCount.Passport.Local recorded 1 samples, mean = 0.0 (flags = 0x1)
0  -O                                                                        (1 = 100.0%)
1  ... 

Histogram: Autofill.Ai.StoredEntitiesCount.Passport.PersonalContext recorded 1 samples, mean = 0.0 (flags = 0x1)
0  -O                                                                        (1 = 100.0%)
1  ... 

Histogram: Autofill.Ai.StoredEntitiesCount.Passport.ServerWallet recorded 1 samples, mean = 0.0 (flags = 0x1)
0  -O                                                                        (1 = 100.0%)
1  ... 

Histogram: Autofill.Ai.StoredEntitiesCount.RedressNumber recorded 1 samples, mean = 0.0 (flags = 0x1)
0  -O                                                                        (1 = 100.0%)
1  ... 

Histogram: Autofill.Ai.StoredEntitiesCount.RedressNumber.Local recorded 1 samples, mean = 0.0 (flags = 0x1)
0  -O                                                                        (1 = 100.0%)
1  ... 

Histogram: Autofill.Ai.StoredEntitiesCount.RedressNumber.PersonalContext recorded 1 samples, mean = 0.0 (flags = 0x1)
0  -O                                                                        (1 = 100.0%)
1  ... 

Histogram: Autofill.Ai.StoredEntitiesCount.RedressNumber.ServerWallet recorded 1 samples, mean = 0.0 (flags = 0x1)
0  -O                                                                        (1 = 100.0%)
1  ... 

Histogram: Autofill.Ai.StoredEntitiesCount.Shipment recorded 1 samples, mean = 0.0 (flags = 0x1)
0  -O                                                                        (1 = 100.0%)
1  ... 

Histogram: Autofill.Ai.StoredEntitiesCount.Shipment.Local recorded 1 samples, mean = 0.0 (flags = 0x1)
0  -O                                                                        (1 = 100.0%)
1  ... 

Histogram: Autofill.Ai.StoredEntitiesCount.Shipment.PersonalContext recorded 1 samples, mean = 0.0 (flags = 0x1)
0  -O                                                                        (1 = 100.0%)
1  ... 

Histogram: Autofill.Ai.StoredEntitiesCount.Shipment.ServerWallet recorded 1 samples, mean = 0.0 (flags = 0x1)
0  -O                                                                        (1 = 100.0%)
1  ... 

Histogram: Autofill.Ai.StoredEntitiesCount.Vehicle recorded 1 samples, mean = 0.0 (flags = 0x1)
0  -O                                                                        (1 = 100.0%)
1  ... 

Histogram: Autofill.Ai.StoredEntitiesCount.Vehicle.Local recorded 1 samples, mean = 0.0 (flags = 0x1)
0  -O                                                                        (1 = 100.0%)
1  ... 

Histogram: Autofill.Ai.StoredEntitiesCount.Vehicle.PersonalContext recorded 1 samples, mean = 0.0 (flags = 0x1)
0  -O                                                                        (1 = 100.0%)
1  ... 

Histogram: Autofill.Ai.StoredEntitiesCount.Vehicle.ServerWallet recorded 1 samples, mean = 0.0 (flags = 0x1)
0  -O                                                                        (1 = 100.0%)
1  ... 

Histogram: Autofill.Ai.WalletContextualSurfacingEnabled recorded 1 samples, mean = 0.0 (flags = 0x1)
0  -O                                                                        (1 = 100.0%)
1  ... 

Histogram: Autofill.Bnpl.IssuersSyncedCount.Startup recorded 1 samples, mean = 0.0 (flags = 0x1)
0  -O                                                                        (1 = 100.0%)
1  ... 

Histogram: Autofill.CreditCard.IsEnabled.PageLoad recorded 1 samples, mean = 1.0 (flags = 0x1)
0  O                                                                         (0 = 0.0%)
1  -O                                                                        (1 = 100.0%) {0.0%}
2  O                                                                         (0 = 0.0%) {100.0%}

Histogram: Autofill.CreditCard.IsEnabled.PageLoad.SignedOut recorded 1 samples, mean = 1.0 (flags = 0x1)
0  O                                                                         (0 = 0.0%)
1  -O                                                                        (1 = 100.0%) {0.0%}
2  O                                                                         (0 = 0.0%) {100.0%}

Histogram: Autofill.CreditCard.IsEnabled.Startup recorded 1 samples, mean = 1.0 (flags = 0x1)
0  O                                                                         (0 = 0.0%)
1  -O                                                                        (1 = 100.0%) {0.0%}
2  O                                                                         (0 = 0.0%) {100.0%}

Histogram: Autofill.FieldCount recorded 1 samples, mean = 5.0 (flags = 0x1)
0  ... 
5  -O                                                                        (1 = 100.0%) {0.0%}
6  ... 

Histogram: Autofill.FormEvents.Address recorded 2 samples, mean = 32.0 (flags = 0x1)
0   ... 
32  --O                                                                       (2 = 100.0%) {0.0%}
33  ... 

Histogram: Autofill.FormEvents.Address.ContactOnly recorded 2 samples, mean = 32.0 (flags = 0x1)
0   ... 
32  --O                                                                       (2 = 100.0%) {0.0%}
33  ... 

Histogram: Autofill.FormForest.GetBrowserFormOfRendererForm.Duration recorded 2 samples, mean = 0.5 (flags = 0x1)
0  -O                                                                        (1 = 50.0%)
1  -O                                                                        (1 = 50.0%) {50.0%}
2  ... 

Histogram: Autofill.FormForest.GetRendererFormsOfBrowserForm.Duration recorded 2 samples, mean = 8.0 (flags = 0x1)
0  ... 
7  -O                                                                        (1 = 50.0%) {0.0%}
9  -O                                                                        (1 = 50.0%) {50.0%}
12 ... 

Histogram: Autofill.FormForest.UpdateTreeOfRendererForm.Duration recorded 2 samples, mean = 7.5 (flags = 0x1)
0  ... 
4  -O                                                                        (1 = 50.0%) {0.0%}
5  ... 
9  -O                                                                        (1 = 50.0%) {50.0%}
12 ... 

Histogram: Autofill.FormForest.UpdateTreeOfRendererForm.Visits recorded 1 samples, mean = 2.0 (flags = 0x1)
0  ... 
2  -O                                                                        (1 = 100.0%) {0.0%}
3  ... 

Histogram: Autofill.Funnel.InteractionAfterParsedAsType.Address recorded 1 samples, mean = 0.0 (flags = 0x1)
0  -O                                                                        (1 = 100.0%)
1  ... 

Histogram: Autofill.Funnel.ParsedAsType.Address recorded 7 samples, mean = 0.1 (flags = 0x1)
0  ------O                                                                   (6 = 85.7%)
1  -O                                                                        (1 = 14.3%) {85.7%}
2  O                                                                         (0 = 0.0%) {100.0%}

Histogram: Autofill.Funnel.ParsedAsType.CreditCard recorded 7 samples, mean = 0.0 (flags = 0x1)
0  -------O                                                                  (7 = 100.0%)
1  ... 

Histogram: Autofill.Funnel.ParsedAsType.EmailOnly recorded 7 samples, mean = 0.0 (flags = 0x1)
0  -------O                                                                  (7 = 100.0%)
1  ... 

Histogram: Autofill.Funnel.ParsedAsType.LoyaltyCard recorded 7 samples, mean = 0.0 (flags = 0x1)
0  -------O                                                                  (7 = 100.0%)
1  ... 

Histogram: Autofill.Funnel.ParsedAsType.OneTimePassword recorded 7 samples, mean = 0.0 (flags = 0x1)
0  -------O                                                                  (7 = 100.0%)
1  ... 

Histogram: Autofill.Funnel.ParsedAsType.PostalAddress recorded 7 samples, mean = 0.0 (flags = 0x1)
0  -------O                                                                  (7 = 100.0%)
1  ... 

Histogram: Autofill.Funnel.ParsedAsType.StandaloneCvc recorded 7 samples, mean = 0.0 (flags = 0x1)
0  -------O                                                                  (7 = 100.0%)
1  ... 

Histogram: Autofill.HomeAndWork.SilentUpdates.Lost recorded 1 samples, mean = 0.0 (flags = 0x1)
0  -O                                                                        (1 = 100.0%)
1  ... 

Histogram: Autofill.IsEnabled.PageLoad recorded 1 samples, mean = 1.0 (flags = 0x1)
0  O                                                                         (0 = 0.0%)
1  -O                                                                        (1 = 100.0%) {0.0%}
2  O                                                                         (0 = 0.0%) {100.0%}

Histogram: Autofill.IsEnabled.PageLoad.SignedOut recorded 1 samples, mean = 1.0 (flags = 0x1)
0  O                                                                         (0 = 0.0%)
1  -O                                                                        (1 = 100.0%) {0.0%}
2  O                                                                         (0 = 0.0%) {100.0%}

Histogram: Autofill.IsEnabled.Startup recorded 1 samples, mean = 1.0 (flags = 0x1)
0  O                                                                         (0 = 0.0%)
1  -O                                                                        (1 = 100.0%) {0.0%}
2  O                                                                         (0 = 0.0%) {100.0%}

Histogram: Autofill.LocalHeuristics.MatchedAttribute recorded 3 samples, mean = 2.3 (flags = 0x1)
0  ... 
2  --O                                                                       (2 = 66.7%) {0.0%}
3  -O                                                                        (1 = 33.3%) {66.7%}
4  O                                                                         (0 = 0.0%) {100.0%}

Histogram: Autofill.LogEvent.AblationEvent recorded 1 samples, mean = 0.0 (flags = 0x1)
0  -O                                                                        (1 = 100.0%)
1  ... 

Histogram: Autofill.LogEvent.All recorded 1 samples, mean = 16.0 (flags = 0x1)
0   ... 
14  -O                                                                        (1 = 100.0%) {0.0%}
17  ... 

Histogram: Autofill.LogEvent.AskForValuesToFillEvent recorded 1 samples, mean = 0.0 (flags = 0x1)
0  -O                                                                        (1 = 100.0%)
1  ... 

Histogram: Autofill.LogEvent.AutocompleteAttributeEvent recorded 1 samples, mean = 0.0 (flags = 0x1)
0  -O                                                                        (1 = 100.0%)
1  ... 

Histogram: Autofill.LogEvent.FillEvent recorded 1 samples, mean = 0.0 (flags = 0x1)
0  -O                                                                        (1 = 100.0%)
1  ... 

Histogram: Autofill.LogEvent.HeuristicPredictionEvent recorded 1 samples, mean = 3.0 (flags = 0x1)
0  ... 
3  -O                                                                        (1 = 100.0%) {0.0%}
4  ... 

Histogram: Autofill.LogEvent.RationalizationEvent recorded 1 samples, mean = 8.0 (flags = 0x1)
0  ... 
8  -O                                                                        (1 = 100.0%) {0.0%}
10 ... 

Histogram: Autofill.LogEvent.ServerPredictionEvent recorded 1 samples, mean = 5.0 (flags = 0x1)
0  ... 
5  -O                                                                        (1 = 100.0%) {0.0%}
6  ... 

Histogram: Autofill.LogEvent.TriggerFillEvent recorded 1 samples, mean = 0.0 (flags = 0x1)
0  -O                                                                        (1 = 100.0%)
1  ... 

Histogram: Autofill.LogEvent.TypingEvent recorded 1 samples, mean = 0.0 (flags = 0x1)
0  -O                                                                        (1 = 100.0%)
1  ... 

Histogram: Autofill.LoyaltyCard.StoredCardsCount recorded 1 samples, mean = 0.0 (flags = 0x1)
0  -O                                                                        (1 = 100.0%)
1  ... 

Histogram: Autofill.NumberOfDriversPerFactory recorded 1 samples, mean = 3.0 (flags = 0x1)
0  ... 
3  -O                                                                        (1 = 100.0%) {0.0%}
4  ... 

Histogram: Autofill.NumberOfFramesPerFormForest recorded 1 samples, mean = 2.0 (flags = 0x1)
0  ... 
2  -O                                                                        (1 = 100.0%) {0.0%}
3  ... 

Histogram: Autofill.NumberOfNamesMigratedToAlternativeNamesDuringCleanUp recorded 1 samples, mean = 0.0 (flags = 0x1)
0  -O                                                                        (1 = 100.0%)
1  ... 

Histogram: Autofill.PaymentMethods.CardBenefitsIsEnabled.Startup recorded 1 samples, mean = 1.0 (flags = 0x1)
0  O                                                                         (0 = 0.0%)
1  -O                                                                        (1 = 100.0%) {0.0%}
2  O                                                                         (0 = 0.0%) {100.0%}

Histogram: Autofill.PaymentMethods.CvcStorageIsEnabled.Startup recorded 1 samples, mean = 1.0 (flags = 0x1)
0  O                                                                         (0 = 0.0%)
1  -O                                                                        (1 = 100.0%) {0.0%}
2  O                                                                         (0 = 0.0%) {100.0%}

Histogram: Autofill.Query.GetUrlLength recorded 1 samples, mean = 251.0 (flags = 0x1)
0    ... 
233  -O                                                                        (1 = 100.0%) {0.0%}
292  ... 

Histogram: Autofill.Query.HttpResponseOrErrorCode recorded 1 samples (flags = 0x1)
200  -O                                                                        (1 = 100.0%)

Histogram: Autofill.Query.Method recorded 1 samples, mean = 0.0 (flags = 0x1)
0  -O                                                                        (1 = 100.0%)
1  ... 

Histogram: Autofill.Query.RequestDuration recorded 1 samples, mean = 1.0 (flags = 0x1)
0  O                                                                         (0 = 0.0%)
1  -O                                                                        (1 = 100.0%) {0.0%}
2  ... 

Histogram: Autofill.Query.WasInCache recorded 1 samples, mean = 1.0 (flags = 0x1)
0  O                                                                         (0 = 0.0%)
1  -O                                                                        (1 = 100.0%) {0.0%}
2  O                                                                         (0 = 0.0%) {100.0%}

Histogram: Autofill.ServerQueryResponse recorded 3 samples, mean = 1.0 (flags = 0x1)
0  -O                                                                        (1 = 33.3%)
1  -O                                                                        (1 = 33.3%) {33.3%}
2  -O                                                                        (1 = 33.3%) {66.7%}
3  ... 

Histogram: Autofill.ServerResponseHasDataForForm recorded 1 samples, mean = 1.0 (flags = 0x1)
0  O                                                                         (0 = 0.0%)
1  -O                                                                        (1 = 100.0%) {0.0%}
2  O                                                                         (0 = 0.0%) {100.0%}

Histogram: Autofill.StoredCreditCardCount recorded 1 samples, mean = 0.0 (flags = 0x1)
0  -O                                                                        (1 = 100.0%)
1  ... 

Histogram: Autofill.StoredCreditCardCount.Local recorded 1 samples, mean = 0.0 (flags = 0x1)
0  -O                                                                        (1 = 100.0%)
1  ... 

Histogram: Autofill.StoredCreditCardCount.Local.WithInvalidCardNumber recorded 1 samples, mean = 0.0 (flags = 0x1)
0  -O                                                                        (1 = 100.0%)
1  ... 

Histogram: Autofill.StoredCreditCardCount.Local.WithNickname recorded 1 samples, mean = 0.0 (flags = 0x1)
0  -O                                                                        (1 = 100.0%)
1  ... 

Histogram: Autofill.StoredCreditCardCount.Server recorded 1 samples, mean = 0.0 (flags = 0x1)
0  -O                                                                        (1 = 100.0%)
1  ... 

Histogram: Autofill.StoredCreditCardCount.Server.WithCardArtImage recorded 1 samples, mean = 0.0 (flags = 0x1)
0  -O                                                                        (1 = 100.0%)
1  ... 

Histogram: Autofill.StoredCreditCardCount.Server.WithNickname recorded 1 samples, mean = 0.0 (flags = 0x1)
0  -O                                                                        (1 = 100.0%)
1  ... 

Histogram: Autofill.StoredCreditCardCount.Server.WithVirtualCardMetadata recorded 1 samples, mean = 0.0 (flags = 0x1)
0  -O                                                                        (1 = 100.0%)
1  ... 

Histogram: Autofill.StoredIbanCount recorded 1 samples, mean = 0.0 (flags = 0x1)
0  -O                                                                        (1 = 100.0%)
1  ... 

Histogram: Autofill.StoredProfileCount.AccountChrome recorded 1 samples, mean = 0.0 (flags = 0x1)
0  -O                                                                        (1 = 100.0%)
1  ... 

Histogram: Autofill.StoredProfileCount.AccountHome recorded 1 samples, mean = 0.0 (flags = 0x1)
0  -O                                                                        (1 = 100.0%)
1  ... 

Histogram: Autofill.StoredProfileCount.AccountNameEmail recorded 1 samples, mean = 0.0 (flags = 0x1)
0  -O                                                                        (1 = 100.0%)
1  ... 

Histogram: Autofill.StoredProfileCount.AccountNonChrome recorded 1 samples, mean = 0.0 (flags = 0x1)
0  -O                                                                        (1 = 100.0%)
1  ... 

Histogram: Autofill.StoredProfileCount.AccountWork recorded 1 samples, mean = 0.0 (flags = 0x1)
0  -O                                                                        (1 = 100.0%)
1  ... 

Histogram: Autofill.StoredProfileCount.Legacy recorded 1 samples, mean = 0.0 (flags = 0x1)
0  -O                                                                        (1 = 100.0%)
1  ... 

Histogram: Autofill.StoredProfileCount.Total recorded 1 samples, mean = 0.0 (flags = 0x1)
0  -O                                                                        (1 = 100.0%)
1  ... 

Histogram: Autofill.StoredProfileCount.TotalPostalAddressProfiles recorded 1 samples, mean = 0.0 (flags = 0x1)
0  -O                                                                        (1 = 100.0%)
1  ... 

Histogram: Autofill.StoredProfileCount.WithAlternativeName recorded 1 samples, mean = 0.0 (flags = 0x1)
0  -O                                                                        (1 = 100.0%)
1  ... 

Histogram: Autofill.Timing.DetermineHeuristicTypes recorded 1 samples, mean = 3.0 (flags = 0x1)
0  ... 
3  -O                                                                        (1 = 100.0%) {0.0%}
4  ... 

Histogram: Autofill.Timing.ParseFormsAsync recorded 1 samples, mean = 0.0 (flags = 0x1)
0  -O                                                                        (1 = 100.0%)
1  ... 

Histogram: Autofill.Timing.ParseFormsAsync.RunHeuristics recorded 1 samples, mean = 3.0 (flags = 0x1)
0  ... 
3  -O                                                                        (1 = 100.0%) {0.0%}
4  ... 

Histogram: Autofill.Timing.ParseFormsAsync.UpdateCache recorded 1 samples, mean = 0.0 (flags = 0x1)
0  -O                                                                        (1 = 100.0%)
1  ... 

Histogram: Autofill.TimingInterval.FormsSeen.LoadedServerPredictions recorded 1 samples, mean = 1.0 (flags = 0x1)
0  O                                                                         (0 = 0.0%)
1  -O                                                                        (1 = 100.0%) {0.0%}
2  ... 

Histogram: Autofill.ValuableMetadata.OrphanEntriesRemovedCount recorded 1 samples, mean = 0.0 (flags = 0x1)
0  -O                                                                        (1 = 100.0%)
1  ... 

Histogram: Autofill.VirtualCardUsageData.StoredUsageDataCount recorded 1 samples, mean = 0.0 (flags = 0x1)
0  -O                                                                        (1 = 100.0%)
1  ... 

Histogram: Autofill.WebOTP.OneTimeCode.FromAutocomplete recorded 1 samples, mean = 0.0 (flags = 0x1)
0  -O                                                                        (1 = 100.0%)
1  ... 

Histogram: Autofill.WebOTP.PhonePlusWebOTPPlusOTC recorded 1 samples, mean = 0.0 (flags = 0x1)
0  -O                                                                        (1 = 100.0%)
1  ... 

Histogram: BackForwardCache.History.EntryMatch recorded 5 samples, mean = 0.0 (flags = 0x1)
0  -----O                                                                    (5 = 100.0%)
1  ... 

Histogram: BackForwardCache.NewPageNavHasPotentialMatch recorded 5 samples, mean = 0.0 (flags = 0x1)
0  -----O                                                                    (5 = 100.0%)
1  ... 

Histogram: BackForwardCache.NewPageNavHasPotentialMatchWithNoSubframes recorded 5 samples, mean = 0.0 (flags = 0x1)
0  -----O                                                                    (5 = 100.0%)
1  ... 

Histogram: BestEffortTaskInhibitingPolicy.FenceLifetime recorded 3 samples, mean = 681.3 (flags = 0x1)
0     ... 
2     --O                                                                       (2 = 66.7%) {0.0%}
3     ... 
1782  -O                                                                        (1 = 33.3%) {66.7%}
2117  ... 

Histogram: Blink.UseCounter.AnimatedCSSProperties recorded 1 samples, mean = 1.0 (flags = 0x1)
0  O                                                                         (0 = 0.0%)
1  -O                                                                        (1 = 100.0%) {0.0%}
2  ... 

Histogram: Blink.UseCounter.CSSProperties recorded 169 samples, mean = 221.0 (flags = 0x1)
0    O                                                                         (0 = 0.0%)
1    -O                                                                        (1 = 0.6%) {0.0%}
2    -O                                                                        (1 = 0.6%) {0.6%}
3    O                                                                         (0 = 0.0%) {1.2%}
4    -O                                                                        (1 = 0.6%) {1.2%}
5    -O                                                                        (1 = 0.6%) {1.8%}
6    -O                                                                        (1 = 0.6%) {2.4%}
7    -O                                                                        (1 = 0.6%) {3.0%}
8    -O                                                                        (1 = 0.6%) {3.6%}
9    O                                                                         (0 = 0.0%) {4.1%}
10   -O                                                                        (1 = 0.6%) {4.1%}
11   ... 
14   -O                                                                        (1 = 0.6%) {4.7%}
15   ... 
20   -O                                                                        (1 = 0.6%) {5.3%}
21   -O                                                                        (1 = 0.6%) {5.9%}
22   O                                                                         (0 = 0.0%) {6.5%}
23   -O                                                                        (1 = 0.6%) {6.5%}
24   -O                                                                        (1 = 0.6%) {7.1%}
25   -O                                                                        (1 = 0.6%) {7.7%}
26   O                                                                         (0 = 0.0%) {8.3%}
27   -O                                                                        (1 = 0.6%) {8.3%}
28   -O                                                                        (1 = 0.6%) {8.9%}
29   O                                                                         (0 = 0.0%) {9.5%}
30   -O                                                                        (1 = 0.6%) {9.5%}
31   ... 
33   -O                                                                        (1 = 0.6%) {10.1%}
34   -O                                                                        (1 = 0.6%) {10.7%}
35   -O                                                                        (1 = 0.6%) {11.2%}
36   -O                                                                        (1 = 0.6%) {11.8%}
37   -O                                                                        (1 = 0.6%) {12.4%}
38   -O                                                                        (1 = 0.6%) {13.0%}
39   O                                                                         (0 = 0.0%) {13.6%}
40   -O                                                                        (1 = 0.6%) {13.6%}
41   -O                                                                        (1 = 0.6%) {14.2%}
42   -O                                                                        (1 = 0.6%) {14.8%}
43   ... 
49   -O                                                                        (1 = 0.6%) {15.4%}
50   -O                                                                        (1 = 0.6%) {16.0%}
51   O                                                                         (0 = 0.0%) {16.6%}
52   -O                                                                        (1 = 0.6%) {16.6%}
53   -O                                                                        (1 = 0.6%) {17.2%}
54   -O                                                                        (1 = 0.6%) {17.8%}
55   -O                                                                        (1 = 0.6%) {18.3%}
56   ... 
59   -O                                                                        (1 = 0.6%) {18.9%}
60   -O                                                                        (1 = 0.6%) {19.5%}
61   -O                                                                        (1 = 0.6%) {20.1%}
62   -O                                                                        (1 = 0.6%) {20.7%}
63   -O                                                                        (1 = 0.6%) {21.3%}
64   O                                                                         (0 = 0.0%) {21.9%}
65   -O                                                                        (1 = 0.6%) {21.9%}
66   -O                                                                        (1 = 0.6%) {22.5%}
67   -O                                                                        (1 = 0.6%) {23.1%}
68   -O                                                                        (1 = 0.6%) {23.7%}
69   -O                                                                        (1 = 0.6%) {24.3%}
70   -O                                                                        (1 = 0.6%) {24.9%}
71   -O                                                                        (1 = 0.6%) {25.4%}
72   -O                                                                        (1 = 0.6%) {26.0%}
73   O                                                                         (0 = 0.0%) {26.6%}
74   -O                                                                        (1 = 0.6%) {26.6%}
75   -O                                                                        (1 = 0.6%) {27.2%}
76   -O                                                                        (1 = 0.6%) {27.8%}
77   -O                                                                        (1 = 0.6%) {28.4%}
78   O                                                                         (0 = 0.0%) {29.0%}
79   -O                                                                        (1 = 0.6%) {29.0%}
80   O                                                                         (0 = 0.0%) {29.6%}
81   -O                                                                        (1 = 0.6%) {29.6%}
82   -O                                                                        (1 = 0.6%) {30.2%}
83   -O                                                                        (1 = 0.6%) {30.8%}
84   -O                                                                        (1 = 0.6%) {31.4%}
85   -O                                                                        (1 = 0.6%) {32.0%}
86   ... 
88   -O                                                                        (1 = 0.6%) {32.5%}
89   -O                                                                        (1 = 0.6%) {33.1%}
90   -O                                                                        (1 = 0.6%) {33.7%}
91   -O                                                                        (1 = 0.6%) {34.3%}
92   -O                                                                        (1 = 0.6%) {34.9%}
93   -O                                                                        (1 = 0.6%) {35.5%}
94   -O                                                                        (1 = 0.6%) {36.1%}
95   -O                                                                        (1 = 0.6%) {36.7%}
96   -O                                                                        (1 = 0.6%) {37.3%}
97   -O                                                                        (1 = 0.6%) {37.9%}
98   -O                                                                        (1 = 0.6%) {38.5%}
99   O                                                                         (0 = 0.0%) {39.1%}
100  -O                                                                        (1 = 0.6%) {39.1%}
101  O                                                                         (0 = 0.0%) {39.6%}
102  -O                                                                        (1 = 0.6%) {39.6%}
103  ... 
105  -O                                                                        (1 = 0.6%) {40.2%}
106  O                                                                         (0 = 0.0%) {40.8%}
107  -O                                                                        (1 = 0.6%) {40.8%}
108  -O                                                                        (1 = 0.6%) {41.4%}
109  -O                                                                        (1 = 0.6%) {42.0%}
110  -O                                                                        (1 = 0.6%) {42.6%}
111  -O                                                                        (1 = 0.6%) {43.2%}
112  -O                                                                        (1 = 0.6%) {43.8%}
113  -O                                                                        (1 = 0.6%) {44.4%}
114  ... 
118  -O                                                                        (1 = 0.6%) {45.0%}
119  -O                                                                        (1 = 0.6%) {45.6%}
120  O                                                                         (0 = 0.0%) {46.2%}
121  -O                                                                        (1 = 0.6%) {46.2%}
122  -O                                                                        (1 = 0.6%) {46.7%}
123  O                                                                         (0 = 0.0%) {47.3%}
124  -O                                                                        (1 = 0.6%) {47.3%}
125  ... 
128  -O                                                                        (1 = 0.6%) {47.9%}
129  -O                                                                        (1 = 0.6%) {48.5%}
130  -O                                                                        (1 = 0.6%) {49.1%}
131  ... 
136  -O                                                                        (1 = 0.6%) {49.7%}
137  ... 
142  -O                                                                        (1 = 0.6%) {50.3%}
143  -O                                                                        (1 = 0.6%) {50.9%}
144  ... 
149  -O                                                                        (1 = 0.6%) {51.5%}
150  -O                                                                        (1 = 0.6%) {52.1%}
151  ... 
153  -O                                                                        (1 = 0.6%) {52.7%}
154  ... 
156  -O                                                                        (1 = 0.6%) {53.3%}
157  -O                                                                        (1 = 0.6%) {53.8%}
158  -O                                                                        (1 = 0.6%) {54.4%}
159  -O                                                                        (1 = 0.6%) {55.0%}
160  O                                                                         (0 = 0.0%) {55.6%}
161  -O                                                                        (1 = 0.6%) {55.6%}
162  -O                                                                        (1 = 0.6%) {56.2%}
163  -O                                                                        (1 = 0.6%) {56.8%}
164  -O                                                                        (1 = 0.6%) {57.4%}
165  -O                                                                        (1 = 0.6%) {58.0%}
166  ... 
175  -O                                                                        (1 = 0.6%) {58.6%}
176  O                                                                         (0 = 0.0%) {59.2%}
177  -O                                                                        (1 = 0.6%) {59.2%}
178  ... 
203  -O                                                                        (1 = 0.6%) {59.8%}
204  -O                                                                        (1 = 0.6%) {60.4%}
205  ... 
209  -O                                                                        (1 = 0.6%) {60.9%}
210  -O                                                                        (1 = 0.6%) {61.5%}
211  O                                                                         (0 = 0.0%) {62.1%}
212  -O                                                                        (1 = 0.6%) {62.1%}
213  ... 
230  -O                                                                        (1 = 0.6%) {62.7%}
231  -O                                                                        (1 = 0.6%) {63.3%}
232  -O                                                                        (1 = 0.6%) {63.9%}
233  -O                                                                        (1 = 0.6%) {64.5%}
234  -O                                                                        (1 = 0.6%) {65.1%}
235  -O                                                                        (1 = 0.6%) {65.7%}
236  -O                                                                        (1 = 0.6%) {66.3%}
237  -O                                                                        (1 = 0.6%) {66.9%}
238  -O                                                                        (1 = 0.6%) {67.5%}
239  -O                                                                        (1 = 0.6%) {68.0%}
240  -O                                                                        (1 = 0.6%) {68.6%}
241  O                                                                         (0 = 0.0%) {69.2%}
242  -O                                                                        (1 = 0.6%) {69.2%}
243  ... 
250  -O                                                                        (1 = 0.6%) {69.8%}
251  ... 
289  -O                                                                        (1 = 0.6%) {70.4%}
290  O                                                                         (0 = 0.0%) {71.0%}
291  -O                                                                        (1 = 0.6%) {71.0%}
292  ... 
297  -O                                                                        (1 = 0.6%) {71.6%}
298  ... 
303  -O                                                                        (1 = 0.6%) {72.2%}
304  ... 
312  -O                                                                        (1 = 0.6%) {72.8%}
313  ... 
326  -O                                                                        (1 = 0.6%) {73.4%}
327  ... 
331  -O                                                                        (1 = 0.6%) {74.0%}
332  -O                                                                        (1 = 0.6%) {74.6%}
333  ... 
339  -O                                                                        (1 = 0.6%) {75.1%}
340  ... 
359  -O                                                                        (1 = 0.6%) {75.7%}
360  ... 
384  -O                                                                        (1 = 0.6%) {76.3%}
385  ... 
415  -O                                                                        (1 = 0.6%) {76.9%}
416  ... 
420  -O                                                                        (1 = 0.6%) {77.5%}
421  -O                                                                        (1 = 0.6%) {78.1%}
422  ... 
424  -O                                                                        (1 = 0.6%) {78.7%}
425  -O                                                                        (1 = 0.6%) {79.3%}
426  ... 
433  -O                                                                        (1 = 0.6%) {79.9%}
434  ... 
436  -O                                                                        (1 = 0.6%) {80.5%}
437  ... 
444  -O                                                                        (1 = 0.6%) {81.1%}
445  O                                                                         (0 = 0.0%) {81.7%}
446  -O                                                                        (1 = 0.6%) {81.7%}
447  -O                                                                        (1 = 0.6%) {82.2%}
448  ... 
451  -O                                                                        (1 = 0.6%) {82.8%}
452  ... 
479  -O                                                                        (1 = 0.6%) {83.4%}
480  ... 
485  -O                                                                        (1 = 0.6%) {84.0%}
486  ... 
488  -O                                                                        (1 = 0.6%) {84.6%}
489  ... 
493  -O                                                                        (1 = 0.6%) {85.2%}
494  ... 
508  -O                                                                        (1 = 0.6%) {85.8%}
509  ... 
515  -O                                                                        (1 = 0.6%) {86.4%}
516  -O                                                                        (1 = 0.6%) {87.0%}
517  ... 
524  -O                                                                        (1 = 0.6%) {87.6%}
525  ... 
537  -O                                                                        (1 = 0.6%) {88.2%}
538  -O                                                                        (1 = 0.6%) {88.8%}
539  -O                                                                        (1 = 0.6%) {89.3%}
540  ... 
556  -O                                                                        (1 = 0.6%) {89.9%}
557  -O                                                                        (1 = 0.6%) {90.5%}
558  ... 
560  -O                                                                        (1 = 0.6%) {91.1%}
561  ... 
585  -O                                                                        (1 = 0.6%) {91.7%}
586  ... 
589  -O                                                                        (1 = 0.6%) {92.3%}
590  O                                                                         (0 = 0.0%) {92.9%}
591  -O                                                                        (1 = 0.6%) {92.9%}
592  -O                                                                        (1 = 0.6%) {93.5%}
593  ... 
597  -O                                                                        (1 = 0.6%) {94.1%}
598  ... 
610  -O                                                                        (1 = 0.6%) {94.7%}
611  ... 
619  -O                                                                        (1 = 0.6%) {95.3%}
620  O                                                                         (0 = 0.0%) {95.9%}
621  -O                                                                        (1 = 0.6%) {95.9%}
622  ... 
657  -O                                                                        (1 = 0.6%) {96.4%}
658  -O                                                                        (1 = 0.6%) {97.0%}
659  ... 
772  -O                                                                        (1 = 0.6%) {97.6%}
773  O                                                                         (0 = 0.0%) {98.2%}
774  -O                                                                        (1 = 0.6%) {98.2%}
775  ... 
779  -O                                                                        (1 = 0.6%) {98.8%}
780  ... 
848  -O                                                                        (1 = 0.6%) {99.4%}
849  ... 

Histogram: Blink.UseCounter.Features recorded 142 samples, mean = 2431.2 (flags = 0x1)
0     ... 
13    -O                                                                        (1 = 0.7%) {0.0%}
14    O                                                                         (0 = 0.0%) {0.7%}
15    -O                                                                        (1 = 0.7%) {0.7%}
16    ... 
31    -O                                                                        (1 = 0.7%) {1.4%}
32    ... 
45    -O                                                                        (1 = 0.7%) {2.1%}
46    ... 
49    -O                                                                        (1 = 0.7%) {2.8%}
50    ... 
52    -O                                                                        (1 = 0.7%) {3.5%}
53    ... 
69    -O                                                                        (1 = 0.7%) {4.2%}
70    ... 
83    -O                                                                        (1 = 0.7%) {4.9%}
84    -O                                                                        (1 = 0.7%) {5.6%}
85    ... 
138   -O                                                                        (1 = 0.7%) {6.3%}
139   ... 
190   -O                                                                        (1 = 0.7%) {7.0%}
191   ... 
200   -O                                                                        (1 = 0.7%) {7.7%}
201   ... 
323   -O                                                                        (1 = 0.7%) {8.5%}
324   ... 
469   -O                                                                        (1 = 0.7%) {9.2%}
470   ... 
574   -O                                                                        (1 = 0.7%) {9.9%}
575   ... 
587   -O                                                                        (1 = 0.7%) {10.6%}
588   -O                                                                        (1 = 0.7%) {11.3%}
589   O                                                                         (0 = 0.0%) {12.0%}
590   -O                                                                        (1 = 0.7%) {12.0%}
591   ... 
677   -O                                                                        (1 = 0.7%) {12.7%}
678   ... 
744   -O                                                                        (1 = 0.7%) {13.4%}
745   ... 
780   -O                                                                        (1 = 0.7%) {14.1%}
781   -O                                                                        (1 = 0.7%) {14.8%}
782   ... 
804   -O                                                                        (1 = 0.7%) {15.5%}
805   ... 
900   -O                                                                        (1 = 0.7%) {16.2%}
901   -O                                                                        (1 = 0.7%) {16.9%}
902   O                                                                         (0 = 0.0%) {17.6%}
903   -O                                                                        (1 = 0.7%) {17.6%}
904   ... 
907   -O                                                                        (1 = 0.7%) {18.3%}
908   ... 
923   -O                                                                        (1 = 0.7%) {19.0%}
924   ... 
969   -O                                                                        (1 = 0.7%) {19.7%}
970   -O                                                                        (1 = 0.7%) {20.4%}
971   -O                                                                        (1 = 0.7%) {21.1%}
972   -O                                                                        (1 = 0.7%) {21.8%}
973   -O                                                                        (1 = 0.7%) {22.5%}
974   ... 
1017  -O                                                                        (1 = 0.7%) {23.2%}
1018  ... 
1023  -O                                                                        (1 = 0.7%) {23.9%}
1024  ... 
1067  -O                                                                        (1 = 0.7%) {24.6%}
1068  O                                                                         (0 = 0.0%) {25.4%}
1069  -O                                                                        (1 = 0.7%) {25.4%}
1070  ... 
1075  -O                                                                        (1 = 0.7%) {26.1%}
1076  -O                                                                        (1 = 0.7%) {26.8%}
1077  ... 
1149  -O                                                                        (1 = 0.7%) {27.5%}
1150  ... 
1153  -O                                                                        (1 = 0.7%) {28.2%}
1154  ... 
1277  -O                                                                        (1 = 0.7%) {28.9%}
1278  ... 
1307  -O                                                                        (1 = 0.7%) {29.6%}
1308  ... 
1347  -O                                                                        (1 = 0.7%) {30.3%}
1348  ... 
1351  -O                                                                        (1 = 0.7%) {31.0%}
1352  ... 
1354  -O                                                                        (1 = 0.7%) {31.7%}
1355  ... 
1362  -O                                                                        (1 = 0.7%) {32.4%}
1363  ... 
1368  -O                                                                        (1 = 0.7%) {33.1%}
1369  ... 
1417  -O                                                                        (1 = 0.7%) {33.8%}
1418  -O                                                                        (1 = 0.7%) {34.5%}
1419  ... 
1441  -O                                                                        (1 = 0.7%) {35.2%}
1442  ... 
1502  -O                                                                        (1 = 0.7%) {35.9%}
1503  -O                                                                        (1 = 0.7%) {36.6%}
1504  ... 
1540  -O                                                                        (1 = 0.7%) {37.3%}
1541  ... 
1689  -O                                                                        (1 = 0.7%) {38.0%}
1690  ... 
1692  -O                                                                        (1 = 0.7%) {38.7%}
1693  ... 
1755  -O                                                                        (1 = 0.7%) {39.4%}
1756  ... 
1827  -O                                                                        (1 = 0.7%) {40.1%}
1828  ... 
1973  -O                                                                        (1 = 0.7%) {40.8%}
1974  ... 
2001  -O                                                                        (1 = 0.7%) {41.5%}
2002  ... 
2013  -O                                                                        (1 = 0.7%) {42.3%}
2014  ... 
2078  -O                                                                        (1 = 0.7%) {43.0%}
2079  ... 
2089  -O                                                                        (1 = 0.7%) {43.7%}
2090  ... 
2092  -O                                                                        (1 = 0.7%) {44.4%}
2093  ... 
2157  -O                                                                        (1 = 0.7%) {45.1%}
2158  ... 
2204  -O                                                                        (1 = 0.7%) {45.8%}
2205  ... 
2236  -O                                                                        (1 = 0.7%) {46.5%}
2237  O                                                                         (0 = 0.0%) {47.2%}
2238  -O                                                                        (1 = 0.7%) {47.2%}
2239  ... 
2279  -O                                                                        (1 = 0.7%) {47.9%}
2280  O                                                                         (0 = 0.0%) {48.6%}
2281  -O                                                                        (1 = 0.7%) {48.6%}
2282  -O                                                                        (1 = 0.7%) {49.3%}
2283  -O                                                                        (1 = 0.7%) {50.0%}
2284  ... 
2286  -O                                                                        (1 = 0.7%) {50.7%}
2287  -O                                                                        (1 = 0.7%) {51.4%}
2288  -O                                                                        (1 = 0.7%) {52.1%}
2289  ... 
2291  -O                                                                        (1 = 0.7%) {52.8%}
2292  O                                                                         (0 = 0.0%) {53.5%}
2293  -O                                                                        (1 = 0.7%) {53.5%}
2294  O                                                                         (0 = 0.0%) {54.2%}
2295  -O                                                                        (1 = 0.7%) {54.2%}
2296  ... 
2298  -O                                                                        (1 = 0.7%) {54.9%}
2299  ... 
2316  -O                                                                        (1 = 0.7%) {55.6%}
2317  -O                                                                        (1 = 0.7%) {56.3%}
2318  O                                                                         (0 = 0.0%) {57.0%}
2319  -O                                                                        (1 = 0.7%) {57.0%}
2320  ... 
2355  -O                                                                        (1 = 0.7%) {57.7%}
2356  ... 
2361  -O                                                                        (1 = 0.7%) {58.5%}
2362  ... 
2387  -O                                                                        (1 = 0.7%) {59.2%}
2388  -O                                                                        (1 = 0.7%) {59.9%}
2389  ... 
2429  -O                                                                        (1 = 0.7%) {60.6%}
2430  ... 
2518  -O                                                                        (1 = 0.7%) {61.3%}
2519  ... 
2663  -O                                                                        (1 = 0.7%) {62.0%}
2664  ... 
2707  -O                                                                        (1 = 0.7%) {62.7%}
2708  ... 
2716  -O                                                                        (1 = 0.7%) {63.4%}
2717  ... 
2723  -O                                                                        (1 = 0.7%) {64.1%}
2724  ... 
2769  -O                                                                        (1 = 0.7%) {64.8%}
2770  ... 
2845  -O                                                                        (1 = 0.7%) {65.5%}
2846  -O                                                                        (1 = 0.7%) {66.2%}
2847  ... 
2903  -O                                                                        (1 = 0.7%) {66.9%}
2904  -O                                                                        (1 = 0.7%) {67.6%}
2905  ... 
2933  -O                                                                        (1 = 0.7%) {68.3%}
2934  ... 
3019  -O                                                                        (1 = 0.7%) {69.0%}
3020  ... 
3129  -O                                                                        (1 = 0.7%) {69.7%}
3130  -O                                                                        (1 = 0.7%) {70.4%}
3131  -O                                                                        (1 = 0.7%) {71.1%}
3132  -O                                                                        (1 = 0.7%) {71.8%}
3133  ... 
3279  -O                                                                        (1 = 0.7%) {72.5%}
3280  ... 
3350  -O                                                                        (1 = 0.7%) {73.2%}
3351  ... 
3414  -O                                                                        (1 = 0.7%) {73.9%}
3415  ... 
3580  -O                                                                        (1 = 0.7%) {74.6%}
3581  -O                                                                        (1 = 0.7%) {75.4%}
3582  ... 
3742  -O                                                                        (1 = 0.7%) {76.1%}
3743  ... 
3752  -O                                                                        (1 = 0.7%) {76.8%}
3753  ... 
3803  -O                                                                        (1 = 0.7%) {77.5%}
3804  ... 
3868  -O                                                                        (1 = 0.7%) {78.2%}
3869  ... 
3882  -O                                                                        (1 = 0.7%) {78.9%}
3883  ... 
4196  -O                                                                        (1 = 0.7%) {79.6%}
4197  ... 
4238  -O                                                                        (1 = 0.7%) {80.3%}
4239  ... 
4241  -O                                                                        (1 = 0.7%) {81.0%}
4242  -O                                                                        (1 = 0.7%) {81.7%}
4243  ... 
4317  -O                                                                        (1 = 0.7%) {82.4%}
4318  ... 
4392  -O                                                                        (1 = 0.7%) {83.1%}
4393  ... 
4471  -O                                                                        (1 = 0.7%) {83.8%}
4472  ... 
4877  -O                                                                        (1 = 0.7%) {84.5%}
4878  ... 
4961  -O                                                                        (1 = 0.7%) {85.2%}
4962  ... 
4994  -O                                                                        (1 = 0.7%) {85.9%}
4995  ... 
4997  -O                                                                        (1 = 0.7%) {86.6%}
4998  ... 
5061  -O                                                                        (1 = 0.7%) {87.3%}
5062  ... 
5184  -O                                                                        (1 = 0.7%) {88.0%}
5185  ... 
5284  -O                                                                        (1 = 0.7%) {88.7%}
5285  ... 
5290  -O                                                                        (1 = 0.7%) {89.4%}
5291  ... 
5293  -O                                                                        (1 = 0.7%) {90.1%}
5294  ... 
5298  -O                                                                        (1 = 0.7%) {90.8%}
5299  ... 
5337  -O                                                                        (1 = 0.7%) {91.5%}
5338  -O                                                                        (1 = 0.7%) {92.3%}
5339  -O                                                                        (1 = 0.7%) {93.0%}
5340  ... 
5346  -O                                                                        (1 = 0.7%) {93.7%}
5347  -O                                                                        (1 = 0.7%) {94.4%}
5348  ... 
5361  -O                                                                        (1 = 0.7%) {95.1%}
5362  ... 
5468  -O                                                                        (1 = 0.7%) {95.8%}
5469  -O                                                                        (1 = 0.7%) {96.5%}
5470  ... 
5489  -O                                                                        (1 = 0.7%) {97.2%}
5490  ... 
5492  -O                                                                        (1 = 0.7%) {97.9%}
5493  ... 
5599  -O                                                                        (1 = 0.7%) {98.6%}
5600  ... 
5818  -O                                                                        (1 = 0.7%) {99.3%}
5819  ... 

Histogram: Blink.UseCounter.MainFrame.Features recorded 94 samples, mean = 2412.0 (flags = 0x1)
0     ... 
13    -O                                                                        (1 = 1.1%) {0.0%}
14    ... 
31    -O                                                                        (1 = 1.1%) {1.1%}
32    ... 
45    -O                                                                        (1 = 1.1%) {2.1%}
46    ... 
49    -O                                                                        (1 = 1.1%) {3.2%}
50    ... 
52    -O                                                                        (1 = 1.1%) {4.3%}
53    ... 
69    -O                                                                        (1 = 1.1%) {5.3%}
70    ... 
83    -O                                                                        (1 = 1.1%) {6.4%}
84    -O                                                                        (1 = 1.1%) {7.4%}
85    ... 
190   -O                                                                        (1 = 1.1%) {8.5%}
191   ... 
200   -O                                                                        (1 = 1.1%) {9.6%}
201   ... 
574   -O                                                                        (1 = 1.1%) {10.6%}
575   ... 
587   -O                                                                        (1 = 1.1%) {11.7%}
588   -O                                                                        (1 = 1.1%) {12.8%}
589   O                                                                         (0 = 0.0%) {13.8%}
590   -O                                                                        (1 = 1.1%) {13.8%}
591   ... 
780   -O                                                                        (1 = 1.1%) {14.9%}
781   -O                                                                        (1 = 1.1%) {16.0%}
782   ... 
900   -O                                                                        (1 = 1.1%) {17.0%}
901   ... 
903   -O                                                                        (1 = 1.1%) {18.1%}
904   ... 
969   -O                                                                        (1 = 1.1%) {19.1%}
970   -O                                                                        (1 = 1.1%) {20.2%}
971   -O                                                                        (1 = 1.1%) {21.3%}
972   -O                                                                        (1 = 1.1%) {22.3%}
973   -O                                                                        (1 = 1.1%) {23.4%}
974   ... 
1017  -O                                                                        (1 = 1.1%) {24.5%}
1018  ... 
1023  -O                                                                        (1 = 1.1%) {25.5%}
1024  ... 
1067  -O                                                                        (1 = 1.1%) {26.6%}
1068  ... 
1075  -O                                                                        (1 = 1.1%) {27.7%}
1076  -O                                                                        (1 = 1.1%) {28.7%}
1077  ... 
1149  -O                                                                        (1 = 1.1%) {29.8%}
1150  ... 
1153  -O                                                                        (1 = 1.1%) {30.9%}
1154  ... 
1347  -O                                                                        (1 = 1.1%) {31.9%}
1348  ... 
1351  -O                                                                        (1 = 1.1%) {33.0%}
1352  ... 
1354  -O                                                                        (1 = 1.1%) {34.0%}
1355  ... 
1362  -O                                                                        (1 = 1.1%) {35.1%}
1363  ... 
1417  -O                                                                        (1 = 1.1%) {36.2%}
1418  ... 
1441  -O                                                                        (1 = 1.1%) {37.2%}
1442  ... 
1502  -O                                                                        (1 = 1.1%) {38.3%}
1503  ... 
1692  -O                                                                        (1 = 1.1%) {39.4%}
1693  ... 
1755  -O                                                                        (1 = 1.1%) {40.4%}
1756  ... 
1827  -O                                                                        (1 = 1.1%) {41.5%}
1828  ... 
1973  -O                                                                        (1 = 1.1%) {42.6%}
1974  ... 
2001  -O                                                                        (1 = 1.1%) {43.6%}
2002  ... 
2078  -O                                                                        (1 = 1.1%) {44.7%}
2079  ... 
2204  -O                                                                        (1 = 1.1%) {45.7%}
2205  ... 
2238  -O                                                                        (1 = 1.1%) {46.8%}
2239  ... 
2279  -O                                                                        (1 = 1.1%) {47.9%}
2280  O                                                                         (0 = 0.0%) {48.9%}
2281  -O                                                                        (1 = 1.1%) {48.9%}
2282  -O                                                                        (1 = 1.1%) {50.0%}
2283  -O                                                                        (1 = 1.1%) {51.1%}
2284  ... 
2286  -O                                                                        (1 = 1.1%) {52.1%}
2287  -O                                                                        (1 = 1.1%) {53.2%}
2288  -O                                                                        (1 = 1.1%) {54.3%}
2289  ... 
2291  -O                                                                        (1 = 1.1%) {55.3%}
2292  O                                                                         (0 = 0.0%) {56.4%}
2293  -O                                                                        (1 = 1.1%) {56.4%}
2294  O                                                                         (0 = 0.0%) {57.4%}
2295  -O                                                                        (1 = 1.1%) {57.4%}
2296  ... 
2298  -O                                                                        (1 = 1.1%) {58.5%}
2299  ... 
2316  -O                                                                        (1 = 1.1%) {59.6%}
2317  -O                                                                        (1 = 1.1%) {60.6%}
2318  O                                                                         (0 = 0.0%) {61.7%}
2319  -O                                                                        (1 = 1.1%) {61.7%}
2320  ... 
2355  -O                                                                        (1 = 1.1%) {62.8%}
2356  ... 
2387  -O                                                                        (1 = 1.1%) {63.8%}
2388  -O                                                                        (1 = 1.1%) {64.9%}
2389  ... 
2663  -O                                                                        (1 = 1.1%) {66.0%}
2664  ... 
2707  -O                                                                        (1 = 1.1%) {67.0%}
2708  ... 
2903  -O                                                                        (1 = 1.1%) {68.1%}
2904  -O                                                                        (1 = 1.1%) {69.1%}
2905  ... 
2933  -O                                                                        (1 = 1.1%) {70.2%}
2934  ... 
3019  -O                                                                        (1 = 1.1%) {71.3%}
3020  ... 
3414  -O                                                                        (1 = 1.1%) {72.3%}
3415  ... 
3580  -O                                                                        (1 = 1.1%) {73.4%}
3581  -O                                                                        (1 = 1.1%) {74.5%}
3582  ... 
3752  -O                                                                        (1 = 1.1%) {75.5%}
3753  ... 
3803  -O                                                                        (1 = 1.1%) {76.6%}
3804  ... 
3882  -O                                                                        (1 = 1.1%) {77.7%}
3883  ... 
4238  -O                                                                        (1 = 1.1%) {78.7%}
4239  ... 
4317  -O                                                                        (1 = 1.1%) {79.8%}
4318  ... 
4877  -O                                                                        (1 = 1.1%) {80.9%}
4878  ... 
4961  -O                                                                        (1 = 1.1%) {81.9%}
4962  ... 
4994  -O                                                                        (1 = 1.1%) {83.0%}
4995  ... 
4997  -O                                                                        (1 = 1.1%) {84.0%}
4998  ... 
5184  -O                                                                        (1 = 1.1%) {85.1%}
5185  ... 
5284  -O                                                                        (1 = 1.1%) {86.2%}
5285  ... 
5290  -O                                                                        (1 = 1.1%) {87.2%}
5291  ... 
5298  -O                                                                        (1 = 1.1%) {88.3%}
5299  ... 
5337  -O                                                                        (1 = 1.1%) {89.4%}
5338  -O                                                                        (1 = 1.1%) {90.4%}
5339  -O                                                                        (1 = 1.1%) {91.5%}
5340  ... 
5346  -O                                                                        (1 = 1.1%) {92.6%}
5347  -O                                                                        (1 = 1.1%) {93.6%}
5348  ... 
5361  -O                                                                        (1 = 1.1%) {94.7%}
5362  ... 
5468  -O                                                                        (1 = 1.1%) {95.7%}
5469  -O                                                                        (1 = 1.1%) {96.8%}
5470  ... 
5599  -O                                                                        (1 = 1.1%) {97.9%}
5600  ... 
5818  -O                                                                        (1 = 1.1%) {98.9%}
5819  ... 

Histogram: Blink.UseCounter.PermissionsPolicy.Allow2 recorded 0 samples (flags = 0x1)
0 ... 

Histogram: Blink.UseCounter.PermissionsPolicy.Header2 recorded 0 samples (flags = 0x1)
0 ... 

Histogram: Blink.UseCounter.PermissionsPolicy.PrivacySensitive.Enabled recorded 0 samples (flags = 0x1)
0 ... 

Histogram: Blink.UseCounter.PermissionsPolicy.Violation.Enforce recorded 0 samples (flags = 0x1)
0 ... 

Histogram: Blink.UseCounter.WebDXFeatures recorded 29 samples, mean = 164.9 (flags = 0x1)
0    -O                                                                        (1 = 3.4%)
1    ... 
8    -O                                                                        (1 = 3.4%) {3.4%}
9    -O                                                                        (1 = 3.4%) {6.9%}
10   O                                                                         (0 = 0.0%) {10.3%}
11   -O                                                                        (1 = 3.4%) {10.3%}
12   ... 
18   -O                                                                        (1 = 3.4%) {13.8%}
19   ... 
28   -O                                                                        (1 = 3.4%) {17.2%}
29   -O                                                                        (1 = 3.4%) {20.7%}
30   ... 
45   -O                                                                        (1 = 3.4%) {24.1%}
46   ... 
68   -O                                                                        (1 = 3.4%) {27.6%}
69   -O                                                                        (1 = 3.4%) {31.0%}
70   ... 
95   -O                                                                        (1 = 3.4%) {34.5%}
96   ... 
99   -O                                                                        (1 = 3.4%) {37.9%}
100  O                                                                         (0 = 0.0%) {41.4%}
101  -O                                                                        (1 = 3.4%) {41.4%}
102  ... 
124  -O                                                                        (1 = 3.4%) {44.8%}
125  ... 
131  -O                                                                        (1 = 3.4%) {48.3%}
132  ... 
168  -O                                                                        (1 = 3.4%) {51.7%}
169  ... 
185  -O                                                                        (1 = 3.4%) {55.2%}
186  ... 
189  -O                                                                        (1 = 3.4%) {58.6%}
190  ... 
200  -O                                                                        (1 = 3.4%) {62.1%}
201  ... 
260  -O                                                                        (1 = 3.4%) {65.5%}
261  ... 
275  -O                                                                        (1 = 3.4%) {69.0%}
276  ... 
302  -O                                                                        (1 = 3.4%) {72.4%}
303  ... 
316  -O                                                                        (1 = 3.4%) {75.9%}
317  ... 
323  -O                                                                        (1 = 3.4%) {79.3%}
324  ... 
330  -O                                                                        (1 = 3.4%) {82.8%}
331  ... 
335  -O                                                                        (1 = 3.4%) {86.2%}
336  ... 
341  -O                                                                        (1 = 3.4%) {89.7%}
342  O                                                                         (0 = 0.0%) {93.1%}
343  -O                                                                        (1 = 3.4%) {93.1%}
344  ... 
379  -O                                                                        (1 = 3.4%) {96.6%}
380  ... 

Histogram: Bookmarks.BookmarkBar.Shown recorded 1 samples, mean = 0.0 (flags = 0x1)
0  -O                                                                        (1 = 100.0%)
1  ... 

Histogram: Bookmarks.BookmarksFileLoadResult.Account.ClearText recorded 1 samples, mean = 1.0 (flags = 0x1)
0  O                                                                         (0 = 0.0%)
1  -O                                                                        (1 = 100.0%) {0.0%}
2  ... 

Histogram: Bookmarks.BookmarksFileLoadResult.LocalOrSyncable.ClearText recorded 1 samples, mean = 1.0 (flags = 0x1)
0  O                                                                         (0 = 0.0%)
1  -O                                                                        (1 = 100.0%) {0.0%}
2  ... 

Histogram: Bookmarks.Count.OnProfileLoad3 recorded 1 samples, mean = 0.0 (flags = 0x1)
0  -O                                                                        (1 = 100.0%)
1  ... 

Histogram: Bookmarks.Storage.TimeToLoadAtStartup2 recorded 1 samples, mean = 91.0 (flags = 0x1)
0   ... 
81  -O                                                                        (1 = 100.0%) {0.0%}
96  ... 

Histogram: Bookmarks.UserFolder.OnProfileLoad.BookmarkBarTopLevelItems recorded 1 samples, mean = 0.0 (flags = 0x1)
0  -O                                                                        (1 = 100.0%)
1  ... 

Histogram: Bookmarks.UserFolder.OnProfileLoad.Count recorded 1 samples, mean = 0.0 (flags = 0x1)
0  -O                                                                        (1 = 100.0%)
1  ... 

Histogram: Bookmarks.UserFolder.OnProfileLoad.TopLevelCount recorded 1 samples, mean = 0.0 (flags = 0x1)
0  -O                                                                        (1 = 100.0%)
1  ... 

Histogram: Bookmarks.Utilization.OnProfileLoad.PercentageUsed recorded 1 samples, mean = 0.0 (flags = 0x1)
0  -O                                                                        (1 = 100.0%)
1  ... 

Histogram: Bookmarks.Utilization.OnProfileLoad.TotalUnused recorded 1 samples, mean = 0.0 (flags = 0x1)
0  -O                                                                        (1 = 100.0%)
1  ... 

Histogram: Bookmarks.Utilization.OnProfileLoad.TotalUsed recorded 1 samples, mean = 0.0 (flags = 0x1)
0  -O                                                                        (1 = 100.0%)
1  ... 

Histogram: BrowserRenderProcessHost.ExistingRendererIsInitializedAndNotDead recorded 3 samples, mean = 1.0 (flags = 0x1)
0  O                                                                         (0 = 0.0%)
1  ---O                                                                      (3 = 100.0%) {0.0%}
2  O                                                                         (0 = 0.0%) {100.0%}

Histogram: BrowserRenderProcessHost.FastShutdownIfPossible.DelayReason recorded 1 samples, mean = 13.0 (flags = 0x1)
0   ... 
13  -O                                                                        (1 = 100.0%) {0.0%}
14  ... 

Histogram: BrowserRenderProcessHost.MaxOutermostMainFrames recorded 4 samples, mean = 1.2 (flags = 0x1)
0  -O                                                                        (1 = 25.0%)
1  -O                                                                        (1 = 25.0%) {25.0%}
2  --O                                                                       (2 = 50.0%) {50.0%}
3  ... 

Histogram: BrowserRenderProcessHost.NoSparePresentReason2 recorded 2 samples, mean = 8.0 (flags = 0x1)
0  ... 
8  --O                                                                       (2 = 100.0%) {0.0%}
9  ... 

Histogram: BrowserRenderProcessHost.NoSpareRenderer.AllocationSource.NotYetCreatedFirstLaunch recorded 2 samples, mean = 0.0 (flags = 0x1)
0  --O                                                                       (2 = 100.0%)
1  ... 

Histogram: BrowserRenderProcessHost.ReuseExistingProcess.ReusePolicy recorded 1 samples, mean = 0.0 (flags = 0x1)
0  -O                                                                        (1 = 100.0%)
1  ... 

Histogram: BrowserRenderProcessHost.SiteInstanceRenderProcessAssignment recorded 5 samples, mean = 2.2 (flags = 0x1)
0  O                                                                         (0 = 0.0%)
1  -O                                                                        (1 = 20.0%) {0.0%}
2  --O                                                                       (2 = 40.0%) {20.0%}
3  --O                                                                       (2 = 40.0%) {60.0%}
4  O                                                                         (0 = 0.0%) {100.0%}

Histogram: BrowserRenderProcessHost.SpareProcessEvictedOtherSpare recorded 3 samples, mean = 0.0 (flags = 0x1)
0  ---O                                                                      (3 = 100.0%)
1  ... 

Histogram: BrowserRenderProcessHost.SpareProcessMaybeTakeAction recorded 4 samples, mean = 2.0 (flags = 0x1)
0  --O                                                                       (2 = 50.0%)
1  ... 
4  --O                                                                       (2 = 50.0%) {50.0%}
5  ... 

Histogram: BrowserRenderProcessHost.SpareProcessMaybeTakeAction.NavigationRequest recorded 1 samples, mean = 4.0 (flags = 0x1)
0  ... 
4  -O                                                                        (1 = 100.0%) {0.0%}
5  ... 

Histogram: BrowserRenderProcessHost.SpareProcessMaybeTakeTime recorded 2 samples, mean = 308.5 (flags = 0x1)
0    ... 
64   -O                                                                        (1 = 50.0%) {0.0%}
87   ... 
398  -O                                                                        (1 = 50.0%) {50.0%}
539  ... 

Histogram: BrowserRenderProcessHost.SpareProcessMaybeTakeTime.SpareTaken recorded 2 samples, mean = 308.5 (flags = 0x1)
0    ... 
64   -O                                                                        (1 = 50.0%) {0.0%}
87   ... 
398  -O                                                                        (1 = 50.0%) {50.0%}
539  ... 

Histogram: BrowserRenderProcessHost.SpareProcessStartupTime recorded 3 samples, mean = 33.7 (flags = 0x1)
0   ... 
20  -O                                                                        (1 = 33.3%) {0.0%}
24  ... 
34  -O                                                                        (1 = 33.3%) {33.3%}
40  -O                                                                        (1 = 33.3%) {66.7%}
48  ... 

Histogram: BrowserRenderProcessHost.SpareRendererDispatchResult recorded 3 samples, mean = 1.7 (flags = 0x1)
0  --O                                                                       (2 = 66.7%)
1  ... 
5  -O                                                                        (1 = 33.3%) {66.7%}
6  ... 

Histogram: BrowserRenderProcessHost.SpareRendererTaken.IsReady recorded 2 samples, mean = 1.0 (flags = 0x1)
0  O                                                                         (0 = 0.0%)
1  --O                                                                       (2 = 100.0%) {0.0%}
2  O                                                                         (0 = 0.0%) {100.0%}

Histogram: BrowserRenderProcessHost.SpareRendererTaken.TimeSinceCreation recorded 2 samples, mean = 308.5 (flags = 0x1)
0    ... 
64   -O                                                                        (1 = 50.0%) {0.0%}
87   ... 
398  -O                                                                        (1 = 50.0%) {50.0%}
539  ... 

Histogram: BrowserScheduler.UIThread.TaskOffCpuDuration recorded 2 samples, mean = 1.0 (flags = 0x1)
0  -O                                                                        (1 = 50.0%)
1  O                                                                         (0 = 0.0%) {50.0%}
2  -O                                                                        (1 = 50.0%) {50.0%}
3  ... 

Histogram: BrowserScheduler.UIThread.TaskOnCpuDuration recorded 2 samples, mean = 74.5 (flags = 0x1)
0    ... 
6    -O                                                                        (1 = 50.0%) {0.0%}
8    ... 
119  -O                                                                        (1 = 50.0%) {50.0%}
149  ... 

Histogram: BrowserScheduler.UIThread.TaskOnCpuPercentage recorded 2 samples, mean = 109.0 (flags = 0x1)
0    ... 
98   -O                                                                        (1 = 50.0%) {0.0%}
99   ... 
101  -O                                                                        (1 = 50.0%) {50.0%}

Histogram: BrowserSwitcher.ExternalGreylistSize recorded 1 samples, mean = 0.0 (flags = 0x1)
0  -O                                                                        (1 = 100.0%)
1  ... 

Histogram: BrowserSwitcher.ExternalSitelistSize recorded 1 samples, mean = 0.0 (flags = 0x1)
0  -O                                                                        (1 = 100.0%)
1  ... 

Histogram: BrowserSwitcher.IeemSitelistSize recorded 1 samples, mean = 0.0 (flags = 0x1)
0  -O                                                                        (1 = 100.0%)
1  ... 

Histogram: CertificateType2.BR.Leaf.ECDSA recorded 12 samples, mean = 256.0 (flags = 0x1)
0    ... 
256  ------------O                                                             (12 = 100.0%) {0.0%}
257  ... 

Histogram: CertificateType2.BR.Root.RSA recorded 12 samples, mean = 2048.0 (flags = 0x1)
0     ... 
2048  ------------O                                                             (12 = 100.0%) {0.0%}
2049  ... 

Histogram: ChildProcess.Launched.UtilityProcessHash recorded 3 samples (flags = 0x1)
-2043041185-O                                                                        (1 = 33.3%)
-1468742076-O                                                                        (1 = 33.3%)
331504207  -O                                                                        (1 = 33.3%)

Histogram: Chrome.DWriteFontProxy.InvokedIPC recorded 31 samples, mean = 1.4 (flags = 0x1)
0  --------------O                                                           (14 = 45.2%)
1  ----O                                                                     (4 = 12.9%) {45.2%}
2  O                                                                         (0 = 0.0%) {58.1%}
3  -------------O                                                            (13 = 41.9%) {58.1%}
4  ... 

Histogram: Chrome.Headless.Action recorded 1 samples, mean = 3.0 (flags = 0x1)
0  ... 
3  -O                                                                        (1 = 100.0%) {0.0%}
4  ... 

Histogram: Chrome.ProcessSingleton.NotifyResult recorded 1 samples, mean = 0.0 (flags = 0x1)
0  -O                                                                        (1 = 100.0%)
1  ... 

Histogram: Chrome.ProcessSingleton.TimeToCreate recorded 1 samples, mean = 0.0 (flags = 0x1)
0  -O                                                                        (1 = 100.0%)
10 ... 

Histogram: Chrome.SystemNetworkContextManager.NetworkSandboxState recorded 4 samples, mean = 0.0 (flags = 0x1)
0  ----O                                                                     (4 = 100.0%)
1  ... 

Histogram: ClientHints.AcceptCHFrame recorded 1 samples, mean = 0.0 (flags = 0x1)
0  -O                                                                        (1 = 100.0%)
1  ... 

Histogram: ClientHints.CriticalCHRestart recorded 4 samples, mean = 0.0 (flags = 0x1)
0  ----O                                                                     (4 = 100.0%)
1  ... 

Histogram: ClientHints.FetchLatency_PrefRead recorded 11 samples, mean = 6.2 (flags = 0x1)
0   ... 
2   ---O                                                                      (3 = 27.3%) {0.0%}
3   --O                                                                       (2 = 18.2%) {27.3%}
4   O                                                                         (0 = 0.0%) {45.5%}
6   --O                                                                       (2 = 18.2%) {45.5%}
8   ---O                                                                      (3 = 27.3%) {63.6%}
11  O                                                                         (0 = 0.0%) {90.9%}
15  -O                                                                        (1 = 9.1%) {90.9%}
21  ... 

Histogram: ClientHints.FetchLatency_PrerenderHost recorded 11 samples, mean = 0.0 (flags = 0x1)
0  -----------O                                                              (11 = 100.0%)
1  ... 

Histogram: ClientHints.FetchLatency_Total recorded 11 samples, mean = 6.2 (flags = 0x1)
0   ... 
2   ---O                                                                      (3 = 27.3%) {0.0%}
3   --O                                                                       (2 = 18.2%) {27.3%}
4   O                                                                         (0 = 0.0%) {45.5%}
6   --O                                                                       (2 = 18.2%) {45.5%}
8   ---O                                                                      (3 = 27.3%) {63.6%}
11  O                                                                         (0 = 0.0%) {90.9%}
15  -O                                                                        (1 = 9.1%) {90.9%}
21  ... 

Histogram: Commerce.PriceTracking.DanglingUserSubscriptionCountAtStartup recorded 1 samples, mean = 0.0 (flags = 0x1)
0  -O                                                                        (1 = 100.0%)
1  ... 

Histogram: ComponentUpdater.PlatformRuntime.RequestHeaderIntegrityResult recorded 5 samples, mean = 1.0 (flags = 0x1)
0  O                                                                         (0 = 0.0%)
1  -----O                                                                    (5 = 100.0%) {0.0%}
2  ... 

Histogram: Compositing.Browser.CompositorFrame.Quads recorded 86 samples, mean = 27.0 (flags = 0x1)
0   -O                                                                        (1 = 1.2%)
1   O                                                                         (0 = 0.0%) {1.2%}
2   -O                                                                        (1 = 1.2%) {1.2%}
3   ------------O                                                             (12 = 14.0%) {2.3%}
4   ... 
20  -O                                                                        (1 = 1.2%) {16.3%}
23  O                                                                         (0 = 0.0%) {17.4%}
26  -------------------------O                                                (25 = 29.1%) {17.4%}
29  O                                                                         (0 = 0.0%) {46.5%}
33  ----------------------------------------------O                           (46 = 53.5%) {46.5%}
37  ... 

Histogram: Compositing.Browser.LayersUpdateTime recorded 88 samples, mean = 126.3 (flags = 0x1)
0     ... 
6     --O                                                                       (2 = 2.3%) {0.0%}
8     -------O                                                                  (7 = 8.0%) {2.3%}
11    ---O                                                                      (3 = 3.4%) {10.2%}
15    -O                                                                        (1 = 1.1%) {13.6%}
21    -O                                                                        (1 = 1.1%) {14.8%}
29    -O                                                                        (1 = 1.1%) {15.9%}
40    O                                                                         (0 = 0.0%) {17.0%}
55    --------------O                                                           (14 = 15.9%) {17.0%}
76    --------------------------------------O                                   (38 = 43.2%) {33.0%}
105   --------O                                                                 (8 = 9.1%) {76.1%}
146   ---O                                                                      (3 = 3.4%) {85.2%}
203   -----O                                                                    (5 = 5.7%) {88.6%}
282   O                                                                         (0 = 0.0%) {94.3%}
391   --O                                                                       (2 = 2.3%) {94.3%}
542   O                                                                         (0 = 0.0%) {96.6%}
752   --O                                                                       (2 = 2.3%) {96.6%}
1043  -O                                                                        (1 = 1.1%) {98.9%}
1447  ... 

Histogram: Compositing.ResourcePool.PeakMemoryUsage recorded 2 samples, mean = 2.0 (flags = 0x1)
0  -O                                                                        (1 = 50.0%)
1  ... 
4  -O                                                                        (1 = 50.0%) {50.0%}
5  ... 

Histogram: Compositing.ResourcePool.PeakMemoryUsage.NonZero recorded 2 samples, mean = 2.0 (flags = 0x1)
0  -O                                                                        (1 = 50.0%)
1  ... 
4  -O                                                                        (1 = 50.0%) {50.0%}
5  ... 

Histogram: Compositing.ResourcePool.PeakResourceCount recorded 2 samples, mean = 21.5 (flags = 0x1)
0   ... 
2   -O                                                                        (1 = 50.0%) {0.0%}
3   ... 
40  -O                                                                        (1 = 50.0%) {50.0%}
48  ... 

Histogram: ContentSettings.NumberOfExceptions recorded 1 samples, mean = 6.0 (flags = 0x1)
0  ... 
5  -O                                                                        (1 = 100.0%) {0.0%}
7  ... 

Histogram: ContentSettings.Popups.StrongBlockerActions recorded 2 samples, mean = 0.0 (flags = 0x1)
0  --O                                                                       (2 = 100.0%)
1  ... 

Histogram: ContentSettings.RegularProfile.DefaultAutoVerifySetting recorded 1 samples, mean = 1.0 (flags = 0x1)
0  O                                                                         (0 = 0.0%)
1  -O                                                                        (1 = 100.0%) {0.0%}
2  ... 

Histogram: ContentSettings.RegularProfile.DefaultAutoplaySetting recorded 1 samples, mean = 1.0 (flags = 0x1)
0  O                                                                         (0 = 0.0%)
1  -O                                                                        (1 = 100.0%) {0.0%}
2  ... 

Histogram: ContentSettings.RegularProfile.DefaultCookiesSetting recorded 1 samples, mean = 1.0 (flags = 0x1)
0  O                                                                         (0 = 0.0%)
1  -O                                                                        (1 = 100.0%) {0.0%}
2  ... 

Histogram: ContentSettings.RegularProfile.DefaultIdleDetectionSetting recorded 1 samples, mean = 3.0 (flags = 0x1)
0  ... 
3  -O                                                                        (1 = 100.0%) {0.0%}
4  ... 

Histogram: ContentSettings.RegularProfile.DefaultImagesSetting recorded 1 samples, mean = 1.0 (flags = 0x1)
0  O                                                                         (0 = 0.0%)
1  -O                                                                        (1 = 100.0%) {0.0%}
2  ... 

Histogram: ContentSettings.RegularProfile.DefaultJavaScriptOptimizationSetting recorded 1 samples, mean = 1.0 (flags = 0x1)
0  O                                                                         (0 = 0.0%)
1  -O                                                                        (1 = 100.0%) {0.0%}
2  ... 

Histogram: ContentSettings.RegularProfile.DefaultJavaScriptSetting recorded 1 samples, mean = 1.0 (flags = 0x1)
0  O                                                                         (0 = 0.0%)
1  -O                                                                        (1 = 100.0%) {0.0%}
2  ... 

Histogram: ContentSettings.RegularProfile.DefaultLocationSetting recorded 1 samples, mean = 3.0 (flags = 0x1)
0  ... 
3  -O                                                                        (1 = 100.0%) {0.0%}
4  ... 

Histogram: ContentSettings.RegularProfile.DefaultMIDISysExSetting recorded 1 samples, mean = 3.0 (flags = 0x1)
0  ... 
3  -O                                                                        (1 = 100.0%) {0.0%}
4  ... 

Histogram: ContentSettings.RegularProfile.DefaultMediaStreamCameraSetting recorded 1 samples, mean = 3.0 (flags = 0x1)
0  ... 
3  -O                                                                        (1 = 100.0%) {0.0%}
4  ... 

Histogram: ContentSettings.RegularProfile.DefaultMediaStreamMicSetting recorded 1 samples, mean = 3.0 (flags = 0x1)
0  ... 
3  -O                                                                        (1 = 100.0%) {0.0%}
4  ... 

Histogram: ContentSettings.RegularProfile.DefaultNotificationsSetting recorded 1 samples, mean = 3.0 (flags = 0x1)
0  ... 
3  -O                                                                        (1 = 100.0%) {0.0%}
4  ... 

Histogram: ContentSettings.RegularProfile.DefaultPopupsSetting recorded 1 samples, mean = 2.0 (flags = 0x1)
0  ... 
2  -O                                                                        (1 = 100.0%) {0.0%}
3  ... 

Histogram: ContentSettings.RegularProfile.DefaultSensorsSetting recorded 1 samples, mean = 1.0 (flags = 0x1)
0  O                                                                         (0 = 0.0%)
1  -O                                                                        (1 = 100.0%) {0.0%}
2  ... 

Histogram: ContentSettings.RegularProfile.DefaultSoundSetting recorded 1 samples, mean = 1.0 (flags = 0x1)
0  O                                                                         (0 = 0.0%)
1  -O                                                                        (1 = 100.0%) {0.0%}
2  ... 

Histogram: ContentSettings.RegularProfile.DefaultSubresourceFilterSetting recorded 1 samples, mean = 2.0 (flags = 0x1)
0  ... 
2  -O                                                                        (1 = 100.0%) {0.0%}
3  ... 

Histogram: ContentSettings.RegularProfile.DefaultUsbGuardSetting recorded 1 samples, mean = 3.0 (flags = 0x1)
0  ... 
3  -O                                                                        (1 = 100.0%) {0.0%}
4  ... 

Histogram: ContentSettings.RegularProfile.DefaultWebBluetoothGuardSetting recorded 1 samples, mean = 3.0 (flags = 0x1)
0  ... 
3  -O                                                                        (1 = 100.0%) {0.0%}
4  ... 

Histogram: ContentSettings.RegularProfile.Exceptions.abusive-notification-permissions recorded 1 samples, mean = 0.0 (flags = 0x1)
0  -O                                                                        (1 = 100.0%)
1  ... 

Histogram: ContentSettings.RegularProfile.Exceptions.access-to-get-all-screens-media-in-session recorded 1 samples, mean = 0.0 (flags = 0x1)
0  -O                                                                        (1 = 100.0%)
1  ... 

Histogram: ContentSettings.RegularProfile.Exceptions.anti-abuse recorded 1 samples, mean = 0.0 (flags = 0x1)
0  -O                                                                        (1 = 100.0%)
1  ... 

Histogram: ContentSettings.RegularProfile.Exceptions.app-banner recorded 1 samples, mean = 1.0 (flags = 0x1)
0  O                                                                         (0 = 0.0%)
1  -O                                                                        (1 = 100.0%) {0.0%}
2  ... 

Histogram: ContentSettings.RegularProfile.Exceptions.ar recorded 1 samples, mean = 0.0 (flags = 0x1)
0  -O                                                                        (1 = 100.0%)
1  ... 

Histogram: ContentSettings.RegularProfile.Exceptions.are-suspicious-notifications-allowlisted-by-user recorded 1 samples, mean = 0.0 (flags = 0x1)
0  -O                                                                        (1 = 100.0%)
1  ... 

Histogram: ContentSettings.RegularProfile.Exceptions.auto-picture-in-picture recorded 1 samples, mean = 0.0 (flags = 0x1)
0  -O                                                                        (1 = 100.0%)
1  ... 

Histogram: ContentSettings.RegularProfile.Exceptions.auto-select-certificate recorded 1 samples, mean = 0.0 (flags = 0x1)
0  -O                                                                        (1 = 100.0%)
1  ... 

Histogram: ContentSettings.RegularProfile.Exceptions.automatic-downloads recorded 1 samples, mean = 0.0 (flags = 0x1)
0  -O                                                                        (1 = 100.0%)
1  ... 

Histogram: ContentSettings.RegularProfile.Exceptions.automatic-fullscreen recorded 1 samples, mean = 0.0 (flags = 0x1)
0  -O                                                                        (1 = 100.0%)
1  ... 

Histogram: ContentSettings.RegularProfile.Exceptions.autoplay recorded 1 samples, mean = 0.0 (flags = 0x1)
0  -O                                                                        (1 = 100.0%)
1  ... 

Histogram: ContentSettings.RegularProfile.Exceptions.background-sync recorded 1 samples, mean = 0.0 (flags = 0x1)
0  -O                                                                        (1 = 100.0%)
1  ... 

Histogram: ContentSettings.RegularProfile.Exceptions.bluetooth-chooser-data recorded 1 samples, mean = 0.0 (flags = 0x1)
0  -O                                                                        (1 = 100.0%)
1  ... 

Histogram: ContentSettings.RegularProfile.Exceptions.bluetooth-guard recorded 1 samples, mean = 0.0 (flags = 0x1)
0  -O                                                                        (1 = 100.0%)
1  ... 

Histogram: ContentSettings.RegularProfile.Exceptions.bluetooth-scanning recorded 1 samples, mean = 0.0 (flags = 0x1)
0  -O                                                                        (1 = 100.0%)
1  ... 

Histogram: ContentSettings.RegularProfile.Exceptions.camera-pan-tilt-zoom recorded 1 samples, mean = 0.0 (flags = 0x1)
0  -O                                                                        (1 = 100.0%)
1  ... 

Histogram: ContentSettings.RegularProfile.Exceptions.captured-surface-control recorded 1 samples, mean = 0.0 (flags = 0x1)
0  -O                                                                        (1 = 100.0%)
1  ... 

Histogram: ContentSettings.RegularProfile.Exceptions.client-hints recorded 1 samples, mean = 0.0 (flags = 0x1)
0  -O                                                                        (1 = 100.0%)
1  ... 

Histogram: ContentSettings.RegularProfile.Exceptions.clipboard recorded 1 samples, mean = 0.0 (flags = 0x1)
0  -O                                                                        (1 = 100.0%)
1  ... 

Histogram: ContentSettings.RegularProfile.Exceptions.controlled-frame recorded 1 samples, mean = 0.0 (flags = 0x1)
0  -O                                                                        (1 = 100.0%)
1  ... 

Histogram: ContentSettings.RegularProfile.Exceptions.cookie-controls-metadata recorded 1 samples, mean = 1.0 (flags = 0x1)
0  O                                                                         (0 = 0.0%)
1  -O                                                                        (1 = 100.0%) {0.0%}
2  ... 

Histogram: ContentSettings.RegularProfile.Exceptions.cookies recorded 1 samples, mean = 0.0 (flags = 0x1)
0  -O                                                                        (1 = 100.0%)
1  ... 

Histogram: ContentSettings.RegularProfile.Exceptions.cookies.Allow recorded 1 samples, mean = 0.0 (flags = 0x1)
0  -O                                                                        (1 = 100.0%)
1  ... 

Histogram: ContentSettings.RegularProfile.Exceptions.cookies.AllowThirdParty recorded 1 samples, mean = 0.0 (flags = 0x1)
0  -O                                                                        (1 = 100.0%)
1  ... 

Histogram: ContentSettings.RegularProfile.Exceptions.cookies.Block recorded 1 samples, mean = 0.0 (flags = 0x1)
0  -O                                                                        (1 = 100.0%)
1  ... 

Histogram: ContentSettings.RegularProfile.Exceptions.cookies.DomainWildcardAllowThirdParty recorded 1 samples, mean = 0.0 (flags = 0x1)
0  -O                                                                        (1 = 100.0%)
1  ... 

Histogram: ContentSettings.RegularProfile.Exceptions.cookies.SessionOnly recorded 1 samples, mean = 0.0 (flags = 0x1)
0  -O                                                                        (1 = 100.0%)
1  ... 

Histogram: ContentSettings.RegularProfile.Exceptions.cookies.TemporaryAllowThirdParty recorded 1 samples, mean = 0.0 (flags = 0x1)
0  -O                                                                        (1 = 100.0%)
1  ... 

Histogram: ContentSettings.RegularProfile.Exceptions.direct-sockets recorded 1 samples, mean = 0.0 (flags = 0x1)
0  -O                                                                        (1 = 100.0%)
1  ... 

Histogram: ContentSettings.RegularProfile.Exceptions.direct-sockets-private-network-access recorded 1 samples, mean = 0.0 (flags = 0x1)
0  -O                                                                        (1 = 100.0%)
1  ... 

Histogram: ContentSettings.RegularProfile.Exceptions.display-media-system-audio recorded 1 samples, mean = 0.0 (flags = 0x1)
0  -O                                                                        (1 = 100.0%)
1  ... 

Histogram: ContentSettings.RegularProfile.Exceptions.disruptive-notification-permissions recorded 1 samples, mean = 0.0 (flags = 0x1)
0  -O                                                                        (1 = 100.0%)
1  ... 

Histogram: ContentSettings.RegularProfile.Exceptions.durable-storage recorded 1 samples, mean = 0.0 (flags = 0x1)
0  -O                                                                        (1 = 100.0%)
1  ... 

Histogram: ContentSettings.RegularProfile.Exceptions.fedcm-idp-registration recorded 1 samples, mean = 0.0 (flags = 0x1)
0  -O                                                                        (1 = 100.0%)
1  ... 

Histogram: ContentSettings.RegularProfile.Exceptions.fedcm-idp-signin recorded 1 samples, mean = 1.0 (flags = 0x1)
0  O                                                                         (0 = 0.0%)
1  -O                                                                        (1 = 100.0%) {0.0%}
2  ... 

Histogram: ContentSettings.RegularProfile.Exceptions.fedcm-share recorded 1 samples, mean = 0.0 (flags = 0x1)
0  -O                                                                        (1 = 100.0%)
1  ... 

Histogram: ContentSettings.RegularProfile.Exceptions.file-system-access-chooser-data recorded 1 samples, mean = 0.0 (flags = 0x1)
0  -O                                                                        (1 = 100.0%)
1  ... 

Histogram: ContentSettings.RegularProfile.Exceptions.file-system-access-extended-permission recorded 1 samples, mean = 0.0 (flags = 0x1)
0  -O                                                                        (1 = 100.0%)
1  ... 

Histogram: ContentSettings.RegularProfile.Exceptions.file-system-access-restore-permission recorded 1 samples, mean = 0.0 (flags = 0x1)
0  -O                                                                        (1 = 100.0%)
1  ... 

Histogram: ContentSettings.RegularProfile.Exceptions.file-system-last-picked-directory recorded 1 samples, mean = 0.0 (flags = 0x1)
0  -O                                                                        (1 = 100.0%)
1  ... 

Histogram: ContentSettings.RegularProfile.Exceptions.file-system-read-guard recorded 1 samples, mean = 0.0 (flags = 0x1)
0  -O                                                                        (1 = 100.0%)
1  ... 

Histogram: ContentSettings.RegularProfile.Exceptions.file-system-write-guard recorded 1 samples, mean = 0.0 (flags = 0x1)
0  -O                                                                        (1 = 100.0%)
1  ... 

Histogram: ContentSettings.RegularProfile.Exceptions.formfill-metadata recorded 1 samples, mean = 0.0 (flags = 0x1)
0  -O                                                                        (1 = 100.0%)
1  ... 

Histogram: ContentSettings.RegularProfile.Exceptions.geolocation recorded 1 samples, mean = 0.0 (flags = 0x1)
0  -O                                                                        (1 = 100.0%)
1  ... 

Histogram: ContentSettings.RegularProfile.Exceptions.geolocation-with-options recorded 1 samples, mean = 0.0 (flags = 0x1)
0  -O                                                                        (1 = 100.0%)
1  ... 

Histogram: ContentSettings.RegularProfile.Exceptions.hand-tracking recorded 1 samples, mean = 0.0 (flags = 0x1)
0  -O                                                                        (1 = 100.0%)
1  ... 

Histogram: ContentSettings.RegularProfile.Exceptions.hid-chooser-data recorded 1 samples, mean = 0.0 (flags = 0x1)
0  -O                                                                        (1 = 100.0%)
1  ... 

Histogram: ContentSettings.RegularProfile.Exceptions.hid-guard recorded 1 samples, mean = 0.0 (flags = 0x1)
0  -O                                                                        (1 = 100.0%)
1  ... 

Histogram: ContentSettings.RegularProfile.Exceptions.http-allowed recorded 1 samples, mean = 0.0 (flags = 0x1)
0  -O                                                                        (1 = 100.0%)
1  ... 

Histogram: ContentSettings.RegularProfile.Exceptions.https-enforced recorded 1 samples, mean = 0.0 (flags = 0x1)
0  -O                                                                        (1 = 100.0%)
1  ... 

Histogram: ContentSettings.RegularProfile.Exceptions.idle-detection recorded 1 samples, mean = 0.0 (flags = 0x1)
0  -O                                                                        (1 = 100.0%)
1  ... 

Histogram: ContentSettings.RegularProfile.Exceptions.images recorded 1 samples, mean = 0.0 (flags = 0x1)
0  -O                                                                        (1 = 100.0%)
1  ... 

Histogram: ContentSettings.RegularProfile.Exceptions.important-site-info recorded 1 samples, mean = 0.0 (flags = 0x1)
0  -O                                                                        (1 = 100.0%)
1  ... 

Histogram: ContentSettings.RegularProfile.Exceptions.initialized-translations recorded 1 samples, mean = 0.0 (flags = 0x1)
0  -O                                                                        (1 = 100.0%)
1  ... 

Histogram: ContentSettings.RegularProfile.Exceptions.intent-picker-auto-display recorded 1 samples, mean = 0.0 (flags = 0x1)
0  -O                                                                        (1 = 100.0%)
1  ... 

Histogram: ContentSettings.RegularProfile.Exceptions.javascript recorded 1 samples, mean = 0.0 (flags = 0x1)
0  -O                                                                        (1 = 100.0%)
1  ... 

Histogram: ContentSettings.RegularProfile.Exceptions.javascript-jit recorded 1 samples, mean = 0.0 (flags = 0x1)
0  -O                                                                        (1 = 100.0%)
1  ... 

Histogram: ContentSettings.RegularProfile.Exceptions.javascript-jit.Allow recorded 1 samples, mean = 0.0 (flags = 0x1)
0  -O                                                                        (1 = 100.0%)
1  ... 

Histogram: ContentSettings.RegularProfile.Exceptions.javascript-jit.Block recorded 1 samples, mean = 0.0 (flags = 0x1)
0  -O                                                                        (1 = 100.0%)
1  ... 

Histogram: ContentSettings.RegularProfile.Exceptions.javascript-optimizer recorded 1 samples, mean = 0.0 (flags = 0x1)
0  -O                                                                        (1 = 100.0%)
1  ... 

Histogram: ContentSettings.RegularProfile.Exceptions.javascript-optimizer.Allow recorded 1 samples, mean = 0.0 (flags = 0x1)
0  -O                                                                        (1 = 100.0%)
1  ... 

Histogram: ContentSettings.RegularProfile.Exceptions.javascript-optimizer.Block recorded 1 samples, mean = 0.0 (flags = 0x1)
0  -O                                                                        (1 = 100.0%)
1  ... 

Histogram: ContentSettings.RegularProfile.Exceptions.keyboard-lock recorded 1 samples, mean = 0.0 (flags = 0x1)
0  -O                                                                        (1 = 100.0%)
1  ... 

Histogram: ContentSettings.RegularProfile.Exceptions.legacy-cookie-access recorded 1 samples, mean = 0.0 (flags = 0x1)
0  -O                                                                        (1 = 100.0%)
1  ... 

Histogram: ContentSettings.RegularProfile.Exceptions.legacy-cookie-scope recorded 1 samples, mean = 0.0 (flags = 0x1)
0  -O                                                                        (1 = 100.0%)
1  ... 

Histogram: ContentSettings.RegularProfile.Exceptions.local-fonts recorded 1 samples, mean = 0.0 (flags = 0x1)
0  -O                                                                        (1 = 100.0%)
1  ... 

Histogram: ContentSettings.RegularProfile.Exceptions.local-network recorded 1 samples, mean = 0.0 (flags = 0x1)
0  -O                                                                        (1 = 100.0%)
1  ... 

Histogram: ContentSettings.RegularProfile.Exceptions.local-network-access recorded 1 samples, mean = 0.0 (flags = 0x1)
0  -O                                                                        (1 = 100.0%)
1  ... 

Histogram: ContentSettings.RegularProfile.Exceptions.loopback-network recorded 1 samples, mean = 0.0 (flags = 0x1)
0  -O                                                                        (1 = 100.0%)
1  ... 

Histogram: ContentSettings.RegularProfile.Exceptions.media-engagement recorded 1 samples, mean = 1.0 (flags = 0x1)
0  O                                                                         (0 = 0.0%)
1  -O                                                                        (1 = 100.0%) {0.0%}
2  ... 

Histogram: ContentSettings.RegularProfile.Exceptions.media-stream-camera recorded 1 samples, mean = 0.0 (flags = 0x1)
0  -O                                                                        (1 = 100.0%)
1  ... 

Histogram: ContentSettings.RegularProfile.Exceptions.media-stream-mic recorded 1 samples, mean = 0.0 (flags = 0x1)
0  -O                                                                        (1 = 100.0%)
1  ... 

Histogram: ContentSettings.RegularProfile.Exceptions.midi-sysex recorded 1 samples, mean = 0.0 (flags = 0x1)
0  -O                                                                        (1 = 100.0%)
1  ... 

Histogram: ContentSettings.RegularProfile.Exceptions.mixed-script recorded 1 samples, mean = 0.0 (flags = 0x1)
0  -O                                                                        (1 = 100.0%)
1  ... 

Histogram: ContentSettings.RegularProfile.Exceptions.nfc-devices recorded 1 samples, mean = 0.0 (flags = 0x1)
0  -O                                                                        (1 = 100.0%)
1  ... 

Histogram: ContentSettings.RegularProfile.Exceptions.notification-interactions recorded 1 samples, mean = 0.0 (flags = 0x1)
0  -O                                                                        (1 = 100.0%)
1  ... 

Histogram: ContentSettings.RegularProfile.Exceptions.notification-permission-review recorded 1 samples, mean = 0.0 (flags = 0x1)
0  -O                                                                        (1 = 100.0%)
1  ... 

Histogram: ContentSettings.RegularProfile.Exceptions.notifications recorded 1 samples, mean = 0.0 (flags = 0x1)
0  -O                                                                        (1 = 100.0%)
1  ... 

Histogram: ContentSettings.RegularProfile.Exceptions.ondevice-languages-downloaded recorded 1 samples, mean = 0.0 (flags = 0x1)
0  -O                                                                        (1 = 100.0%)
1  ... 

Histogram: ContentSettings.RegularProfile.Exceptions.password-protection recorded 1 samples, mean = 0.0 (flags = 0x1)
0  -O                                                                        (1 = 100.0%)
1  ... 

Histogram: ContentSettings.RegularProfile.Exceptions.payment-handler recorded 1 samples, mean = 0.0 (flags = 0x1)
0  -O                                                                        (1 = 100.0%)
1  ... 

Histogram: ContentSettings.RegularProfile.Exceptions.permission-actions-history recorded 1 samples, mean = 0.0 (flags = 0x1)
0  -O                                                                        (1 = 100.0%)
1  ... 

Histogram: ContentSettings.RegularProfile.Exceptions.permission-autoblocking-data recorded 1 samples, mean = 0.0 (flags = 0x1)
0  -O                                                                        (1 = 100.0%)
1  ... 

Histogram: ContentSettings.RegularProfile.Exceptions.permission-autorevocation-data recorded 1 samples, mean = 0.0 (flags = 0x1)
0  -O                                                                        (1 = 100.0%)
1  ... 

Histogram: ContentSettings.RegularProfile.Exceptions.pointer-lock recorded 1 samples, mean = 0.0 (flags = 0x1)
0  -O                                                                        (1 = 100.0%)
1  ... 

Histogram: ContentSettings.RegularProfile.Exceptions.popups recorded 1 samples, mean = 0.0 (flags = 0x1)
0  -O                                                                        (1 = 100.0%)
1  ... 

Histogram: ContentSettings.RegularProfile.Exceptions.popups.Allow recorded 1 samples, mean = 0.0 (flags = 0x1)
0  -O                                                                        (1 = 100.0%)
1  ... 

Histogram: ContentSettings.RegularProfile.Exceptions.popups.Block recorded 1 samples, mean = 0.0 (flags = 0x1)
0  -O                                                                        (1 = 100.0%)
1  ... 

Histogram: ContentSettings.RegularProfile.Exceptions.protected-media-identifier recorded 1 samples, mean = 0.0 (flags = 0x1)
0  -O                                                                        (1 = 100.0%)
1  ... 

Histogram: ContentSettings.RegularProfile.Exceptions.protocol-handler recorded 1 samples, mean = 0.0 (flags = 0x1)
0  -O                                                                        (1 = 100.0%)
1  ... 

Histogram: ContentSettings.RegularProfile.Exceptions.reduced-accept-language recorded 1 samples, mean = 0.0 (flags = 0x1)
0  -O                                                                        (1 = 100.0%)
1  ... 

Histogram: ContentSettings.RegularProfile.Exceptions.safe-browsing-url-check-data recorded 1 samples, mean = 0.0 (flags = 0x1)
0  -O                                                                        (1 = 100.0%)
1  ... 

Histogram: ContentSettings.RegularProfile.Exceptions.sensors recorded 1 samples, mean = 0.0 (flags = 0x1)
0  -O                                                                        (1 = 100.0%)
1  ... 

Histogram: ContentSettings.RegularProfile.Exceptions.serial-chooser-data recorded 1 samples, mean = 0.0 (flags = 0x1)
0  -O                                                                        (1 = 100.0%)
1  ... 

Histogram: ContentSettings.RegularProfile.Exceptions.serial-guard recorded 1 samples, mean = 0.0 (flags = 0x1)
0  -O                                                                        (1 = 100.0%)
1  ... 

Histogram: ContentSettings.RegularProfile.Exceptions.site-engagement recorded 1 samples, mean = 2.0 (flags = 0x1)
0  ... 
2  -O                                                                        (1 = 100.0%) {0.0%}
3  ... 

Histogram: ContentSettings.RegularProfile.Exceptions.sound recorded 1 samples, mean = 0.0 (flags = 0x1)
0  -O                                                                        (1 = 100.0%)
1  ... 

Histogram: ContentSettings.RegularProfile.Exceptions.speaker-selection recorded 1 samples, mean = 0.0 (flags = 0x1)
0  -O                                                                        (1 = 100.0%)
1  ... 

Histogram: ContentSettings.RegularProfile.Exceptions.ssl-cert-decisions recorded 1 samples, mean = 0.0 (flags = 0x1)
0  -O                                                                        (1 = 100.0%)
1  ... 

Histogram: ContentSettings.RegularProfile.Exceptions.storage-access recorded 1 samples, mean = 0.0 (flags = 0x1)
0  -O                                                                        (1 = 100.0%)
1  ... 

Histogram: ContentSettings.RegularProfile.Exceptions.storage-access-header-origin-trial recorded 1 samples, mean = 0.0 (flags = 0x1)
0  -O                                                                        (1 = 100.0%)
1  ... 

Histogram: ContentSettings.RegularProfile.Exceptions.storage-access.Allow recorded 1 samples, mean = 0.0 (flags = 0x1)
0  -O                                                                        (1 = 100.0%)
1  ... 

Histogram: ContentSettings.RegularProfile.Exceptions.storage-access.Ask recorded 1 samples, mean = 0.0 (flags = 0x1)
0  -O                                                                        (1 = 100.0%)
1  ... 

Histogram: ContentSettings.RegularProfile.Exceptions.storage-access.Block recorded 1 samples, mean = 0.0 (flags = 0x1)
0  -O                                                                        (1 = 100.0%)
1  ... 

Histogram: ContentSettings.RegularProfile.Exceptions.storage-access.MaxRequester recorded 1 samples, mean = 0.0 (flags = 0x1)
0  -O                                                                        (1 = 100.0%)
1  ... 

Histogram: ContentSettings.RegularProfile.Exceptions.storage-access.MaxTopLevel recorded 1 samples, mean = 0.0 (flags = 0x1)
0  -O                                                                        (1 = 100.0%)
1  ... 

Histogram: ContentSettings.RegularProfile.Exceptions.sub-apps-without-prompts recorded 1 samples, mean = 0.0 (flags = 0x1)
0  -O                                                                        (1 = 100.0%)
1  ... 

Histogram: ContentSettings.RegularProfile.Exceptions.subresource-filter recorded 1 samples, mean = 0.0 (flags = 0x1)
0  -O                                                                        (1 = 100.0%)
1  ... 

Histogram: ContentSettings.RegularProfile.Exceptions.subresource-filter-data recorded 1 samples, mean = 0.0 (flags = 0x1)
0  -O                                                                        (1 = 100.0%)
1  ... 

Histogram: ContentSettings.RegularProfile.Exceptions.subresource-filter.Allow recorded 1 samples, mean = 0.0 (flags = 0x1)
0  -O                                                                        (1 = 100.0%)
1  ... 

Histogram: ContentSettings.RegularProfile.Exceptions.subresource-filter.Block recorded 1 samples, mean = 0.0 (flags = 0x1)
0  -O                                                                        (1 = 100.0%)
1  ... 

Histogram: ContentSettings.RegularProfile.Exceptions.suspicious-notification-ids recorded 1 samples, mean = 0.0 (flags = 0x1)
0  -O                                                                        (1 = 100.0%)
1  ... 

Histogram: ContentSettings.RegularProfile.Exceptions.suspicious-notification-show-original recorded 1 samples, mean = 0.0 (flags = 0x1)
0  -O                                                                        (1 = 100.0%)
1  ... 

Histogram: ContentSettings.RegularProfile.Exceptions.top-level-storage-access recorded 1 samples, mean = 0.0 (flags = 0x1)
0  -O                                                                        (1 = 100.0%)
1  ... 

Histogram: ContentSettings.RegularProfile.Exceptions.unused-site-permissions recorded 1 samples, mean = 0.0 (flags = 0x1)
0  -O                                                                        (1 = 100.0%)
1  ... 

Histogram: ContentSettings.RegularProfile.Exceptions.usb-chooser-data recorded 1 samples, mean = 0.0 (flags = 0x1)
0  -O                                                                        (1 = 100.0%)
1  ... 

Histogram: ContentSettings.RegularProfile.Exceptions.usb-guard recorded 1 samples, mean = 0.0 (flags = 0x1)
0  -O                                                                        (1 = 100.0%)
1  ... 

Histogram: ContentSettings.RegularProfile.Exceptions.vr recorded 1 samples, mean = 0.0 (flags = 0x1)
0  -O                                                                        (1 = 100.0%)
1  ... 

Histogram: ContentSettings.RegularProfile.Exceptions.web-app-installation recorded 1 samples, mean = 0.0 (flags = 0x1)
0  -O                                                                        (1 = 100.0%)
1  ... 

Histogram: ContentSettings.RegularProfile.Exceptions.webid-api recorded 1 samples, mean = 0.0 (flags = 0x1)
0  -O                                                                        (1 = 100.0%)
1  ... 

Histogram: ContentSettings.RegularProfile.Exceptions.webid-auto-reauthn recorded 1 samples, mean = 0.0 (flags = 0x1)
0  -O                                                                        (1 = 100.0%)
1  ... 

Histogram: ContentSettings.RegularProfile.Exceptions.window-placement recorded 1 samples, mean = 0.0 (flags = 0x1)
0  -O                                                                        (1 = 100.0%)
1  ... 

Histogram: ContextualCueing.NudgeDecision.GlicContextualCueing recorded 1 samples, mean = 2.0 (flags = 0x1)
0  ... 
2  -O                                                                        (1 = 100.0%) {0.0%}
3  ... 

Histogram: ContextualSearch.Session.Duration.Abandoned.Omnibox recorded 1 samples, mean = 1834.0 (flags = 0x1)
0     ... 
1496  -O                                                                        (1 = 100.0%) {0.0%}
1901  ... 

Histogram: ContextualSearch.Session.Duration.Total.Omnibox recorded 1 samples, mean = 1834.0 (flags = 0x1)
0     ... 
1496  -O                                                                        (1 = 100.0%) {0.0%}
1901  ... 

Histogram: ContextualSearch.Session.File.Browser.UploadAttemptCount.Omnibox recorded 1 samples, mean = 0.0 (flags = 0x1)
0  -O                                                                        (1 = 100.0%)
1  ... 

Histogram: ContextualSearch.Session.File.Browser.UploadFailureCount.Omnibox recorded 1 samples, mean = 0.0 (flags = 0x1)
0  -O                                                                        (1 = 100.0%)
1  ... 

Histogram: ContextualSearch.Session.File.Browser.UploadSuccessCount.Omnibox recorded 1 samples, mean = 0.0 (flags = 0x1)
0  -O                                                                        (1 = 100.0%)
1  ... 

Histogram: ContextualSearch.Session.QueryCount.Omnibox recorded 1 samples, mean = 0.0 (flags = 0x1)
0  -O                                                                        (1 = 100.0%)
1  ... 

Histogram: ContextualSearch.TabContextAdded.V2.Omnibox recorded 1 samples, mean = 0.0 (flags = 0x1)
0  -O                                                                        (1 = 100.0%)
1  ... 

Histogram: ContextualSearch.TabContextAddedFromPlusButton.Omnibox recorded 1 samples, mean = 0.0 (flags = 0x1)
0  -O                                                                        (1 = 100.0%)
1  ... 

Histogram: ContextualSearch.TabContextAddedFromTabSuggestionChip.Omnibox recorded 1 samples, mean = 0.0 (flags = 0x1)
0  -O                                                                        (1 = 100.0%)
1  ... 

Histogram: ContextualSearch.TabWithDuplicateTitleClicked.V2.Omnibox recorded 1 samples, mean = 0.0 (flags = 0x1)
0  -O                                                                        (1 = 100.0%)
1  ... 

Histogram: DevTools.CDPCommandFromDevTools recorded 5 samples (flags = 0x1)
-1357267098 -O                                                                        (1 = 20.0%)
-1258931033 -O                                                                        (1 = 20.0%)
-1173653183 -O                                                                        (1 = 20.0%)
-275022964  -O                                                                        (1 = 20.0%)
1510866078  -O                                                                        (1 = 20.0%)

Histogram: DevTools.CDPCommandFromOther recorded 52 samples (flags = 0x1)
-1455930618 -O                                                                        (1 = 1.9%)
-1357267098 -------------------------------------------O                              (43 = 82.7%)
-1079235489 -O                                                                        (1 = 1.9%)
-986068555  -O                                                                        (1 = 1.9%)
-603976241  -O                                                                        (1 = 1.9%)
-275022964  -O                                                                        (1 = 1.9%)
23568337    -O                                                                        (1 = 1.9%)
834356206   -O                                                                        (1 = 1.9%)
916698928   -O                                                                        (1 = 1.9%)
1818737395  -O                                                                        (1 = 1.9%)

Histogram: Download.Database.IsAvailable recorded 1 samples, mean = 1.0 (flags = 0x1)
0  O                                                                         (0 = 0.0%)
1  -O                                                                        (1 = 100.0%) {0.0%}
2  O                                                                         (0 = 0.0%) {100.0%}

Histogram: Enterprise.CacheEncryptionPolicyEnabled recorded 2 samples, mean = 0.0 (flags = 0x1)
0  --O                                                                       (2 = 100.0%)
1  ... 

Histogram: Enterprise.CertificateStore.LevelDB.InitStatus.NoRetry recorded 1 samples (flags = 0x1)
1  -O                                                                        (1 = 100.0%)

Histogram: Enterprise.RefreshTokenLoadResult recorded 1 samples, mean = 1.0 (flags = 0x1)
0  O                                                                         (0 = 0.0%)
1  -O                                                                        (1 = 100.0%) {0.0%}
2  O                                                                         (0 = 0.0%) {100.0%}

Histogram: EnterpriseCheck.AzureADJoinStatusCheckTime recorded 1 samples, mean = 4.0 (flags = 0x1)
0  ... 
4  -O                                                                        (1 = 100.0%) {0.0%}
5  ... 

Histogram: EnterpriseCheck.InDomain recorded 1 samples, mean = 0.0 (flags = 0x1)
0  -O                                                                        (1 = 100.0%)
1  ... 

Histogram: EnterpriseCheck.IsDomainJoined recorded 1 samples, mean = 0.0 (flags = 0x1)
0  -O                                                                        (1 = 100.0%)
1  ... 

Histogram: EnterpriseCheck.IsEnterpriseUser recorded 1 samples, mean = 1.0 (flags = 0x1)
0  O                                                                         (0 = 0.0%)
1  -O                                                                        (1 = 100.0%) {0.0%}
2  O                                                                         (0 = 0.0%) {100.0%}

Histogram: EnterpriseCheck.IsEnterpriseUser2 recorded 1 samples, mean = 0.0 (flags = 0x1)
0  -O                                                                        (1 = 100.0%)
1  ... 

Histogram: EnterpriseCheck.IsJoinedToAzureAD recorded 1 samples, mean = 1.0 (flags = 0x1)
0  O                                                                         (0 = 0.0%)
1  -O                                                                        (1 = 100.0%) {0.0%}
2  O                                                                         (0 = 0.0%) {100.0%}

Histogram: EnterpriseCheck.IsJoinedToAzureAD2 recorded 1 samples, mean = 0.0 (flags = 0x1)
0  -O                                                                        (1 = 100.0%)
1  ... 

Histogram: EnterpriseCheck.IsLocalMachine recorded 1 samples, mean = 1.0 (flags = 0x1)
0  O                                                                         (0 = 0.0%)
1  -O                                                                        (1 = 100.0%) {0.0%}
2  O                                                                         (0 = 0.0%) {100.0%}

Histogram: EnterpriseCheck.IsLocalUser recorded 1 samples, mean = 0.0 (flags = 0x1)
0  -O                                                                        (1 = 100.0%)
1  ... 

Histogram: EnterpriseCheck.IsManaged2 recorded 1 samples, mean = 0.0 (flags = 0x1)
0  -O                                                                        (1 = 100.0%)
1  ... 

Histogram: EnterpriseCheck.IsManagedOrEnterpriseDevice recorded 1 samples, mean = 1.0 (flags = 0x1)
0  O                                                                         (0 = 0.0%)
1  -O                                                                        (1 = 100.0%) {0.0%}
2  O                                                                         (0 = 0.0%) {100.0%}

Histogram: EnterpriseCheck.IsManagedOrEnterpriseDevice2 recorded 1 samples, mean = 0.0 (flags = 0x1)
0  -O                                                                        (1 = 100.0%)
1  ... 

Histogram: EnterpriseCheck.OSType recorded 1 samples, mean = 1.0 (flags = 0x1)
0  O                                                                         (0 = 0.0%)
1  -O                                                                        (1 = 100.0%) {0.0%}
2  ... 

Histogram: EnterpriseCheck.WindowsProfileType recorded 1 samples, mean = 2.0 (flags = 0x1)
0  ... 
2  -O                                                                        (1 = 100.0%) {0.0%}
3  ... 

Histogram: Extension.Toolbar.BrowserActionsCount2 recorded 1 samples, mean = 0.0 (flags = 0x1)
0  -O                                                                        (1 = 100.0%)
1  ... 

Histogram: ExtensionInstall.ExtensionMustRemainDisabled.Result recorded 8 samples, mean = 0.0 (flags = 0x1)
0  --------O                                                                 (8 = 100.0%)
1  ... 

Histogram: ExtensionInstall.IsExtensionAllowed.Result recorded 22 samples, mean = 1.0 (flags = 0x1)
0  O                                                                         (0 = 0.0%)
1  ----------------------O                                                   (22 = 100.0%) {0.0%}
2  ... 

Histogram: ExtensionInstall.UserMayLoadExtension.Result recorded 14 samples, mean = 1.0 (flags = 0x1)
0  O                                                                         (0 = 0.0%)
1  --------------O                                                           (14 = 100.0%) {0.0%}
2  O                                                                         (0 = 0.0%) {100.0%}

Histogram: Extensions.CorruptExtensionTotalDisables2 recorded 1 samples, mean = 0.0 (flags = 0x1)
0  -O                                                                        (1 = 100.0%)
1  ... 

Histogram: Extensions.Database.Open.State recorded 1 samples, mean = 0.0 (flags = 0x1)
0  -O                                                                        (1 = 100.0%)
1  ... 

Histogram: Extensions.DaysSinceInstall recorded 3 samples, mean = 0.0 (flags = 0x1)
0  ---O                                                                      (3 = 100.0%)
1  ... 

Histogram: Extensions.DaysSinceLastUpdate recorded 3 samples, mean = 0.0 (flags = 0x1)
0  ---O                                                                      (3 = 100.0%)
1  ... 

Histogram: Extensions.DeveloperModeEnabled recorded 3 samples, mean = 0.0 (flags = 0x1)
0  ---O                                                                      (3 = 100.0%)
1  ... 

Histogram: Extensions.DisableReason2 recorded 1 samples (flags = 0x1)
8192  -O                                                                        (1 = 100.0%)

Histogram: Extensions.Disabled2 recorded 1 samples, mean = 1.0 (flags = 0x1)
0  O                                                                         (0 = 0.0%)
1  -O                                                                        (1 = 100.0%) {0.0%}
2  ... 

Histogram: Extensions.DisabledForPermissions2 recorded 1 samples, mean = 0.0 (flags = 0x1)
0  -O                                                                        (1 = 100.0%)
1  ... 

Histogram: Extensions.EventlessEventPages2 recorded 1 samples, mean = 0.0 (flags = 0x1)
0  -O                                                                        (1 = 100.0%)
1  ... 

Histogram: Extensions.ExtensionDisabledRemotely2 recorded 1 samples, mean = 0.0 (flags = 0x1)
0  -O                                                                        (1 = 100.0%)
1  ... 

Histogram: Extensions.ExtensionLocation2 recorded 3 samples, mean = 5.0 (flags = 0x1)
0  ... 
5  ---O                                                                      (3 = 100.0%) {0.0%}
6  ... 

Histogram: Extensions.ExternalItemState2 recorded 1 samples, mean = 2.0 (flags = 0x1)
0  ... 
2  -O                                                                        (1 = 100.0%) {0.0%}
3  ... 

Histogram: Extensions.ExternalRegistryLoaderWin recorded 1 samples, mean = 0.0
0  -O                                                                        (1 = 100.0%)
1  ... 

Histogram: Extensions.HomepageOverrides2 recorded 1 samples, mean = 0.0 (flags = 0x1)
0  -O                                                                        (1 = 100.0%)
1  ... 

Histogram: Extensions.LoadAll2 recorded 1 samples, mean = 3.0 (flags = 0x1)
0  ... 
3  -O                                                                        (1 = 100.0%) {0.0%}
4  ... 

Histogram: Extensions.LoadAllComponentTime.User recorded 1 samples, mean = 1.0 (flags = 0x1)
0  O                                                                         (0 = 0.0%)
1  -O                                                                        (1 = 100.0%) {0.0%}
2  ... 

Histogram: Extensions.LoadAllTime2.User recorded 1 samples, mean = 5.0 (flags = 0x1)
0  ... 
5  -O                                                                        (1 = 100.0%) {0.0%}
6  ... 

Histogram: Extensions.LoadApp2 recorded 1 samples, mean = 0.0 (flags = 0x1)
0  -O                                                                        (1 = 100.0%)
1  ... 

Histogram: Extensions.LoadAppExternal2 recorded 1 samples, mean = 0.0 (flags = 0x1)
0  -O                                                                        (1 = 100.0%)
1  ... 

Histogram: Extensions.LoadAppUser2 recorded 1 samples, mean = 0.0 (flags = 0x1)
0  -O                                                                        (1 = 100.0%)
1  ... 

Histogram: Extensions.LoadBrowserAction2 recorded 1 samples, mean = 0.0 (flags = 0x1)
0  -O                                                                        (1 = 100.0%)
1  ... 

Histogram: Extensions.LoadExtension2 recorded 1 samples, mean = 0.0 (flags = 0x1)
0  -O                                                                        (1 = 100.0%)
1  ... 

Histogram: Extensions.LoadExtensionExternal2 recorded 1 samples, mean = 0.0 (flags = 0x1)
0  -O                                                                        (1 = 100.0%)
1  ... 

Histogram: Extensions.LoadExtensionUser2 recorded 1 samples, mean = 0.0 (flags = 0x1)
0  -O                                                                        (1 = 100.0%)
1  ... 

Histogram: Extensions.LoadHostedApp2 recorded 1 samples, mean = 0.0 (flags = 0x1)
0  -O                                                                        (1 = 100.0%)
1  ... 

Histogram: Extensions.LoadNoExtensionAction2 recorded 1 samples, mean = 0.0 (flags = 0x1)
0  -O                                                                        (1 = 100.0%)
1  ... 

Histogram: Extensions.LoadOffStoreItems2 recorded 1 samples, mean = 0.0 (flags = 0x1)
0  -O                                                                        (1 = 100.0%)
1  ... 

Histogram: Extensions.LoadPackagedApp2 recorded 1 samples, mean = 0.0 (flags = 0x1)
0  -O                                                                        (1 = 100.0%)
1  ... 

Histogram: Extensions.LoadPlatformApp2 recorded 1 samples, mean = 0.0 (flags = 0x1)
0  -O                                                                        (1 = 100.0%)
1  ... 

Histogram: Extensions.LoadTheme2 recorded 1 samples, mean = 0.0 (flags = 0x1)
0  -O                                                                        (1 = 100.0%)
1  ... 

Histogram: Extensions.ManifestFetchSuccessRetryCountGoogleUrl recorded 1 samples, mean = 0.0 (flags = 0x1)
0  -O                                                                        (1 = 100.0%)
1  ... 

Histogram: Extensions.ManifestVersion2Count.Component recorded 1 samples, mean = 2.0 (flags = 0x1)
0  ... 
2  -O                                                                        (1 = 100.0%) {0.0%}
3  ... 

Histogram: Extensions.ManifestVersion2Count.External recorded 1 samples, mean = 0.0 (flags = 0x1)
0  -O                                                                        (1 = 100.0%)
1  ... 

Histogram: Extensions.ManifestVersion2Count.Internal recorded 1 samples, mean = 0.0 (flags = 0x1)
0  -O                                                                        (1 = 100.0%)
1  ... 

Histogram: Extensions.ManifestVersion2Count.Policy recorded 1 samples, mean = 0.0 (flags = 0x1)
0  -O                                                                        (1 = 100.0%)
1  ... 

Histogram: Extensions.ManifestVersion2Count.Unpacked recorded 1 samples, mean = 0.0 (flags = 0x1)
0  -O                                                                        (1 = 100.0%)
1  ... 

Histogram: Extensions.ManifestVersion3Count.Component recorded 1 samples, mean = 1.0 (flags = 0x1)
0  O                                                                         (0 = 0.0%)
1  -O                                                                        (1 = 100.0%) {0.0%}
2  ... 

Histogram: Extensions.ManifestVersion3Count.External recorded 1 samples, mean = 0.0 (flags = 0x1)
0  -O                                                                        (1 = 100.0%)
1  ... 

Histogram: Extensions.ManifestVersion3Count.Internal recorded 1 samples, mean = 0.0 (flags = 0x1)
0  -O                                                                        (1 = 100.0%)
1  ... 

Histogram: Extensions.ManifestVersion3Count.Policy recorded 1 samples, mean = 0.0 (flags = 0x1)
0  -O                                                                        (1 = 100.0%)
1  ... 

Histogram: Extensions.ManifestVersion3Count.Unpacked recorded 1 samples, mean = 0.0 (flags = 0x1)
0  -O                                                                        (1 = 100.0%)
1  ... 

Histogram: Extensions.ManifestVersionByLocation.Component recorded 3 samples, mean = 2.3 (flags = 0x1)
0  ... 
2  --O                                                                       (2 = 66.7%) {0.0%}
3  -O                                                                        (1 = 33.3%) {66.7%}
4  ... 

Histogram: Extensions.ManifestVersionPopulationSplit.Component recorded 1 samples, mean = 2.0 (flags = 0x1)
0  ... 
2  -O                                                                        (1 = 100.0%) {0.0%}
3  ... 

Histogram: Extensions.ManifestVersionPopulationSplit.External recorded 1 samples, mean = 0.0 (flags = 0x1)
0  -O                                                                        (1 = 100.0%)
1  ... 

Histogram: Extensions.ManifestVersionPopulationSplit.Internal recorded 1 samples, mean = 0.0 (flags = 0x1)
0  -O                                                                        (1 = 100.0%)
1  ... 

Histogram: Extensions.ManifestVersionPopulationSplit.InternalAndExternal recorded 1 samples, mean = 0.0 (flags = 0x1)
0  -O                                                                        (1 = 100.0%)
1  ... 

Histogram: Extensions.ManifestVersionPopulationSplit.Unpacked recorded 1 samples, mean = 0.0 (flags = 0x1)
0  -O                                                                        (1 = 100.0%)
1  ... 

Histogram: Extensions.Messaging.NativeMessagingCount recorded 1 samples, mean = 0.0 (flags = 0x1)
0  -O                                                                        (1 = 100.0%)
1  ... 

Histogram: Extensions.NewTabPageOverrides2 recorded 1 samples, mean = 0.0 (flags = 0x1)
0  -O                                                                        (1 = 100.0%)
1  ... 

Histogram: Extensions.NonWebStoreNewTabPageOverrides2 recorded 1 samples, mean = 0.0 (flags = 0x1)
0  -O                                                                        (1 = 100.0%)
1  ... 

Histogram: Extensions.NonWebstoreLocation2 recorded 3 samples, mean = 5.0 (flags = 0x1)
0  ... 
5  ---O                                                                      (3 = 100.0%) {0.0%}
6  ... 

Histogram: Extensions.NonWebstoreLocationWithDeveloperModeOff.Enabled3 recorded 3 samples, mean = 5.0 (flags = 0x1)
0  ... 
5  ---O                                                                      (3 = 100.0%) {0.0%}
6  ... 

Histogram: Extensions.SearchEngineOverrides2 recorded 1 samples, mean = 0.0 (flags = 0x1)
0  -O                                                                        (1 = 100.0%)
1  ... 

Histogram: Extensions.ServiceWorkerBackground.RegistrationWhenExpected recorded 1 samples, mean = 1.0 (flags = 0x1)
0  O                                                                         (0 = 0.0%)
1  -O                                                                        (1 = 100.0%) {0.0%}
2  O                                                                         (0 = 0.0%) {100.0%}

Histogram: Extensions.StartupPagesOverrides2 recorded 1 samples, mean = 0.0 (flags = 0x1)
0  -O                                                                        (1 = 100.0%)
1  ... 

Histogram: Extensions.WebRequest.DeclarativeRequestDependentExtensionCount recorded 39 samples, mean = 0.0 (flags = 0x1)
0  ---------------------------------------O                                  (39 = 100.0%)
1  ... 

Histogram: Extensions.WebRequest.ProxyDecision2 recorded 39 samples, mean = 0.0 (flags = 0x1)
0  ---------------------------------------O                                  (39 = 100.0%)
1  ... 

Histogram: Extensions.WebRequest.WebRequestDependentExtensionCount recorded 39 samples, mean = 0.0 (flags = 0x1)
0  ---------------------------------------O                                  (39 = 100.0%)
1  ... 

Histogram: Extensions.WebRequest.WebViewDependentExtensionCount recorded 39 samples, mean = 0.0 (flags = 0x1)
0  ---------------------------------------O                                  (39 = 100.0%)
1  ... 

Histogram: Extensions.WebRequestBlockingCount2 recorded 1 samples, mean = 0.0 (flags = 0x1)
0  -O                                                                        (1 = 100.0%)
1  ... 

Histogram: Extensions.WebRequestCount2 recorded 1 samples, mean = 0.0 (flags = 0x1)
0  -O                                                                        (1 = 100.0%)
1  ... 

Histogram: GCM.ClientStartDelay recorded 4 samples, mean = 0.0 (flags = 0x1)
0  ----O                                                                     (4 = 100.0%)
1  ... 

Histogram: GPU.BlocklistEntriesApplied recorded 1 samples (flags = 0x1)
0  -O                                                                        (1 = 100.0%)

Histogram: GPU.BlocklistFeatureTestResults.Accelerated2dCanvas recorded 1 samples, mean = 3.0 (flags = 0x1)
0  ... 
3  -O                                                                        (1 = 100.0%) {0.0%}
4  ... 

Histogram: GPU.BlocklistFeatureTestResults.GpuCompositing recorded 1 samples, mean = 2.0 (flags = 0x1)
0  ... 
2  -O                                                                        (1 = 100.0%) {0.0%}
3  ... 

Histogram: GPU.BlocklistFeatureTestResults.GpuRasterization recorded 1 samples, mean = 2.0 (flags = 0x1)
0  ... 
2  -O                                                                        (1 = 100.0%) {0.0%}
3  ... 

Histogram: GPU.BlocklistFeatureTestResults.Webgl recorded 1 samples, mean = 3.0 (flags = 0x1)
0  ... 
3  -O                                                                        (1 = 100.0%) {0.0%}
4  ... 

Histogram: GPU.BlocklistFeatureTestResults.Webgl2 recorded 1 samples, mean = 3.0 (flags = 0x1)
0  ... 
3  -O                                                                        (1 = 100.0%) {0.0%}
4  ... 

Histogram: GPU.BlocklistFeatureTestResults.Webgpu recorded 1 samples, mean = 3.0 (flags = 0x1)
0  ... 
3  -O                                                                        (1 = 100.0%) {0.0%}
4  ... 

Histogram: GPU.CanvasOopRaster.OopRasterAndGpuAcceleration recorded 1 samples, mean = 3.0 (flags = 0x1)
0  ... 
3  -O                                                                        (1 = 100.0%) {0.0%}
4  O                                                                         (0 = 0.0%) {100.0%}

Histogram: GPU.DriverBugTestResultsPerEntry recorded 1 samples (flags = 0x1)
0  -O                                                                        (1 = 100.0%)

Histogram: GPU.EstablishGpuChannel.Browser.InitAsyncLatency recorded 5 samples, mean = 26.4 (flags = 0x1)
0   ... 
3   -O                                                                        (1 = 20.0%) {0.0%}
4   ... 
20  -O                                                                        (1 = 20.0%) {20.0%}
25  --O                                                                       (2 = 40.0%) {40.0%}
32  O                                                                         (0 = 0.0%) {80.0%}
41  -O                                                                        (1 = 20.0%) {80.0%}
52  ... 

Histogram: GPU.GPUProcessLaunchTime recorded 1 samples, mean = 155.0 (flags = 0x1)
0    ... 
135  -O                                                                        (1 = 100.0%) {0.0%}
160  ... 

Histogram: GPU.GPUProcessTerminationStatus2 recorded 1 samples, mean = 4.0 (flags = 0x1)
0  ... 
4  -O                                                                        (1 = 100.0%) {0.0%}
5  ... 

Histogram: GPU.HardwareAccelerationModeEnabled recorded 1 samples, mean = 1.0 (flags = 0x1)
0  O                                                                         (0 = 0.0%)
1  -O                                                                        (1 = 100.0%) {0.0%}
2  O                                                                         (0 = 0.0%) {100.0%}

Histogram: GPU.PersistentCache.StaleCacheDeleted recorded 1 samples, mean = 0.0 (flags = 0x1)
0  -O                                                                        (1 = 100.0%)
1  ... 

Histogram: GPU.ProcessLifetime2 recorded 1 samples, mean = 2.0 (flags = 0x1)
0  ... 
2  -O                                                                        (1 = 100.0%) {0.0%}
3  ... 

Histogram: GPU.ProcessLifetimeEvents.SwiftShader recorded 1 samples, mean = 0.0 (flags = 0x1)
0  -O                                                                        (1 = 100.0%)
1  ... 

Histogram: Gaia.AuthFetcher.ListAccounts.NetErrorCodes recorded 1 samples (flags = 0x1)
0  -O                                                                        (1 = 100.0%)

Histogram: Glic.CountryFilteringResult recorded 1 samples, mean = 3.0 (flags = 0x1)
0  ... 
3  -O                                                                        (1 = 100.0%) {0.0%}
4  ... 

Histogram: Glic.LocaleFilteringResult recorded 1 samples, mean = 3.0 (flags = 0x1)
0  ... 
3  -O                                                                        (1 = 100.0%) {0.0%}
4  ... 

Histogram: Glic.Preferences.ActuationOnWeb recorded 1 samples, mean = 0.0 (flags = 0x1)
0  -O                                                                        (1 = 100.0%)
1  ... 

Histogram: Glic.Preferences.DefaultTabContextEnabled recorded 1 samples, mean = 1.0 (flags = 0x1)
0  O                                                                         (0 = 0.0%)
1  -O                                                                        (1 = 100.0%) {0.0%}
2  O                                                                         (0 = 0.0%) {100.0%}

Histogram: Glic.Preferences.GeolocationEnabled recorded 1 samples, mean = 0.0 (flags = 0x1)
0  -O                                                                        (1 = 100.0%)
1  ... 

Histogram: Glic.Preferences.KeepSidepanelOpenOnNewTabsEnabled recorded 1 samples, mean = 1.0 (flags = 0x1)
0  O                                                                         (0 = 0.0%)
1  -O                                                                        (1 = 100.0%) {0.0%}
2  O                                                                         (0 = 0.0%) {100.0%}

Histogram: Glic.Preferences.LauncherEnabled recorded 1 samples, mean = 0.0 (flags = 0x1)
0  -O                                                                        (1 = 100.0%)
1  ... 

Histogram: Glic.Preferences.MicrophoneEnabled recorded 1 samples, mean = 0.0 (flags = 0x1)
0  -O                                                                        (1 = 100.0%)
1  ... 

Histogram: Glic.Preferences.PinnedToTabstrip recorded 1 samples, mean = 1.0 (flags = 0x1)
0  O                                                                         (0 = 0.0%)
1  -O                                                                        (1 = 100.0%) {0.0%}
2  O                                                                         (0 = 0.0%) {100.0%}

Histogram: Glic.ProfileEnablement.DisabledReason.Startup recorded 1 samples, mean = 3.0 (flags = 0x1)
0  ... 
3  -O                                                                        (1 = 100.0%) {0.0%}
4  ... 

Histogram: Glic.ProfileEnablement.EligibleForLive.Startup recorded 1 samples, mean = 0.0 (flags = 0x1)
0  -O                                                                        (1 = 100.0%)
1  ... 

Histogram: Glic.ProfileEnablement.IsConsented.Startup recorded 1 samples, mean = 0.0 (flags = 0x1)
0  -O                                                                        (1 = 100.0%)
1  ... 

Histogram: Glic.ProfileEnablement.IsEnabled.Startup recorded 1 samples, mean = 0.0 (flags = 0x1)
0  -O                                                                        (1 = 100.0%)
1  ... 

Histogram: Glic.ProfileEnablement.IsPrimaryAccountFullySignedIn.Startup recorded 1 samples, mean = 1.0 (flags = 0x1)
0  O                                                                         (0 = 0.0%)
1  -O                                                                        (1 = 100.0%) {0.0%}
2  O                                                                         (0 = 0.0%) {100.0%}

Histogram: Glic.ProfileEnablement.IsPrimaryAccountNeedsSignedIn.Startup recorded 1 samples, mean = 0.0 (flags = 0x1)
0  -O                                                                        (1 = 100.0%)
1  ... 

Histogram: GoogleUpdate.InstallDetails.UpdateCohortId recorded 1 samples (flags = 0x1)
-968086989-O                                                                        (1 = 100.0%)

Histogram: Graphics.Paint.UI.NormalizedInvalidatedArea recorded 72 samples, mean = 5679.7 (flags = 0x1)
0       ... 
21      --------------------------------------------------------O                 (56 = 77.8%) {0.0%}
27      ... 
46      -O                                                                        (1 = 1.4%) {77.8%}
60      -------O                                                                  (7 = 9.7%) {79.2%}
78      ... 
488     --O                                                                       (2 = 2.8%) {88.9%}
635     ... 
1075    --O                                                                       (2 = 2.8%) {91.7%}
1399    -O                                                                        (1 = 1.4%) {94.4%}
1821    O                                                                         (0 = 0.0%) {95.8%}
2370    -O                                                                        (1 = 1.4%) {95.8%}
3085    ... 
160672  --O                                                                       (2 = 2.8%) {97.2%}
209114  ... 

Histogram: Hardware.Display.Count.OnStartup recorded 1 samples, mean = 1.0 (flags = 0x1)
0  O                                                                         (0 = 0.0%)
1  -O                                                                        (1 = 100.0%) {0.0%}
2  ... 

Histogram: Hardware.Display.SupportsHDR recorded 1 samples, mean = 0.0 (flags = 0x1)
0  -O                                                                        (1 = 100.0%)
1  ... 

Histogram: HeapProfiling.InProcess.Enabled recorded 1 samples, mean = 0.0 (flags = 0x1)
0  -O                                                                        (1 = 100.0%)
1  ... 

Histogram: HeapProfiling.InProcess.Enabled.Browser recorded 1 samples, mean = 0.0 (flags = 0x1)
0  -O                                                                        (1 = 100.0%)
1  ... 

Histogram: Histogram.TooManyBuckets.1000 recorded 2 samples (flags = 0x1)
-2140283801 -O                                                                        (1 = 50.0%)
1721222685  -O                                                                        (1 = 50.0%)

Histogram: History.ClearBrowsingData.TaskQueueAtShutdown recorded 1 samples, mean = 0.0 (flags = 0x1)
0  -O                                                                        (1 = 100.0%)
1  ... 

Histogram: History.DatabaseVersion recorded 1 samples (flags = 0x1)
70  -O                                                                        (1 = 100.0%)

Histogram: History.InMemoryDBItemCount recorded 1 samples, mean = 15.0 (flags = 0x1)
0   ... 
12  -O                                                                        (1 = 100.0%) {0.0%}
16  ... 

Histogram: History.InMemoryURLHistoryItems recorded 1 samples, mean = 15.0 (flags = 0x1)
0   ... 
12  -O                                                                        (1 = 100.0%) {0.0%}
16  ... 

Histogram: History.Is4XXOr5XXStatusCode recorded 2 samples, mean = 0.0 (flags = 0x1)
0  --O                                                                       (2 = 100.0%)
1  ... 

Histogram: History.MetaTableExists recorded 1 samples, mean = 1.0 (flags = 0x1)
0  O                                                                         (0 = 0.0%)
1  -O                                                                        (1 = 100.0%) {0.0%}
2  O                                                                         (0 = 0.0%) {100.0%}

Histogram: History.ShouldUpdateHistory recorded 2 samples, mean = 1.0 (flags = 0x1)
0  O                                                                         (0 = 0.0%)
1  --O                                                                       (2 = 100.0%) {0.0%}
2  O                                                                         (0 = 0.0%) {100.0%}

Histogram: History.VisitAddedDueTo404 recorded 1 samples, mean = 0.0 (flags = 0x1)
0  -O                                                                        (1 = 100.0%)
1  ... 

Histogram: History.VisitedLinks.HashTableSizeOnTableCreate recorded 2 samples, mean = 0.0 (flags = 0x1)
0  --O                                                                       (2 = 100.0%)
1  ... 

Histogram: History.VisitedLinks.NumSaltsForNavigationsDuringBuild recorded 3 samples, mean = 1.0 (flags = 0x1)
0  -O                                                                        (1 = 33.3%)
1  -O                                                                        (1 = 33.3%) {33.3%}
2  -O                                                                        (1 = 33.3%) {66.7%}
3  ... 

Histogram: History.VisitedLinks.VisitLoggedFromMainFrame recorded 1 samples, mean = 1.0 (flags = 0x1)
0  O                                                                         (0 = 0.0%)
1  -O                                                                        (1 = 100.0%) {0.0%}
2  O                                                                         (0 = 0.0%) {100.0%}

Histogram: History.VisitedLinks.VisitLoggedFromTransition recorded 1 samples, mean = 2.0 (flags = 0x1)
0  ... 
2  -O                                                                        (1 = 100.0%) {0.0%}
3  ... 

Histogram: ImageDecoder.Png.UiGfxIntoSkBitmap recorded 29 samples, mean = 72.8 (flags = 0x1)
0    ... 
37   --------O                                                                 (8 = 27.6%) {0.0%}
49   -----O                                                                    (5 = 17.2%) {27.6%}
65   ------------O                                                             (12 = 41.4%) {44.8%}
86   ---O                                                                      (3 = 10.3%) {86.2%}
113  ... 
258  -O                                                                        (1 = 3.4%) {96.6%}
340  ... 

Histogram: ImportantFile.FileReplaceResult.All recorded 7 samples, mean = 0.0 (flags = 0x1)
0  -------O                                                                  (7 = 100.0%)
1  ... 

Histogram: ImportantFile.FileReplaceResult.BookmarkMergedSurfaceOrderingStorage recorded 1 samples, mean = 0.0 (flags = 0x1)
0  -O                                                                        (1 = 100.0%)
1  ... 

Histogram: ImportantFile.FileReplaceResult.Local_State recorded 3 samples, mean = 0.0 (flags = 0x1)
0  ---O                                                                      (3 = 100.0%)
1  ... 

Histogram: ImportantFile.FileReplaceResult.Preferences recorded 1 samples, mean = 0.0 (flags = 0x1)
0  -O                                                                        (1 = 100.0%)
1  ... 

Histogram: ImportantFile.FileReplaceResult.Secure_Preferences recorded 1 samples, mean = 0.0 (flags = 0x1)
0  -O                                                                        (1 = 100.0%)
1  ... 

Histogram: ImportantFile.FileReplaceResult.TrustedVault recorded 1 samples, mean = 0.0 (flags = 0x1)
0  -O                                                                        (1 = 100.0%)
1  ... 

Histogram: ImportantFile.FileReplaceRetryCount recorded 7 samples, mean = 0.0 (flags = 0x1)
0  -------O                                                                  (7 = 100.0%)
1  ... 

Histogram: ImportantFile.SerializationDuration.All recorded 6 samples, mean = 0.2 (flags = 0x1)
0  -----O                                                                    (5 = 83.3%)
1  -O                                                                        (1 = 16.7%) {83.3%}
2  ... 

Histogram: ImportantFile.SerializationDuration.BookmarkMergedSurfaceOrderingStorage recorded 1 samples, mean = 0.0 (flags = 0x1)
0  -O                                                                        (1 = 100.0%)
1  ... 

Histogram: ImportantFile.SerializationDuration.Local_State recorded 3 samples, mean = 0.0 (flags = 0x1)
0  ---O                                                                      (3 = 100.0%)
1  ... 

Histogram: ImportantFile.SerializationDuration.Preferences recorded 1 samples, mean = 0.0 (flags = 0x1)
0  -O                                                                        (1 = 100.0%)
1  ... 

Histogram: ImportantFile.SerializationDuration.Secure_Preferences recorded 1 samples, mean = 1.0 (flags = 0x1)
0  O                                                                         (0 = 0.0%)
1  -O                                                                        (1 = 100.0%) {0.0%}
2  ... 

Histogram: ImportantFile.SerializationSize.All recorded 3 samples, mean = 89652.0 (flags = 0x1)
0       ... 
10321   -O                                                                        (1 = 33.3%) {0.0%}
14319   ... 
102126  --O                                                                       (2 = 66.7%) {33.3%}
141691  ... 

Histogram: ImportantFile.SerializationSize.Local_State recorded 2 samples, mean = 127743.0 (flags = 0x1)
0       ... 
102126  --O                                                                       (2 = 100.0%) {0.0%}
141691  ... 

Histogram: ImportantFile.SerializationSize.Preferences recorded 1 samples, mean = 13470.0 (flags = 0x1)
0      ... 
10321  -O                                                                        (1 = 100.0%) {0.0%}
14319  ... 

Histogram: ImportantFile.WriteDuration.All recorded 7 samples, mean = 5.7 (flags = 0x1)
0   ... 
4   --O                                                                       (2 = 28.6%) {0.0%}
5   ---O                                                                      (3 = 42.9%) {28.6%}
6   O                                                                         (0 = 0.0%) {71.4%}
7   -O                                                                        (1 = 14.3%) {71.4%}
8   O                                                                         (0 = 0.0%) {85.7%}
10  -O                                                                        (1 = 14.3%) {85.7%}
12  ... 

Histogram: ImportantFile.WriteDuration.BookmarkMergedSurfaceOrderingStorage recorded 1 samples, mean = 5.0 (flags = 0x1)
0  ... 
5  -O                                                                        (1 = 100.0%) {0.0%}
6  ... 

Histogram: ImportantFile.WriteDuration.Local_State recorded 3 samples, mean = 5.0 (flags = 0x1)
0  ... 
4  --O                                                                       (2 = 66.7%) {0.0%}
5  ... 
7  -O                                                                        (1 = 33.3%) {66.7%}
8  ... 

Histogram: ImportantFile.WriteDuration.Preferences recorded 1 samples, mean = 5.0 (flags = 0x1)
0  ... 
5  -O                                                                        (1 = 100.0%) {0.0%}
6  ... 

Histogram: ImportantFile.WriteDuration.Secure_Preferences recorded 1 samples, mean = 10.0 (flags = 0x1)
0   ... 
10  -O                                                                        (1 = 100.0%) {0.0%}
12  ... 

Histogram: ImportantFile.WriteDuration.TrustedVault recorded 1 samples, mean = 5.0 (flags = 0x1)
0  ... 
5  -O                                                                        (1 = 100.0%) {0.0%}
6  ... 

Histogram: IndexedDB.ContextShutdownDuration2 recorded 1 samples, mean = 0.0 (flags = 0x1)
0  -O                                                                        (1 = 100.0%)
1  ... 

Histogram: InfoBar.CountAtShow recorded 1 samples, mean = 1.0 (flags = 0x1)
0  O                                                                         (0 = 0.0%)
1  -O                                                                        (1 = 100.0%) {0.0%}
2  ... 

Histogram: InfoBar.Prioritization.QueueSize recorded 1 samples, mean = 0.0 (flags = 0x1)
0  -O                                                                        (1 = 100.0%)
1  ... 

Histogram: InfoBar.Shown recorded 1 samples (flags = 0x1)
43  -O                                                                        (1 = 100.0%)

Histogram: InitialWebUI.ReloadButton.ChangeVisibleModeToNextPaintInReload recorded 1 samples, mean = 0.0 (flags = 0x1)
0  -O                                                                        (1 = 100.0%)
1  ... 

Histogram: InitialWebUI.ReloadButton.ChangeVisibleModeToNextPaintInStop recorded 1 samples, mean = 321.0 (flags = 0x1)
0    ... 
295  -O                                                                        (1 = 100.0%) {0.0%}
329  ... 

Histogram: InitialWebUI.Startup.BrowserWindow.FirstPaint recorded 1 samples, mean = 376.0 (flags = 0x1)
0    ... 
372  -O                                                                        (1 = 100.0%) {0.0%}
429  ... 

Histogram: InitialWebUI.Startup.BrowserWindow.FirstPaint.Temperature.Other recorded 1 samples, mean = 376.0 (flags = 0x1)
0    ... 
372  -O                                                                        (1 = 100.0%) {0.0%}
429  ... 

Histogram: InitialWebUI.Startup.BrowserWindow.ShowRequestedToFirstPaint recorded 1 samples, mean = 76.0 (flags = 0x1)
0   ... 
67  -O                                                                        (1 = 100.0%) {0.0%}
77  ... 

Histogram: InitialWebUI.Startup.BrowserWindow.ShowRequestedToFirstPaint.Temperature.Other recorded 1 samples, mean = 76.0 (flags = 0x1)
0   ... 
67  -O                                                                        (1 = 100.0%) {0.0%}
77  ... 

Histogram: InitialWebUI.Startup.BrowserWindowToReloadButton.FirstPaintGap recorded 1 samples, mean = 0.0 (flags = 0x1)
0  -O                                                                        (1 = 100.0%)
1  ... 

Histogram: InitialWebUI.Startup.BrowserWindowToReloadButton.FirstPaintGap.Temperature.Other recorded 1 samples, mean = 0.0 (flags = 0x1)
0  -O                                                                        (1 = 100.0%)
1  ... 

Histogram: InitialWebUI.Startup.ReloadButton.FirstContentfulPaint recorded 1 samples, mean = 376.0 (flags = 0x1)
0    ... 
372  -O                                                                        (1 = 100.0%) {0.0%}
429  ... 

Histogram: InitialWebUI.Startup.ReloadButton.FirstContentfulPaint.Temperature.Other recorded 1 samples, mean = 376.0 (flags = 0x1)
0    ... 
372  -O                                                                        (1 = 100.0%) {0.0%}
429  ... 

Histogram: InitialWebUI.Startup.ReloadButton.FirstPaint recorded 1 samples, mean = 376.0 (flags = 0x1)
0    ... 
372  -O                                                                        (1 = 100.0%) {0.0%}
429  ... 

Histogram: InitialWebUI.Startup.ReloadButton.FirstPaint.Temperature.Other recorded 1 samples, mean = 376.0 (flags = 0x1)
0    ... 
372  -O                                                                        (1 = 100.0%) {0.0%}
429  ... 

Histogram: InitialWebUI.Toolbar.ProcessAlreadyExistsForTheSameProfileOnCreation recorded 1 samples, mean = 0.0 (flags = 0x1)
0  -O                                                                        (1 = 100.0%)
1  ... 

Histogram: InitialWebUI.View.Creation recorded 2 samples, mean = 0.5 (flags = 0x1)
0  -O                                                                        (1 = 50.0%)
1  -O                                                                        (1 = 50.0%) {50.0%}
2  O                                                                         (0 = 0.0%) {100.0%}

Histogram: Input.Digitizer.MaxTouchPointsSupportedBySystemAtStartup recorded 1 samples, mean = 0.0 (flags = 0x1)
0  -O                                                                        (1 = 100.0%)
1  ... 

Histogram: LanguageUsage.AcceptLanguage recorded 1 samples (flags = 0x1)
25971  -O                                                                        (1 = 100.0%)

Histogram: LanguageUsage.AcceptLanguage.Count recorded 1 samples, mean = 1.0 (flags = 0x1)
0  O                                                                         (0 = 0.0%)
1  -O                                                                        (1 = 100.0%) {0.0%}
2  ... 

Histogram: LanguageUsage.AcceptLanguage.Count2 recorded 4 samples, mean = 2.0 (flags = 0x1)
0  ... 
2  ----O                                                                     (4 = 100.0%) {0.0%}
3  ... 

Histogram: LanguageUsage.AcceptLanguage.FirstAcceptLanguage recorded 1 samples (flags = 0x1)
25971  -O                                                                        (1 = 100.0%)

Histogram: LoadingPredictor.OptimizationHintsReceiveStatus recorded 1 samples, mean = 1.0 (flags = 0x1)
0  O                                                                         (0 = 0.0%)
1  -O                                                                        (1 = 100.0%) {0.0%}
2  ... 

Histogram: LoadingPredictor.SetLCPPNavigationHint.Status recorded 2 samples, mean = 2.0 (flags = 0x1)
0  O                                                                         (0 = 0.0%)
1  -O                                                                        (1 = 50.0%) {0.0%}
2  O                                                                         (0 = 0.0%) {50.0%}
3  -O                                                                        (1 = 50.0%) {50.0%}
4  O                                                                         (0 = 0.0%) {100.0%}

Histogram: LocalStorage.DatabaseOnDiskSizeKB recorded 1 samples, mean = 0.0 (flags = 0x1)
0  -O                                                                        (1 = 100.0%)
1000... 

Histogram: Login.PageLoad.DetectionType recorded 1 samples, mean = 0.0 (flags = 0x1)
0  -O                                                                        (1 = 100.0%)
1  ... 

Histogram: MPArch.ChildProcessLaunchFirst recorded 1 samples, mean = 5.0 (flags = 0x1)
0  ... 
5  -O                                                                        (1 = 100.0%) {0.0%}
6  ... 

Histogram: MPArch.ChildProcessLaunchSubsequent recorded 8 samples, mean = 5.5 (flags = 0x1)
0   ... 
3   -O                                                                        (1 = 12.5%) {0.0%}
4   -O                                                                        (1 = 12.5%) {12.5%}
5   ---O                                                                      (3 = 37.5%) {25.0%}
6   --O                                                                       (2 = 25.0%) {62.5%}
7   ... 
10  -O                                                                        (1 = 12.5%) {87.5%}
12  ... 

Histogram: MPArch.ChildProcessLauncher.Notify recorded 9 samples, mean = 54.8 (flags = 0x1)
0    ... 
4    -O                                                                        (1 = 11.1%) {0.0%}
5    O                                                                         (0 = 0.0%) {11.1%}
6    -O                                                                        (1 = 11.1%) {11.1%}
7    ... 
20   -O                                                                        (1 = 11.1%) {22.2%}
24   -O                                                                        (1 = 11.1%) {33.3%}
29   -O                                                                        (1 = 11.1%) {44.4%}
34   ... 
48   -O                                                                        (1 = 11.1%) {55.6%}
57   ... 
81   -O                                                                        (1 = 11.1%) {66.7%}
96   -O                                                                        (1 = 11.1%) {77.8%}
114  O                                                                         (0 = 0.0%) {88.9%}
135  -O                                                                        (1 = 11.1%) {88.9%}
160  ... 

Histogram: MPArch.ChildProcessLauncher.PreLaunchDelay recorded 9 samples, mean = 0.4 (flags = 0x1)
0  --------O                                                                 (8 = 88.9%)
1  ... 
4  -O                                                                        (1 = 11.1%) {88.9%}
5  ... 

Histogram: ManagedUsers.BlockedIframeCount recorded 2 samples, mean = 0.0 (flags = 0x1)
0  --O                                                                       (2 = 100.0%)
1  ... 

Histogram: Memory.GPU.PeakMemoryAllocationSource2.PageLoad.SharedImageStub recorded 5 samples, mean = 7.0 (flags = 0x1)
0   ... 
2   --O                                                                       (2 = 40.0%) {0.0%}
3   O                                                                         (0 = 0.0%) {40.0%}
4   --O                                                                       (2 = 40.0%) {40.0%}
5   ... 
23  -O                                                                        (1 = 20.0%) {80.0%}
25  ... 

Histogram: Memory.GPU.PeakMemoryUsage2.PageLoad recorded 5 samples, mean = 7.0 (flags = 0x1)
0   ... 
2   --O                                                                       (2 = 40.0%) {0.0%}
3   O                                                                         (0 = 0.0%) {40.0%}
4   --O                                                                       (2 = 40.0%) {40.0%}
5   ... 
23  -O                                                                        (1 = 20.0%) {80.0%}
25  ... 

Histogram: Memory.PartitionAlloc.PartitionRoot.ExtrasSize recorded 1 samples, mean = 4.0 (flags = 0x1)
0  ... 
4  -O                                                                        (1 = 100.0%) {0.0%}
5  ... 

Histogram: Memory.PressureLevel2 recorded 2 samples, mean = 0.0 (flags = 0x1)
0  --O                                                                       (2 = 100.0%)
1  ... 

Histogram: Mojo.Channel.WriteMessageSize recorded 3 samples, mean = 9085.3 (flags = 0x1)
0      ... 
61     -O                                                                        (1 = 33.3%) {0.0%}
76     ... 
186    -O                                                                        (1 = 33.3%) {33.3%}
233    ... 
25997  -O                                                                        (1 = 33.3%) {66.7%}
32541  ... 

Histogram: Mojo.Channel.WriteReceiveMessageProcessType recorded 2 samples, mean = 1.0 (flags = 0x1)
0  O                                                                         (0 = 0.0%)
1  --O                                                                       (2 = 100.0%) {0.0%}
2  ... 

Histogram: Mojo.Channel.WriteSendMessageProcessType recorded 3 samples, mean = 1.0 (flags = 0x1)
0  O                                                                         (0 = 0.0%)
1  ---O                                                                      (3 = 100.0%) {0.0%}
2  ... 

Histogram: Mojo.Channel.WriteToReadLatencyUs recorded 4 samples, mean = 86.2 (flags = 0x1)
0    ... 
5    -O                                                                        (1 = 25.0%) {0.0%}
6    ... 
13   -O                                                                        (1 = 25.0%) {25.0%}
15   O                                                                         (0 = 0.0%) {50.0%}
17   -O                                                                        (1 = 25.0%) {50.0%}
19   ... 
281  -O                                                                        (1 = 25.0%) {75.0%}
320  ... 

Histogram: Mojo.EndToEndLatencyUs.BrowserIO recorded 0 samples (flags = 0x1)
0 ... 

Histogram: Mojo.EndToEndLatencyUs.BrowserMain recorded 1 samples, mean = 9783.0 (flags = 0x1)
0     ... 
9326  -O                                                                        (1 = 100.0%) {0.0%}
10619 ... 

Histogram: NQE.ContentObserver.NetworkQualityMeaningfullyChanged recorded 6 samples, mean = 0.7
0  --O                                                                       (2 = 33.3%)
1  ----O                                                                     (4 = 66.7%) {33.3%}
2  O                                                                         (0 = 0.0%) {100.0%}

Histogram: Navigation.AgentSchedulingGroupHost.RemoveRoute recorded 16 samples, mean = 0.0 (flags = 0x1)
0  ----------------O                                                         (16 = 100.0%)
1  ... 

Histogram: Navigation.All.WastedSpeculativeRFHCase recorded 12 samples, mean = 0.8 (flags = 0x1)
0  ------O                                                                   (6 = 50.0%)
1  ----O                                                                     (4 = 33.3%) {50.0%}
2  O                                                                         (0 = 0.0%) {83.3%}
3  --O                                                                       (2 = 16.7%) {83.3%}
4  ... 

Histogram: Navigation.BeforeUnloadExecutionMode.IsInOutermostMainFrame recorded 1 samples, mean = 1.0 (flags = 0x1)
0  O                                                                         (0 = 0.0%)
1  -O                                                                        (1 = 100.0%) {0.0%}
2  ... 

Histogram: Navigation.BeforeUnloadExecutionMode.IsInOutermostMainFrame.CrossOrigin recorded 1 samples, mean = 1.0 (flags = 0x1)
0  O                                                                         (0 = 0.0%)
1  -O                                                                        (1 = 100.0%) {0.0%}
2  ... 

Histogram: Navigation.BeginNavigationImpl.MainFrame recorded 4 samples, mean = 0.2 (flags = 0x1)
0  ---O                                                                      (3 = 75.0%)
1  -O                                                                        (1 = 25.0%) {75.0%}
2  ... 

Histogram: Navigation.BeginNavigationImpl.Subframe recorded 1 samples, mean = 0.0 (flags = 0x1)
0  -O                                                                        (1 = 100.0%)
1  ... 

Histogram: Navigation.BrowserInitiated.IsDuplicateWithoutThresholdCheck2 recorded 5 samples, mean = 0.0 (flags = 0x1)
0  -----O                                                                    (5 = 100.0%)
1  ... 

Histogram: Navigation.BrowserInitiated.ShouldDispatchBeforeUnload recorded 5 samples, mean = 0.2 (flags = 0x1)
0  ----O                                                                     (4 = 80.0%)
1  -O                                                                        (1 = 20.0%) {80.0%}
2  O                                                                         (0 = 0.0%) {100.0%}

Histogram: Navigation.CommitToCompositorCreation recorded 2 samples, mean = 5.5 (flags = 0x1)
0  ... 
5  --O                                                                       (2 = 100.0%) {0.0%}
7  ... 

Histogram: Navigation.CompositorRequestedBeforeCommit2 recorded 2 samples, mean = 0.0 (flags = 0x1)
0  --O                                                                       (2 = 100.0%)
1  ... 

Histogram: Navigation.CompositorRequestedBeforeSwapRFH2 recorded 2 samples, mean = 0.0 (flags = 0x1)
0  --O                                                                       (2 = 100.0%)
1  ... 

Histogram: Navigation.CreateSpeculativeRFH recorded 2 samples, mean = 1.5 (flags = 0x1)
0  O                                                                         (0 = 0.0%)
1  -O                                                                        (1 = 50.0%) {0.0%}
2  -O                                                                        (1 = 50.0%) {50.0%}
3  ... 

Histogram: Navigation.DeferSpeculativeRFHAction recorded 6 samples, mean = 0.0 (flags = 0x1)
0  ------O                                                                   (6 = 100.0%)
1  ... 

Histogram: Navigation.DidStartLoading.MainFrame recorded 5 samples, mean = 0.0 (flags = 0x1)
0  -----O                                                                    (5 = 100.0%)
1  ... 

Histogram: Navigation.DidStartLoading.Subframe recorded 1 samples, mean = 0.0 (flags = 0x1)
0  -O                                                                        (1 = 100.0%)
1  ... 

Histogram: Navigation.DocumentAssociatedDataDestructor recorded 11 samples, mean = 0.0 (flags = 0x1)
0  -----------O                                                              (11 = 100.0%)
1  ... 

Histogram: Navigation.EarlyRenderFrameHostSwapType recorded 6 samples, mean = 0.0 (flags = 0x1)
0  ------O                                                                   (6 = 100.0%)
1  ... 

Histogram: Navigation.EngagementTime.HTTP recorded 1 samples, mean = 1863.0 (flags = 0x1)
0     ... 
1797  -O                                                                        (1 = 100.0%) {0.0%}
2074  ... 

Histogram: Navigation.GetFrameHostForNavigation recorded 12 samples, mean = 1.1 (flags = 0x1)
0  ------O                                                                   (6 = 50.0%)
1  --O                                                                       (2 = 16.7%) {50.0%}
2  ---O                                                                      (3 = 25.0%) {66.7%}
3  ... 
5  -O                                                                        (1 = 8.3%) {91.7%}
6  ... 

Histogram: Navigation.GetFrameHostForNavigationTime.InDidCreateNavigationRequest.IsHTTPOrHTTPS recorded 2 samples, mean = 2194.0 (flags = 0x1)
0     ... 
2008  --O                                                                       (2 = 100.0%) {0.0%}
2786  ... 

Histogram: Navigation.IsGuest recorded 6 samples, mean = 0.0 (flags = 0x1)
0  ------O                                                                   (6 = 100.0%)
1  ... 

Histogram: Navigation.IsLockedProcess recorded 6 samples, mean = 0.8 (flags = 0x1)
0  -O                                                                        (1 = 16.7%)
1  -----O                                                                    (5 = 83.3%) {16.7%}
2  O                                                                         (0 = 0.0%) {100.0%}

Histogram: Navigation.IsLockedProcess.HTTPOrHTTPS recorded 2 samples, mean = 1.0 (flags = 0x1)
0  O                                                                         (0 = 0.0%)
1  --O                                                                       (2 = 100.0%) {0.0%}
2  O                                                                         (0 = 0.0%) {100.0%}

Histogram: Navigation.IsProcessBackgrounded2.OnCommit recorded 1 samples, mean = 0.0 (flags = 0x1)
0  -O                                                                        (1 = 100.0%)
1  ... 

Histogram: Navigation.IsProcessBackgrounded2.OnDOMContentLoaded recorded 1 samples, mean = 0.0 (flags = 0x1)
0  -O                                                                        (1 = 100.0%)
1  ... 

Histogram: Navigation.IsSameSiteInstance recorded 6 samples, mean = 0.8 (flags = 0x1)
0  -O                                                                        (1 = 16.7%)
1  -----O                                                                    (5 = 83.3%) {16.7%}
2  O                                                                         (0 = 0.0%) {100.0%}

Histogram: Navigation.IsSameSiteInstance.MainFrame recorded 5 samples, mean = 1.0 (flags = 0x1)
0  O                                                                         (0 = 0.0%)
1  -----O                                                                    (5 = 100.0%) {0.0%}
2  O                                                                         (0 = 0.0%) {100.0%}

Histogram: Navigation.IsSameSiteInstance.Subframe recorded 1 samples, mean = 0.0 (flags = 0x1)
0  -O                                                                        (1 = 100.0%)
1  ... 

Histogram: Navigation.LoaderCreateToRequestStart.MainFrame recorded 4 samples, mean = 0.0 (flags = 0x1)
0  ----O                                                                     (4 = 100.0%)
1  ... 

Histogram: Navigation.LoaderCreateToRequestStart.Subframe recorded 1 samples, mean = 0.0 (flags = 0x1)
0  -O                                                                        (1 = 100.0%)
1  ... 

Histogram: Navigation.MainFrame.NewNavigation.IgnoreRestore.IsHTTPOrHTTPS.BeginNavigationToLoaderStart.Time2 recorded 4 samples, mean = 0.5 (flags = 0x1)
0  ---O                                                                      (3 = 75.0%)
1  O                                                                         (0 = 0.0%) {75.0%}
2  -O                                                                        (1 = 25.0%) {75.0%}
3  ... 

Histogram: Navigation.MainFrame.NewNavigation.IgnoreRestore.IsHTTPOrHTTPS.FetchStart.Time2 recorded 1 samples, mean = 297.0 (flags = 0x1)
0    ... 
268  -O                                                                        (1 = 100.0%) {0.0%}
318  ... 

Histogram: Navigation.MainFrame.NewNavigation.IgnoreRestore.IsHTTPOrHTTPS.LoaderStartToFetchStart.Time2 recorded 4 samples, mean = 25.2 (flags = 0x1)
0   O                                                                         (0 = 0.0%)
1   -O                                                                        (1 = 25.0%) {0.0%}
2   ... 
20  -O                                                                        (1 = 25.0%) {25.0%}
24  ... 
34  -O                                                                        (1 = 25.0%) {50.0%}
40  -O                                                                        (1 = 25.0%) {75.0%}
48  ... 

Histogram: Navigation.MainFrame.NewNavigation.IgnoreRestore.IsHTTPOrHTTPS.LoaderStartToReceiveResponse.Time2 recorded 4 samples, mean = 100.8 (flags = 0x1)
0    ... 
20   -O                                                                        (1 = 25.0%) {0.0%}
24   ... 
34   -O                                                                        (1 = 25.0%) {25.0%}
40   -O                                                                        (1 = 25.0%) {50.0%}
48   ... 
268  -O                                                                        (1 = 25.0%) {75.0%}
318  ... 

Histogram: Navigation.MainFrame.NewNavigation.IgnoreRestore.IsHTTPOrHTTPS.NavigationStartToBeginNavigation.Time2 recorded 4 samples, mean = 2.2 (flags = 0x1)
0  -O                                                                        (1 = 25.0%)
1  -O                                                                        (1 = 25.0%) {25.0%}
2  -O                                                                        (1 = 25.0%) {50.0%}
3  ... 
6  -O                                                                        (1 = 25.0%) {75.0%}
7  ... 

Histogram: Navigation.MainFrame.NewNavigation.IgnoreRestore.IsHTTPOrHTTPS.ReceiveHeaders.Time2 recorded 1 samples, mean = 2.0 (flags = 0x1)
0  ... 
2  -O                                                                        (1 = 100.0%) {0.0%}
3  ... 

Histogram: Navigation.MainFrame.NewNavigation.IgnoreRestore.IsHTTPOrHTTPS.ReceiveHeadersToReceiveResponse.Time2 recorded 4 samples, mean = 0.5 (flags = 0x1)
0  --O                                                                       (2 = 50.0%)
1  --O                                                                       (2 = 50.0%) {50.0%}
2  ... 

Histogram: Navigation.MainFrame.NewNavigation.IgnoreRestore.IsHTTPOrHTTPS.ReceiveResponseToCommitNavigation.Time2 recorded 4 samples, mean = 9.8 (flags = 0x1)
0   O                                                                         (0 = 0.0%)
1   -O                                                                        (1 = 25.0%) {0.0%}
2   ... 
12  ---O                                                                      (3 = 75.0%) {25.0%}
14  ... 

Histogram: Navigation.MainFrame.ThirdPartyCookieBlockingEnabled recorded 1 samples, mean = 0.0 (flags = 0x1)
0  -O                                                                        (1 = 100.0%)
1  ... 

Histogram: Navigation.MainFrameHasRTLDomain2 recorded 2 samples, mean = 0.0 (flags = 0x1)
0  --O                                                                       (2 = 100.0%)
1  ... 

Histogram: Navigation.MainFrameHasRTLDomainDifferentPage2 recorded 2 samples, mean = 0.0 (flags = 0x1)
0  --O                                                                       (2 = 100.0%)
1  ... 

Histogram: Navigation.MainFrameProfileType2 recorded 2 samples, mean = 0.0 (flags = 0x1)
0  --O                                                                       (2 = 100.0%)
1  ... 

Histogram: Navigation.MainFrameProfileTypeDifferentPage2 recorded 2 samples, mean = 0.0 (flags = 0x1)
0  --O                                                                       (2 = 100.0%)
1  ... 

Histogram: Navigation.MainFrameScheme2 recorded 2 samples, mean = 4.0 (flags = 0x1)
0  O                                                                         (0 = 0.0%)
1  -O                                                                        (1 = 50.0%) {0.0%}
2  ... 
7  -O                                                                        (1 = 50.0%) {50.0%}
8  ... 

Histogram: Navigation.MainFrameSchemeDifferentPage2 recorded 2 samples, mean = 4.0 (flags = 0x1)
0  O                                                                         (0 = 0.0%)
1  -O                                                                        (1 = 50.0%) {0.0%}
2  ... 
7  -O                                                                        (1 = 50.0%) {50.0%}
8  ... 

Histogram: Navigation.MainFrameSchemeDifferentPage2NonUniqueHostname recorded 1 samples, mean = 1.0 (flags = 0x1)
0  O                                                                         (0 = 0.0%)
1  -O                                                                        (1 = 100.0%) {0.0%}
2  ... 

Histogram: Navigation.NotFromAd.WastedSpeculativeRFHCase recorded 12 samples, mean = 0.8 (flags = 0x1)
0  ------O                                                                   (6 = 50.0%)
1  ----O                                                                     (4 = 33.3%) {50.0%}
2  O                                                                         (0 = 0.0%) {83.3%}
3  --O                                                                       (2 = 16.7%) {83.3%}
4  ... 

Histogram: Navigation.OnBeforeUnloadOverheadTime recorded 1 samples, mean = 0.0 (flags = 0x1)
0  -O                                                                        (1 = 100.0%)
1  ... 

Histogram: Navigation.OnBeforeUnloadOverheadTime.NoBeforeUnloadHandlerRegistered recorded 1 samples, mean = 0.0 (flags = 0x1)
0  -O                                                                        (1 = 100.0%)
1  ... 

Histogram: Navigation.OriginAgentCluster.Result recorded 6 samples, mean = 8.3 (flags = 0x1)
0  ... 
8  ----O                                                                     (4 = 66.7%) {0.0%}
9  --O                                                                       (2 = 33.3%) {66.7%}
10 O                                                                         (0 = 0.0%) {100.0%}

Histogram: Navigation.PendingCommit.Duration.Regular recorded 2 samples, mean = 3.5 (flags = 0x1)
0  ... 
2  -O                                                                        (1 = 50.0%) {0.0%}
3  ... 
5  -O                                                                        (1 = 50.0%) {50.0%}
6  ... 

Histogram: Navigation.PendingDeletionCheckCompletedOnSubtree recorded 2 samples, mean = 0.0 (flags = 0x1)
0  --O                                                                       (2 = 100.0%)
1  ... 

Histogram: Navigation.ProcessNavigationThrottlesTime.WillStartRequest.MainFrame recorded 4 samples, mean = 0.0 (flags = 0x1)
0  ----O                                                                     (4 = 100.0%)
1  ... 

Histogram: Navigation.ProcessNavigationThrottlesTime.WillStartRequest.SubFrame recorded 1 samples, mean = 0.0 (flags = 0x1)
0  -O                                                                        (1 = 100.0%)
1  ... 

Histogram: Navigation.QueueTime.OnAcceptCHFrameReceived.Subframe recorded 1 samples, mean = 0.0 (flags = 0x1)
0  -O                                                                        (1 = 100.0%)
1  ... 

Histogram: Navigation.QueueTime.OnReceiveResponse.MainFrame recorded 4 samples, mean = 0.5 (flags = 0x1)
0  --O                                                                       (2 = 50.0%)
1  --O                                                                       (2 = 50.0%) {50.0%}
2  ... 

Histogram: Navigation.QueueTime.OnReceiveResponse.Subframe recorded 1 samples, mean = 0.0 (flags = 0x1)
0  -O                                                                        (1 = 100.0%)
1  ... 

Histogram: Navigation.RegisterNavigationThrottlesTime.MainFrame recorded 4 samples, mean = 0.0 (flags = 0x1)
0  ----O                                                                     (4 = 100.0%)
1  ... 

Histogram: Navigation.RegisterNavigationThrottlesTime.Subframe recorded 1 samples, mean = 0.0 (flags = 0x1)
0  -O                                                                        (1 = 100.0%)
1  ... 

Histogram: Navigation.RenderFrameHostConstructor recorded 7 samples, mean = 0.0 (flags = 0x1)
0  -------O                                                                  (7 = 100.0%)
1  ... 

Histogram: Navigation.RenderFrameHostDestructor recorded 7 samples, mean = 0.3 (flags = 0x1)
0  -----O                                                                    (5 = 71.4%)
1  --O                                                                       (2 = 28.6%) {71.4%}
2  ... 

Histogram: Navigation.RenderFrameHostImpl.DeleteRenderFrame recorded 1 samples, mean = 0.0 (flags = 0x1)
0  -O                                                                        (1 = 100.0%)
1  ... 

Histogram: Navigation.RenderViewHostConstructor recorded 6 samples, mean = 0.0 (flags = 0x1)
0  ------O                                                                   (6 = 100.0%)
1  ... 

Histogram: Navigation.RenderViewHostDestructor recorded 6 samples, mean = 0.2 (flags = 0x1)
0  -----O                                                                    (5 = 83.3%)
1  -O                                                                        (1 = 16.7%) {83.3%}
2  ... 

Histogram: Navigation.RenderWidgetHostConstructor recorded 7 samples, mean = 0.0 (flags = 0x1)
0  -------O                                                                  (7 = 100.0%)
1  ... 

Histogram: Navigation.RenderWidgetHostDestructor recorded 7 samples, mean = 0.0 (flags = 0x1)
0  -------O                                                                  (7 = 100.0%)
1  ... 

Histogram: Navigation.RendererInitiated.ShouldDispatchBeforeUnload recorded 1 samples, mean = 0.0 (flags = 0x1)
0  -O                                                                        (1 = 100.0%)
1  ... 

Histogram: Navigation.RequiresDedicatedProcess recorded 6 samples, mean = 0.8 (flags = 0x1)
0  -O                                                                        (1 = 16.7%)
1  -----O                                                                    (5 = 83.3%) {16.7%}
2  O                                                                         (0 = 0.0%) {100.0%}

Histogram: Navigation.RequiresDedicatedProcess.HTTPOrHTTPS recorded 2 samples, mean = 1.0 (flags = 0x1)
0  O                                                                         (0 = 0.0%)
1  --O                                                                       (2 = 100.0%) {0.0%}
2  O                                                                         (0 = 0.0%) {100.0%}

Histogram: Navigation.ResetChildren recorded 16 samples, mean = 0.0 (flags = 0x1)
0  ----------------O                                                         (16 = 100.0%)
1  ... 

Histogram: Navigation.StartAdjustment.AllFrames recorded 6 samples, mean = 0.2 (flags = 0x1)
0  -----O                                                                    (5 = 83.3%)
1  -O                                                                        (1 = 16.7%) {83.3%}
2  ... 

Histogram: Navigation.StartAdjustment.LegacyPostTask recorded 1 samples, mean = 3.0 (flags = 0x1)
0  ... 
3  -O                                                                        (1 = 100.0%) {0.0%}
4  ... 

Histogram: Navigation.StartAdjustment.LegacyPostTask.Percentage recorded 1 samples, mean = 0.0 (flags = 0x1)
0  -O                                                                        (1 = 100.0%)
1  ... 

Histogram: Navigation.StartAdjustment.MainFrameOnly recorded 5 samples, mean = 0.2 (flags = 0x1)
0  ----O                                                                     (4 = 80.0%)
1  -O                                                                        (1 = 20.0%) {80.0%}
2  ... 

Histogram: Navigation.StartPendingDeletionOnSubtree.LoopSwappedOut recorded 2 samples, mean = 0.0 (flags = 0x1)
0  --O                                                                       (2 = 100.0%)
1  ... 

Histogram: Navigation.StartPendingDeletionOnSubtree.SwappedOut recorded 2 samples, mean = 0.0 (flags = 0x1)
0  --O                                                                       (2 = 100.0%)
1  ... 

Histogram: Navigation.StartToCommit recorded 6 samples, mean = 235.7 (flags = 0x1)
0    ... 
20   -O                                                                        (1 = 16.7%) {0.0%}
25   ... 
66   ---O                                                                      (3 = 50.0%) {16.7%}
84   ... 
280  -O                                                                        (1 = 16.7%) {66.7%}
356  ... 
729  -O                                                                        (1 = 16.7%) {83.3%}
926  ... 

Histogram: Navigation.StartToCommit.BackgroundProcessPriority recorded 2 samples, mean = 79.5 (flags = 0x1)
0   ... 
66  --O                                                                       (2 = 100.0%) {0.0%}
84  ... 

Histogram: Navigation.StartToCommit.CrossProcess recorded 1 samples, mean = 850.0 (flags = 0x1)
0    ... 
729  -O                                                                        (1 = 100.0%) {0.0%}
926  ... 

Histogram: Navigation.StartToCommit.CrossProcess.ForegroundProcessPriority recorded 1 samples, mean = 850.0 (flags = 0x1)
0    ... 
729  -O                                                                        (1 = 100.0%) {0.0%}
926  ... 

Histogram: Navigation.StartToCommit.CrossProcess.NewNavigation recorded 1 samples, mean = 850.0 (flags = 0x1)
0    ... 
729  -O                                                                        (1 = 100.0%) {0.0%}
926  ... 

Histogram: Navigation.StartToCommit.CrossProcess.Subframe recorded 1 samples, mean = 850.0 (flags = 0x1)
0    ... 
729  -O                                                                        (1 = 100.0%) {0.0%}
926  ... 

Histogram: Navigation.StartToCommit.CrossProcess.Subframe.ForegroundProcessPriority recorded 1 samples, mean = 850.0 (flags = 0x1)
0    ... 
729  -O                                                                        (1 = 100.0%) {0.0%}
926  ... 

Histogram: Navigation.StartToCommit.CrossProcess.Subframe.NewNavigation recorded 1 samples, mean = 850.0 (flags = 0x1)
0    ... 
729  -O                                                                        (1 = 100.0%) {0.0%}
926  ... 

Histogram: Navigation.StartToCommit.ForegroundProcessPriority recorded 4 samples, mean = 313.8 (flags = 0x1)
0    ... 
20   -O                                                                        (1 = 25.0%) {0.0%}
25   ... 
66   -O                                                                        (1 = 25.0%) {25.0%}
84   ... 
280  -O                                                                        (1 = 25.0%) {50.0%}
356  ... 
729  -O                                                                        (1 = 25.0%) {75.0%}
926  ... 

Histogram: Navigation.StartToCommit.MainFrame recorded 5 samples, mean = 112.8 (flags = 0x1)
0    ... 
20   -O                                                                        (1 = 20.0%) {0.0%}
25   ... 
66   ---O                                                                      (3 = 60.0%) {20.0%}
84   ... 
280  -O                                                                        (1 = 20.0%) {80.0%}
356  ... 

Histogram: Navigation.StartToCommit.MainFrame.BackgroundProcessPriority recorded 2 samples, mean = 79.5 (flags = 0x1)
0   ... 
66  --O                                                                       (2 = 100.0%) {0.0%}
84  ... 

Histogram: Navigation.StartToCommit.MainFrame.ForegroundProcessPriority recorded 3 samples, mean = 135.0 (flags = 0x1)
0    ... 
20   -O                                                                        (1 = 33.3%) {0.0%}
25   ... 
66   -O                                                                        (1 = 33.3%) {33.3%}
84   ... 
280  -O                                                                        (1 = 33.3%) {66.7%}
356  ... 

Histogram: Navigation.StartToCommit.MainFrame.NewNavigation recorded 5 samples, mean = 112.8 (flags = 0x1)
0    ... 
20   -O                                                                        (1 = 20.0%) {0.0%}
25   ... 
66   ---O                                                                      (3 = 60.0%) {20.0%}
84   ... 
280  -O                                                                        (1 = 20.0%) {80.0%}
356  ... 

Histogram: Navigation.StartToCommit.NewNavigation recorded 6 samples, mean = 235.7 (flags = 0x1)
0    ... 
20   -O                                                                        (1 = 16.7%) {0.0%}
25   ... 
66   ---O                                                                      (3 = 50.0%) {16.7%}
84   ... 
280  -O                                                                        (1 = 16.7%) {66.7%}
356  ... 
729  -O                                                                        (1 = 16.7%) {83.3%}
926  ... 

Histogram: Navigation.StartToCommit.SameProcess recorded 5 samples, mean = 112.8 (flags = 0x1)
0    ... 
20   -O                                                                        (1 = 20.0%) {0.0%}
25   ... 
66   ---O                                                                      (3 = 60.0%) {20.0%}
84   ... 
280  -O                                                                        (1 = 20.0%) {80.0%}
356  ... 

Histogram: Navigation.StartToCommit.SameProcess.BackgroundProcessPriority recorded 2 samples, mean = 79.5 (flags = 0x1)
0   ... 
66  --O                                                                       (2 = 100.0%) {0.0%}
84  ... 

Histogram: Navigation.StartToCommit.SameProcess.ForegroundProcessPriority recorded 3 samples, mean = 135.0 (flags = 0x1)
0    ... 
20   -O                                                                        (1 = 33.3%) {0.0%}
25   ... 
66   -O                                                                        (1 = 33.3%) {33.3%}
84   ... 
280  -O                                                                        (1 = 33.3%) {66.7%}
356  ... 

Histogram: Navigation.StartToCommit.SameProcess.MainFrame recorded 5 samples, mean = 112.8 (flags = 0x1)
0    ... 
20   -O                                                                        (1 = 20.0%) {0.0%}
25   ... 
66   ---O                                                                      (3 = 60.0%) {20.0%}
84   ... 
280  -O                                                                        (1 = 20.0%) {80.0%}
356  ... 

Histogram: Navigation.StartToCommit.SameProcess.MainFrame.BackgroundProcessPriority recorded 2 samples, mean = 79.5 (flags = 0x1)
0   ... 
66  --O                                                                       (2 = 100.0%) {0.0%}
84  ... 

Histogram: Navigation.StartToCommit.SameProcess.MainFrame.ForegroundProcessPriority recorded 3 samples, mean = 135.0 (flags = 0x1)
0    ... 
20   -O                                                                        (1 = 33.3%) {0.0%}
25   ... 
66   -O                                                                        (1 = 33.3%) {33.3%}
84   ... 
280  -O                                                                        (1 = 33.3%) {66.7%}
356  ... 

Histogram: Navigation.StartToCommit.SameProcess.MainFrame.NewNavigation recorded 5 samples, mean = 112.8 (flags = 0x1)
0    ... 
20   -O                                                                        (1 = 20.0%) {0.0%}
25   ... 
66   ---O                                                                      (3 = 60.0%) {20.0%}
84   ... 
280  -O                                                                        (1 = 20.0%) {80.0%}
356  ... 

Histogram: Navigation.StartToCommit.SameProcess.NewNavigation recorded 5 samples, mean = 112.8 (flags = 0x1)
0    ... 
20   -O                                                                        (1 = 20.0%) {0.0%}
25   ... 
66   ---O                                                                      (3 = 60.0%) {20.0%}
84   ... 
280  -O                                                                        (1 = 20.0%) {80.0%}
356  ... 

Histogram: Navigation.StartToCommit.Subframe recorded 1 samples, mean = 850.0 (flags = 0x1)
0    ... 
729  -O                                                                        (1 = 100.0%) {0.0%}
926  ... 

Histogram: Navigation.StartToCommit.Subframe.ForegroundProcessPriority recorded 1 samples, mean = 850.0 (flags = 0x1)
0    ... 
729  -O                                                                        (1 = 100.0%) {0.0%}
926  ... 

Histogram: Navigation.StartToCommit.Subframe.NewNavigation recorded 1 samples, mean = 850.0 (flags = 0x1)
0    ... 
729  -O                                                                        (1 = 100.0%) {0.0%}
926  ... 

Histogram: Navigation.SwapRFHToCompositorCreation recorded 2 samples, mean = 3.5 (flags = 0x1)
0  ... 
3  -O                                                                        (1 = 50.0%) {0.0%}
4  -O                                                                        (1 = 50.0%) {50.0%}
5  ... 

Histogram: Navigation.ThrottleCount recorded 5 samples, mean = 22.6 (flags = 0x1)
0   ... 
18  -O                                                                        (1 = 20.0%) {0.0%}
19  ... 
23  ---O                                                                      (3 = 60.0%) {20.0%}
24  ... 
26  -O                                                                        (1 = 20.0%) {80.0%}
28  ... 

Histogram: Navigation.ThrottleDeferTime.WillProcessResponse recorded 3 samples, mean = 10.7 (flags = 0x1)
0   ... 
10  ---O                                                                      (3 = 100.0%) {0.0%}
12  ... 

Histogram: Navigation.ThrottleDeferredEvent recorded 3 samples, mean = 4.0 (flags = 0x1)
0  ... 
4  ---O                                                                      (3 = 100.0%) {0.0%}
5  ... 

Histogram: Navigation.ThrottleEventDurationTime.WillCommitWithoutUrlLoader recorded 1 samples, mean = 0.0 (flags = 0x1)
0  -O                                                                        (1 = 100.0%)
1  ... 

Histogram: Navigation.ThrottleEventDurationTime.WillProcessResponse recorded 5 samples, mean = 6.4 (flags = 0x1)
0   --O                                                                       (2 = 40.0%)
1   ... 
10  ---O                                                                      (3 = 60.0%) {40.0%}
12  ... 

Histogram: Navigation.ThrottleEventDurationTime.WillStartRequest recorded 5 samples, mean = 0.0 (flags = 0x1)
0  -----O                                                                    (5 = 100.0%)
1  ... 

Histogram: Navigation.ThrottleEventExecutionTime.WillCommitWithoutUrlLoader recorded 1 samples, mean = 0.0 (flags = 0x1)
0  -O                                                                        (1 = 100.0%)
1  ... 

Histogram: Navigation.ThrottleEventExecutionTime.WillProcessResponse recorded 5 samples, mean = 0.0 (flags = 0x1)
0  -----O                                                                    (5 = 100.0%)
1  ... 

Histogram: Navigation.ThrottleEventExecutionTime.WillStartRequest recorded 5 samples, mean = 0.0 (flags = 0x1)
0  -----O                                                                    (5 = 100.0%)
1  ... 

Histogram: Navigation.ThrottleExecutionTime.WillCommitWithoutUrlLoader recorded 1 samples, mean = 0.0 (flags = 0x1)
0  -O                                                                        (1 = 100.0%)
1  ... 

Histogram: Navigation.ThrottleExecutionTime.WillProcessResponse recorded 113 samples, mean = 0.0 (flags = 0x1)
0  ------------------------------------------------------------------------O (113 = 100.0%)
1  ... 

Histogram: Navigation.ThrottleExecutionTime.WillStartRequest recorded 113 samples, mean = 0.0 (flags = 0x1)
0  ------------------------------------------------------------------------O (113 = 100.0%)
1  ... 

Histogram: Navigation.ThrottleTotalDeferCount recorded 6 samples, mean = 0.5 (flags = 0x1)
0  ---O                                                                      (3 = 50.0%)
1  ---O                                                                      (3 = 50.0%) {50.0%}
2  ... 

Histogram: Navigation.ThrottleTotalDeferCount.Request recorded 6 samples, mean = 0.0 (flags = 0x1)
0  ------O                                                                   (6 = 100.0%)
1  ... 

Histogram: Navigation.ThrottleTotalDeferTime recorded 6 samples, mean = 5.3 (flags = 0x1)
0   ---O                                                                      (3 = 50.0%)
1   ... 
10  ---O                                                                      (3 = 50.0%) {50.0%}
12  ... 

Histogram: Navigation.ThrottleTotalDeferTime.Request recorded 6 samples, mean = 0.0 (flags = 0x1)
0  ------O                                                                   (6 = 100.0%)
1  ... 

Histogram: Navigation.TimeToReadyToCommit2 recorded 6 samples, mean = 217.8 (flags = 0x1)
0    ... 
3    -O                                                                        (1 = 16.7%) {0.0%}
4    ... 
32   -O                                                                        (1 = 16.7%) {16.7%}
41   O                                                                         (0 = 0.0%) {33.3%}
52   --O                                                                       (2 = 33.3%) {33.3%}
66   ... 
280  -O                                                                        (1 = 16.7%) {66.7%}
356  ... 
729  -O                                                                        (1 = 16.7%) {83.3%}
926  ... 

Histogram: Navigation.TimeToReadyToCommit2.CrossProcess recorded 1 samples, mean = 848.0 (flags = 0x1)
0    ... 
729  -O                                                                        (1 = 100.0%) {0.0%}
926  ... 

Histogram: Navigation.TimeToReadyToCommit2.CrossProcess.NewNavigation recorded 1 samples, mean = 848.0 (flags = 0x1)
0    ... 
729  -O                                                                        (1 = 100.0%) {0.0%}
926  ... 

Histogram: Navigation.TimeToReadyToCommit2.MainFrame recorded 5 samples, mean = 91.8 (flags = 0x1)
0    ... 
3    -O                                                                        (1 = 20.0%) {0.0%}
4    ... 
32   -O                                                                        (1 = 20.0%) {20.0%}
41   O                                                                         (0 = 0.0%) {40.0%}
52   --O                                                                       (2 = 40.0%) {40.0%}
66   ... 
280  -O                                                                        (1 = 20.0%) {80.0%}
356  ... 

Histogram: Navigation.TimeToReadyToCommit2.MainFrame.NewNavigation recorded 5 samples, mean = 91.8 (flags = 0x1)
0    ... 
3    -O                                                                        (1 = 20.0%) {0.0%}
4    ... 
32   -O                                                                        (1 = 20.0%) {20.0%}
41   O                                                                         (0 = 0.0%) {40.0%}
52   --O                                                                       (2 = 40.0%) {40.0%}
66   ... 
280  -O                                                                        (1 = 20.0%) {80.0%}
356  ... 

Histogram: Navigation.TimeToReadyToCommit2.NewNavigation recorded 6 samples, mean = 217.8 (flags = 0x1)
0    ... 
3    -O                                                                        (1 = 16.7%) {0.0%}
4    ... 
32   -O                                                                        (1 = 16.7%) {16.7%}
41   O                                                                         (0 = 0.0%) {33.3%}
52   --O                                                                       (2 = 33.3%) {33.3%}
66   ... 
280  -O                                                                        (1 = 16.7%) {66.7%}
356  ... 
729  -O                                                                        (1 = 16.7%) {83.3%}
926  ... 

Histogram: Navigation.TimeToReadyToCommit2.SameProcess recorded 5 samples, mean = 91.8 (flags = 0x1)
0    ... 
3    -O                                                                        (1 = 20.0%) {0.0%}
4    ... 
32   -O                                                                        (1 = 20.0%) {20.0%}
41   O                                                                         (0 = 0.0%) {40.0%}
52   --O                                                                       (2 = 40.0%) {40.0%}
66   ... 
280  -O                                                                        (1 = 20.0%) {80.0%}
356  ... 

Histogram: Navigation.TimeToReadyToCommit2.SameProcess.NewNavigation recorded 5 samples, mean = 91.8 (flags = 0x1)
0    ... 
3    -O                                                                        (1 = 20.0%) {0.0%}
4    ... 
32   -O                                                                        (1 = 20.0%) {20.0%}
41   O                                                                         (0 = 0.0%) {40.0%}
52   --O                                                                       (2 = 40.0%) {40.0%}
66   ... 
280  -O                                                                        (1 = 20.0%) {80.0%}
356  ... 

Histogram: Navigation.TimeToReadyToCommit2.Subframe recorded 1 samples, mean = 848.0 (flags = 0x1)
0    ... 
729  -O                                                                        (1 = 100.0%) {0.0%}
926  ... 

Histogram: Navigation.TimeToReadyToCommit2.Subframe.NewNavigation recorded 1 samples, mean = 848.0 (flags = 0x1)
0    ... 
729  -O                                                                        (1 = 100.0%) {0.0%}
926  ... 

Histogram: Navigation.Timeline.BeforeUnloadPhase1.Duration recorded 1 samples, mean = 0.0 (flags = 0x1)
0  -O                                                                        (1 = 100.0%)
1  ... 

Histogram: Navigation.Timeline.BeforeUnloadPhase1ToNavigationRequestCreation.Duration recorded 1 samples, mean = 0.0 (flags = 0x1)
0  -O                                                                        (1 = 100.0%)
1  ... 

Histogram: Navigation.Timeline.BeginNavigationToCommit.Duration recorded 1 samples, mean = 1.0 (flags = 0x1)
0  O                                                                         (0 = 0.0%)
1  -O                                                                        (1 = 100.0%) {0.0%}
2  ... 

Histogram: Navigation.Timeline.BeginNavigationToLoaderStart.Duration recorded 5 samples, mean = 0.4 (flags = 0x1)
0  ----O                                                                     (4 = 80.0%)
1  O                                                                         (0 = 0.0%) {80.0%}
2  -O                                                                        (1 = 20.0%) {80.0%}
3  ... 

Histogram: Navigation.Timeline.CommitToDidCommit.Duration recorded 6 samples, mean = 15.3 (flags = 0x1)
0   O                                                                         (0 = 0.0%)
1   --O                                                                       (2 = 33.3%) {0.0%}
2   ... 
14  -O                                                                        (1 = 16.7%) {33.3%}
17  -O                                                                        (1 = 16.7%) {50.0%}
20  -O                                                                        (1 = 16.7%) {66.7%}
24  ... 
34  -O                                                                        (1 = 16.7%) {83.3%}
40  ... 

Histogram: Navigation.Timeline.DidCommitToFinish.Duration recorded 6 samples, mean = 1.7 (flags = 0x1)
0  -O                                                                        (1 = 16.7%)
1  ---O                                                                      (3 = 50.0%) {16.7%}
2  O                                                                         (0 = 0.0%) {66.7%}
3  -O                                                                        (1 = 16.7%) {66.7%}
4  -O                                                                        (1 = 16.7%) {83.3%}
5  ... 

Histogram: Navigation.Timeline.FetchStartToReceiveHeaders.Duration recorded 5 samples, mean = 228.6 (flags = 0x1)
0    ---O                                                                      (3 = 60.0%)
1    ... 
268  -O                                                                        (1 = 20.0%) {60.0%}
318  ... 
752  -O                                                                        (1 = 20.0%) {80.0%}
894  ... 

Histogram: Navigation.Timeline.IgnoredCorrectly.Duration recorded 6 samples, mean = 0.0 (flags = 0x1)
0  ------O                                                                   (6 = 100.0%)
1  ... 

Histogram: Navigation.Timeline.IgnoredIncorrectly.Duration recorded 6 samples, mean = 0.5 (flags = 0x1)
0  -----O                                                                    (5 = 83.3%)
1  ... 
3  -O                                                                        (1 = 16.7%) {83.3%}
4  ... 

Histogram: Navigation.Timeline.IgnoredIncorrectly.MainFrameOnly.Duration recorded 5 samples, mean = 0.6 (flags = 0x1)
0  ----O                                                                     (4 = 80.0%)
1  ... 
3  -O                                                                        (1 = 20.0%) {80.0%}
4  ... 

Histogram: Navigation.Timeline.IgnoredIncorrectly.MainFrameOnly.Percentage recorded 5 samples, mean = 0.0 (flags = 0x1)
0  -----O                                                                    (5 = 100.0%)
1  ... 

Histogram: Navigation.Timeline.IgnoredIncorrectly.Percentage recorded 6 samples, mean = 0.0 (flags = 0x1)
0  ------O                                                                   (6 = 100.0%)
1  ... 

Histogram: Navigation.Timeline.LoaderStartToFetchStart.Duration recorded 5 samples, mean = 20.2 (flags = 0x1)
0   -O                                                                        (1 = 20.0%)
1   -O                                                                        (1 = 20.0%) {20.0%}
2   ... 
20  -O                                                                        (1 = 20.0%) {40.0%}
24  ... 
34  -O                                                                        (1 = 20.0%) {60.0%}
40  -O                                                                        (1 = 20.0%) {80.0%}
48  ... 

Histogram: Navigation.Timeline.LoaderStartToReceiveResponse.Duration recorded 5 samples, mean = 249.4 (flags = 0x1)
0    ... 
20   -O                                                                        (1 = 20.0%) {0.0%}
24   ... 
34   -O                                                                        (1 = 20.0%) {20.0%}
40   -O                                                                        (1 = 20.0%) {40.0%}
48   ... 
268  -O                                                                        (1 = 20.0%) {60.0%}
318  ... 
752  -O                                                                        (1 = 20.0%) {80.0%}
894  ... 

Histogram: Navigation.Timeline.NavigationRequestToBeginNavigation.Duration recorded 6 samples, mean = 2.5 (flags = 0x1)
0  O                                                                         (0 = 0.0%)
1  -O                                                                        (1 = 16.7%) {0.0%}
2  ----O                                                                     (4 = 66.7%) {16.7%}
3  ... 
6  -O                                                                        (1 = 16.7%) {83.3%}
7  ... 

Histogram: Navigation.Timeline.ReceiveHeadersToReceiveResponse.Duration recorded 5 samples, mean = 0.4 (flags = 0x1)
0  ---O                                                                      (3 = 60.0%)
1  --O                                                                       (2 = 40.0%) {60.0%}
2  ... 

Histogram: Navigation.Timeline.ReceiveResponseToCommit.Duration recorded 5 samples, mean = 7.8 (flags = 0x1)
0   -O                                                                        (1 = 20.0%)
1   -O                                                                        (1 = 20.0%) {20.0%}
2   ... 
12  ---O                                                                      (3 = 60.0%) {40.0%}
14  ... 

Histogram: Navigation.Timeline.RendererCommitToDidCommit.Duration recorded 6 samples, mean = 0.8 (flags = 0x1)
0  --O                                                                       (2 = 33.3%)
1  ---O                                                                      (3 = 50.0%) {33.3%}
2  -O                                                                        (1 = 16.7%) {83.3%}
3  ... 

Histogram: Navigation.Timeline.StartToBeforeUnloadPhase1.Duration recorded 1 samples, mean = 0.0 (flags = 0x1)
0  -O                                                                        (1 = 100.0%)
1  ... 

Histogram: Navigation.Timeline.StartToNavigationRequestCreation.Duration recorded 5 samples, mean = 0.0 (flags = 0x1)
0  -----O                                                                    (5 = 100.0%)
1  ... 

Histogram: Navigation.Timeline.Total.Duration recorded 6 samples, mean = 237.2 (flags = 0x1)
0    ... 
24   -O                                                                        (1 = 16.7%) {0.0%}
29   ... 
68   --O                                                                       (2 = 33.3%) {16.7%}
81   -O                                                                        (1 = 16.7%) {50.0%}
96   ... 
268  -O                                                                        (1 = 16.7%) {66.7%}
318  ... 
752  -O                                                                        (1 = 16.7%) {83.3%}
894  ... 

Histogram: Navigation.Timeline.TotalExcludingBeforeUnload.Duration recorded 6 samples, mean = 237.2 (flags = 0x1)
0    ... 
24   -O                                                                        (1 = 16.7%) {0.0%}
29   ... 
68   --O                                                                       (2 = 33.3%) {16.7%}
81   -O                                                                        (1 = 16.7%) {50.0%}
96   ... 
268  -O                                                                        (1 = 16.7%) {66.7%}
318  ... 
752  -O                                                                        (1 = 16.7%) {83.3%}
894  ... 

Histogram: Navigation.Timeline.TotalExcludingBeforeUnload.MainFrameOnly.Duration recorded 5 samples, mean = 114.4 (flags = 0x1)
0    ... 
24   -O                                                                        (1 = 20.0%) {0.0%}
29   ... 
68   --O                                                                       (2 = 40.0%) {20.0%}
81   -O                                                                        (1 = 20.0%) {60.0%}
96   ... 
268  -O                                                                        (1 = 20.0%) {80.0%}
318  ... 

Histogram: Navigation.Timeline.TotalExcludingBeforeUnloadDialog.Duration recorded 6 samples, mean = 237.2 (flags = 0x1)
0    ... 
24   -O                                                                        (1 = 16.7%) {0.0%}
29   ... 
68   --O                                                                       (2 = 33.3%) {16.7%}
81   -O                                                                        (1 = 16.7%) {50.0%}
96   ... 
268  -O                                                                        (1 = 16.7%) {66.7%}
318  ... 
752  -O                                                                        (1 = 16.7%) {83.3%}
894  ... 

Histogram: Navigation.Timeline.TotalExcludingBeforeUnloadDialog.MainFrameOnly.Duration recorded 5 samples, mean = 114.4 (flags = 0x1)
0    ... 
24   -O                                                                        (1 = 20.0%) {0.0%}
29   ... 
68   --O                                                                       (2 = 40.0%) {20.0%}
81   -O                                                                        (1 = 20.0%) {60.0%}
96   ... 
268  -O                                                                        (1 = 20.0%) {80.0%}
318  ... 

Histogram: Navigation.URLLoader.HasClientHintsControllerDelegate recorded 5 samples, mean = 1.0 (flags = 0x1)
0  O                                                                         (0 = 0.0%)
1  -----O                                                                    (5 = 100.0%) {0.0%}
2  O                                                                         (0 = 0.0%) {100.0%}

Histogram: Navigation.URLLoader.OnAcceptCHFrameReceived.CriticalHintsMissingStatus recorded 1 samples, mean = 1.0 (flags = 0x1)
0  O                                                                         (0 = 0.0%)
1  -O                                                                        (1 = 100.0%) {0.0%}
2  ... 

Histogram: Navigation.URLLoader.OnAcceptCHFrameReceived.ExecutionTime recorded 1 samples, mean = 59.0 (flags = 0x1)
0   ... 
55  -O                                                                        (1 = 100.0%) {0.0%}
76  ... 

Histogram: Navigation.URLLoader.OnAcceptCHFrameReceived.ReturnLocation recorded 1 samples, mean = 3.0 (flags = 0x1)
0  ... 
3  -O                                                                        (1 = 100.0%) {0.0%}
4  ... 

Histogram: Navigation.Unload recorded 2 samples, mean = 0.0 (flags = 0x1)
0  --O                                                                       (2 = 100.0%)
1  ... 

Histogram: Navigation.UserAgentStringType recorded 2 samples, mean = 1.0 (flags = 0x1)
0  O                                                                         (0 = 0.0%)
1  --O                                                                       (2 = 100.0%) {0.0%}
2  ... 

Histogram: Navigation.WillStartRequestToLoaderStart.MainFrame recorded 4 samples, mean = 0.0 (flags = 0x1)
0  ----O                                                                     (4 = 100.0%)
1  ... 

Histogram: Navigation.WillStartRequestToLoaderStart.Subframe recorded 1 samples, mean = 0.0 (flags = 0x1)
0  -O                                                                        (1 = 100.0%)
1  ... 

Histogram: NavigationPredictor.SearchEnginePreconnector.IsBrowserAppLikelyInForeground recorded 5 samples, mean = 1.0 (flags = 0x1)
0  O                                                                         (0 = 0.0%)
1  -----O                                                                    (5 = 100.0%) {0.0%}
2  O                                                                         (0 = 0.0%) {100.0%}

Histogram: NavigationPredictor.SearchEnginePreconnector.PreconnectDelay recorded 1 samples, mean = 5000.0 (flags = 0x1)
0     ... 
4516  -O                                                                        (1 = 100.0%) {0.0%}
6118  ... 

Histogram: NavigationPredictor.SearchEnginePreconnector.TriggerEvent recorded 1 samples, mean = 0.0 (flags = 0x1)
0  -O                                                                        (1 = 100.0%)
1  ... 

Histogram: NavigationSuggestion.GetDomainInfoDelayBeforeAllowingNavigation recorded 4 samples, mean = 0.0 (flags = 0x1)
0  ----O                                                                     (4 = 100.0%)
1  ... 

Histogram: NavigationSuggestion.IsLookalikeUrlDelayBeforeAllowingNavigation recorded 4 samples, mean = 0.0 (flags = 0x1)
0  ----O                                                                     (4 = 100.0%)
1  ... 

Histogram: NavigationSuggestion.PerformChecksDelayBeforeAllowingNavigation recorded 4 samples, mean = 0.0 (flags = 0x1)
0  ----O                                                                     (4 = 100.0%)
1  ... 

Histogram: Net.CertVerifier.CTRequirementStatus recorded 12 samples, mean = 1.0 (flags = 0x1)
0  O                                                                         (0 = 0.0%)
1  ------------O                                                             (12 = 100.0%) {0.0%}
2  ... 

Histogram: Net.CertVerifier.DoVerifyOnWorkerThreadTime recorded 12 samples, mean = 0.9 (flags = 0x1)
0  -----O                                                                    (5 = 41.7%)
1  ---O                                                                      (3 = 25.0%) {41.7%}
2  ----O                                                                     (4 = 33.3%) {66.7%}
3  ... 

Histogram: Net.CertVerifier.DoVerifyOnWorkerThreadTime.Google recorded 11 samples, mean = 1.0 (flags = 0x1)
0  ----O                                                                     (4 = 36.4%)
1  ---O                                                                      (3 = 27.3%) {36.4%}
2  ----O                                                                     (4 = 36.4%) {63.6%}
3  ... 

Histogram: Net.CertVerifier.DoVerifyOnWorkerThreadTime.GoogleWithAlpnH3 recorded 4 samples, mean = 1.0 (flags = 0x1)
0  -O                                                                        (1 = 25.0%)
1  --O                                                                       (2 = 50.0%) {25.0%}
2  -O                                                                        (1 = 25.0%) {75.0%}
3  ... 

Histogram: Net.Certificate.TrustAnchor.Verify recorded 12 samples (flags = 0x1)
0  ------------O                                                             (12 = 100.0%)

Histogram: Net.Certificate.TrustAnchor.VerifyOutOfDate recorded 12 samples, mean = 1.0 (flags = 0x1)
0  O                                                                         (0 = 0.0%)
1  ------------O                                                             (12 = 100.0%) {0.0%}
2  O                                                                         (0 = 0.0%) {100.0%}

Histogram: Net.Certificate.TrustAnchor2.Verify recorded 12 samples (flags = 0x1)
36  ------------O                                                             (12 = 100.0%)

Histogram: Net.CertificateTransparency.SCTOrigin recorded 24 samples, mean = 0.0 (flags = 0x1)
0  ------------------------O                                                 (24 = 100.0%)
1  ... 

Histogram: Net.DNS.DnsConfig.SecureDnsMode recorded 1 samples, mean = 4.0 (flags = 0x1)
0  ... 
4  -O                                                                        (1 = 100.0%) {0.0%}
5  ... 

Histogram: Net.HttpResponseCode2 recorded 27 samples, mean = 211.6 (flags = 0x1)
0    ... 
200  ------------------------O                                                 (24 = 88.9%) {0.0%}
201  ... 
302  -O                                                                        (1 = 3.7%) {88.9%}
303  O                                                                         (0 = 0.0%) {92.6%}
304  -O                                                                        (1 = 3.7%) {92.6%}
305  ... 
307  -O                                                                        (1 = 3.7%) {96.3%}
308  ... 

Histogram: Net.MultiThreadedCertVerifier.RequestDuration recorded 12 samples, mean = 0.9 (flags = 0x1)
0  -----O                                                                    (5 = 41.7%)
1  ---O                                                                      (3 = 25.0%) {41.7%}
2  ----O                                                                     (4 = 33.3%) {66.7%}
3  ... 

Histogram: Net.MultiThreadedCertVerifier.RequestDuration.Google recorded 11 samples, mean = 1.0 (flags = 0x1)
0  ----O                                                                     (4 = 36.4%)
1  ---O                                                                      (3 = 27.3%) {36.4%}
2  ----O                                                                     (4 = 36.4%) {63.6%}
3  ... 

Histogram: Net.MultiThreadedCertVerifier.RequestDuration.GoogleWithAlpnH3 recorded 4 samples, mean = 1.0 (flags = 0x1)
0  -O                                                                        (1 = 25.0%)
1  --O                                                                       (2 = 50.0%) {25.0%}
2  -O                                                                        (1 = 25.0%) {75.0%}
3  ... 

Histogram: Net.URLLoaderThrottle.OnReceiveResponseTime recorded 5 samples, mean = 0.4 (flags = 0x1)
0  ---O                                                                      (3 = 60.0%)
1  --O                                                                       (2 = 40.0%) {60.0%}
2  ... 

Histogram: NetworkService.GrantSandboxResult recorded 3 samples, mean = 9.0 (flags = 0x1)
0   ... 
7   -O                                                                        (1 = 33.3%) {0.0%}
8   ... 
10  --O                                                                       (2 = 66.7%) {33.3%}
11  ... 

Histogram: NetworkService.TimeToGrantCacheAccess recorded 1 samples, mean = 0.0 (flags = 0x1)
0  -O                                                                        (1 = 100.0%)
1  ... 

Histogram: NetworkService.TimeToGrantDataAccess recorded 2 samples, mean = 0.0 (flags = 0x1)
0  --O                                                                       (2 = 100.0%)
1  ... 

Histogram: NetworkService.TimeToGrantSharedDictionaryAccess recorded 1 samples, mean = 0.0 (flags = 0x1)
0  -O                                                                        (1 = 100.0%)
1  ... 

Histogram: NetworkTime.EstimatedTimeUncertainty recorded 15 samples, mean = 1730.2 (flags = 0x1)
0     ... 
1496  ---------------O                                                          (15 = 100.0%) {0.0%}
1901  ... 

Histogram: NetworkTime.NetworkTimeUncertainty recorded 1 samples, mean = 1828.0 (flags = 0x1)
0     ... 
1496  -O                                                                        (1 = 100.0%) {0.0%}
1901  ... 

Histogram: NetworkedProfile.Check recorded 1 samples, mean = 4.0 (flags = 0x1)
0  ... 
4  -O                                                                        (1 = 100.0%) {0.0%}
5  ... 

Histogram: NewTabPage.MostVisited.NumberOfCustomTilesOnFirstNtp recorded 1 samples (flags = 0x1)
0  -O                                                                        (1 = 100.0%)

Histogram: Notifications.UsingSystemNotificationCenter recorded 1 samples, mean = 1.0 (flags = 0x1)
0  O                                                                         (0 = 0.0%)
1  -O                                                                        (1 = 100.0%) {0.0%}
2  O                                                                         (0 = 0.0%) {100.0%}

Histogram: Notifications.Windows.GetDisplayedStatus recorded 2 samples, mean = 0.0 (flags = 0x1)
0  --O                                                                       (2 = 100.0%)
1  ... 

Histogram: Notifications.Windows.GetSettingPolicyStartup recorded 1 samples, mean = 1.0 (flags = 0x1)
0  O                                                                         (0 = 0.0%)
1  -O                                                                        (1 = 100.0%) {0.0%}
2  ... 

Histogram: Notifications.Windows.GetSettingStatusStartup recorded 1 samples, mean = 0.0 (flags = 0x1)
0  -O                                                                        (1 = 100.0%)
1  ... 

Histogram: Notifications.Windows.HistoryStatus recorded 2 samples, mean = 0.0 (flags = 0x1)
0  --O                                                                       (2 = 100.0%)
1  ... 

Histogram: Notifications.Windows.SetReadyCallbackStatus2 recorded 1 samples, mean = 0.0 (flags = 0x1)
0  -O                                                                        (1 = 100.0%)
1  ... 

Histogram: Notifications.Windows.StartMenuShortcutStatus recorded 1 samples, mean = 0.0 (flags = 0x1)
0  -O                                                                        (1 = 100.0%)
1  ... 

Histogram: OSCrypt.AppBoundEncryption.SupportLevel recorded 1 samples, mean = 4.0 (flags = 0x1)
0  ... 
4  -O                                                                        (1 = 100.0%) {0.0%}
5  ... 

Histogram: OSCrypt.AppBoundProvider.KeyRetrieval.Status recorded 1 samples, mean = 1.0 (flags = 0x1)
0  O                                                                         (0 = 0.0%)
1  -O                                                                        (1 = 100.0%) {0.0%}
2  ... 

Histogram: OSCrypt.AsyncInitialization.Time recorded 1 samples, mean = 0.0 (flags = 0x1)
0  -O                                                                        (1 = 100.0%)
1  ... 

Histogram: OSCrypt.DPAPIProvider.Status recorded 1 samples, mean = 0.0 (flags = 0x1)
0  -O                                                                        (1 = 100.0%)
1  ... 

Histogram: OSCrypt.EncryptorKeyCount recorded 1 samples, mean = 2.0 (flags = 0x1)
0  ... 
2  -O                                                                        (1 = 100.0%) {0.0%}
3  ... 

Histogram: OSCrypt.EncryptorKeyCount.Available recorded 1 samples, mean = 1.0 (flags = 0x1)
0  O                                                                         (0 = 0.0%)
1  -O                                                                        (1 = 100.0%) {0.0%}
2  ... 

Histogram: OSCrypt.EncryptorKeyCount.PermanentlyUnavailable recorded 1 samples, mean = 0.0 (flags = 0x1)
0  -O                                                                        (1 = 100.0%)
1  ... 

Histogram: OSCrypt.EncryptorKeyCount.TemporarilyUnavailable recorded 1 samples, mean = 1.0 (flags = 0x1)
0  O                                                                         (0 = 0.0%)
1  -O                                                                        (1 = 100.0%) {0.0%}
2  ... 

Histogram: Omnibox.AimEligibility.CountryCodeEmpty recorded 2 samples, mean = 0.0 (flags = 0x1)
0  --O                                                                       (2 = 100.0%)
1  ... 

Histogram: Omnibox.AimEligibility.EligibilityRequestDebounced recorded 2 samples, mean = 0.0 (flags = 0x1)
0  --O                                                                       (2 = 100.0%)
1  ... 

Histogram: Omnibox.AimEligibility.EligibilityRequestDebounced.OAuthFallbackCookieChange recorded 1 samples, mean = 0.0 (flags = 0x1)
0  -O                                                                        (1 = 100.0%)
1  ... 

Histogram: Omnibox.AimEligibility.EligibilityRequestDebounced.Startup recorded 1 samples, mean = 0.0 (flags = 0x1)
0  -O                                                                        (1 = 100.0%)
1  ... 

Histogram: Omnibox.AimEligibility.EligibilityRequestPrimaryAccountExists recorded 2 samples, mean = 0.0 (flags = 0x1)
0  --O                                                                       (2 = 100.0%)
1  ... 

Histogram: Omnibox.AimEligibility.EligibilityRequestPrimaryAccountExists.OAuthFallbackCookieChange recorded 1 samples, mean = 0.0 (flags = 0x1)
0  -O                                                                        (1 = 100.0%)
1  ... 

Histogram: Omnibox.AimEligibility.EligibilityRequestPrimaryAccountExists.Startup recorded 1 samples, mean = 0.0 (flags = 0x1)
0  -O                                                                        (1 = 100.0%)
1  ... 

Histogram: Omnibox.AimEligibility.EligibilityRequestStatus recorded 3 samples, mean = 1.0 (flags = 0x1)
0  --O                                                                       (2 = 66.7%)
1  ... 
3  -O                                                                        (1 = 33.3%) {66.7%}
4  ... 

Histogram: Omnibox.AimEligibility.EligibilityRequestStatus.OAuthFallbackCookieChange recorded 2 samples, mean = 1.5 (flags = 0x1)
0  -O                                                                        (1 = 50.0%)
1  ... 
3  -O                                                                        (1 = 50.0%) {50.0%}
4  ... 

Histogram: Omnibox.AimEligibility.EligibilityRequestStatus.Startup recorded 1 samples, mean = 0.0 (flags = 0x1)
0  -O                                                                        (1 = 100.0%)
1  ... 

Histogram: Omnibox.AimEligibility.EligibilityResponse.OAuthFallbackCookieChange.is_cobrowse_eligible recorded 1 samples, mean = 1.0 (flags = 0x1)
0  O                                                                         (0 = 0.0%)
1  -O                                                                        (1 = 100.0%) {0.0%}
2  O                                                                         (0 = 0.0%) {100.0%}

Histogram: Omnibox.AimEligibility.EligibilityResponse.OAuthFallbackCookieChange.is_deep_search_eligible recorded 1 samples, mean = 0.0 (flags = 0x1)
0  -O                                                                        (1 = 100.0%)
1  ... 

Histogram: Omnibox.AimEligibility.EligibilityResponse.OAuthFallbackCookieChange.is_eligible recorded 1 samples, mean = 0.0 (flags = 0x1)
0  -O                                                                        (1 = 100.0%)
1  ... 

Histogram: Omnibox.AimEligibility.EligibilityResponse.OAuthFallbackCookieChange.is_fusebox_eligible recorded 1 samples, mean = 1.0 (flags = 0x1)
0  O                                                                         (0 = 0.0%)
1  -O                                                                        (1 = 100.0%) {0.0%}
2  O                                                                         (0 = 0.0%) {100.0%}

Histogram: Omnibox.AimEligibility.EligibilityResponse.OAuthFallbackCookieChange.is_image_generation_eligible recorded 1 samples, mean = 1.0 (flags = 0x1)
0  O                                                                         (0 = 0.0%)
1  -O                                                                        (1 = 100.0%) {0.0%}
2  O                                                                         (0 = 0.0%) {100.0%}

Histogram: Omnibox.AimEligibility.EligibilityResponse.OAuthFallbackCookieChange.is_pdf_upload_eligible recorded 1 samples, mean = 1.0 (flags = 0x1)
0  O                                                                         (0 = 0.0%)
1  -O                                                                        (1 = 100.0%) {0.0%}
2  O                                                                         (0 = 0.0%) {100.0%}

Histogram: Omnibox.AimEligibility.EligibilityResponse.OAuthFallbackCookieChange.session_index recorded 1 samples (flags = 0x1)
0  -O                                                                        (1 = 100.0%)

Histogram: Omnibox.AimEligibility.EligibilityResponse.is_cobrowse_eligible recorded 1 samples, mean = 1.0 (flags = 0x1)
0  O                                                                         (0 = 0.0%)
1  -O                                                                        (1 = 100.0%) {0.0%}
2  O                                                                         (0 = 0.0%) {100.0%}

Histogram: Omnibox.AimEligibility.EligibilityResponse.is_deep_search_eligible recorded 1 samples, mean = 0.0 (flags = 0x1)
0  -O                                                                        (1 = 100.0%)
1  ... 

Histogram: Omnibox.AimEligibility.EligibilityResponse.is_eligible recorded 1 samples, mean = 0.0 (flags = 0x1)
0  -O                                                                        (1 = 100.0%)
1  ... 

Histogram: Omnibox.AimEligibility.EligibilityResponse.is_fusebox_eligible recorded 1 samples, mean = 1.0 (flags = 0x1)
0  O                                                                         (0 = 0.0%)
1  -O                                                                        (1 = 100.0%) {0.0%}
2  O                                                                         (0 = 0.0%) {100.0%}

Histogram: Omnibox.AimEligibility.EligibilityResponse.is_image_generation_eligible recorded 1 samples, mean = 1.0 (flags = 0x1)
0  O                                                                         (0 = 0.0%)
1  -O                                                                        (1 = 100.0%) {0.0%}
2  O                                                                         (0 = 0.0%) {100.0%}

Histogram: Omnibox.AimEligibility.EligibilityResponse.is_pdf_upload_eligible recorded 1 samples, mean = 1.0 (flags = 0x1)
0  O                                                                         (0 = 0.0%)
1  -O                                                                        (1 = 100.0%) {0.0%}
2  O                                                                         (0 = 0.0%) {100.0%}

Histogram: Omnibox.AimEligibility.EligibilityResponse.session_index recorded 1 samples (flags = 0x1)
0  -O                                                                        (1 = 100.0%)

Histogram: Omnibox.AimEligibility.EligibilityResponseAccountMismatch recorded 1 samples, mean = 0.0 (flags = 0x1)
0  -O                                                                        (1 = 100.0%)
1  ... 

Histogram: Omnibox.AimEligibility.EligibilityResponseAccountMismatch.OAuthFallbackCookieChange recorded 1 samples, mean = 0.0 (flags = 0x1)
0  -O                                                                        (1 = 100.0%)
1  ... 

Histogram: Omnibox.AimEligibility.EligibilityResponseChange.is_cobrowse_eligible recorded 1 samples, mean = 0.0 (flags = 0x1)
0  -O                                                                        (1 = 100.0%)
1  ... 

Histogram: Omnibox.AimEligibility.EligibilityResponseChange.is_deep_search_eligible recorded 1 samples, mean = 0.0 (flags = 0x1)
0  -O                                                                        (1 = 100.0%)
1  ... 

Histogram: Omnibox.AimEligibility.EligibilityResponseChange.is_eligible recorded 1 samples, mean = 0.0 (flags = 0x1)
0  -O                                                                        (1 = 100.0%)
1  ... 

Histogram: Omnibox.AimEligibility.EligibilityResponseChange.is_fusebox_eligible recorded 1 samples, mean = 0.0 (flags = 0x1)
0  -O                                                                        (1 = 100.0%)
1  ... 

Histogram: Omnibox.AimEligibility.EligibilityResponseChange.is_image_generation_eligible recorded 1 samples, mean = 0.0 (flags = 0x1)
0  -O                                                                        (1 = 100.0%)
1  ... 

Histogram: Omnibox.AimEligibility.EligibilityResponseChange.is_pdf_upload_eligible recorded 1 samples, mean = 0.0 (flags = 0x1)
0  -O                                                                        (1 = 100.0%)
1  ... 

Histogram: Omnibox.AimEligibility.EligibilityResponseChange.session_index recorded 1 samples, mean = 0.0 (flags = 0x1)
0  -O                                                                        (1 = 100.0%)
1  ... 

Histogram: Omnibox.AimEligibility.EligibilityResponseCode recorded 1 samples (flags = 0x1)
200  -O                                                                        (1 = 100.0%)

Histogram: Omnibox.AimEligibility.EligibilityResponseCode.OAuthFallbackCookieChange recorded 1 samples (flags = 0x1)
200  -O                                                                        (1 = 100.0%)

Histogram: Omnibox.AimEligibility.EligibilityResponseSource recorded 80 samples, mean = 1.0 (flags = 0x1)
0  O                                                                         (0 = 0.0%)
1  ------------------------------------------------------------------------O (79 = 98.8%) {0.0%}
2  -O                                                                        (1 = 1.2%) {98.8%}
3  ... 

Histogram: Omnibox.AutocompletionTime.UpdateResult recorded 9 samples, mean = 7.3 (flags = 0x1)
0   --------O                                                                 (8 = 88.9%)
1   ... 
65  -O                                                                        (1 = 11.1%) {88.9%}
86  ... 

Histogram: Omnibox.AutocompletionTime.UpdateResult.DeduplicateMatches recorded 1 samples, mean = 0.0 (flags = 0x1)
0  -O                                                                        (1 = 100.0%)
1  ... 

Histogram: Omnibox.AutocompletionTime.UpdateResult.SortAndCull recorded 1 samples, mean = 23.0 (flags = 0x1)
0   ... 
21  -O                                                                        (1 = 100.0%) {0.0%}
28  ... 

Histogram: Omnibox.DocumentSuggest.ProviderAllowed recorded 1 samples, mean = 6.0 (flags = 0x1)
0  ... 
6  -O                                                                        (1 = 100.0%) {0.0%}
7  ... 

Histogram: Omnibox.FocusResultedInNavigation recorded 1 samples, mean = 0.0 (flags = 0x1)
0  -O                                                                        (1 = 100.0%)
1  ... 

Histogram: Omnibox.KeywordCount recorded 1 samples, mean = 11.0 (flags = 0x1)
0   ... 
11  -O                                                                        (1 = 100.0%) {0.0%}
12  ... 

Histogram: Omnibox.KeywordCount.DefaultSearchEngineSetByPolicy recorded 1 samples, mean = 0.0 (flags = 0x1)
0  -O                                                                        (1 = 100.0%)
1  ... 

Histogram: Omnibox.KeywordCount.DefaultSearchEngineSetByUser recorded 1 samples, mean = 0.0 (flags = 0x1)
0  -O                                                                        (1 = 100.0%)
1  ... 

Histogram: Omnibox.KeywordCount.FeaturedAllowUserOverrideSiteSearchSetByPolicy recorded 1 samples, mean = 0.0 (flags = 0x1)
0  -O                                                                        (1 = 100.0%)
1  ... 

Histogram: Omnibox.KeywordCount.FeaturedSearchAggregatorSetByPolicy recorded 1 samples, mean = 0.0 (flags = 0x1)
0  -O                                                                        (1 = 100.0%)
1  ... 

Histogram: Omnibox.KeywordCount.FeaturedSiteSearchSetByPolicy recorded 1 samples, mean = 0.0 (flags = 0x1)
0  -O                                                                        (1 = 100.0%)
1  ... 

Histogram: Omnibox.KeywordCount.NonFeaturedAllowUserOverrideSiteSearchSetByPolicy recorded 1 samples, mean = 0.0 (flags = 0x1)
0  -O                                                                        (1 = 100.0%)
1  ... 

Histogram: Omnibox.KeywordCount.NonFeaturedSiteSearchSetByPolicy recorded 1 samples, mean = 0.0 (flags = 0x1)
0  -O                                                                        (1 = 100.0%)
1  ... 

Histogram: Omnibox.KeywordCount.NonSubstitutingSiteSearchSetByUser recorded 1 samples, mean = 0.0 (flags = 0x1)
0  -O                                                                        (1 = 100.0%)
1  ... 

Histogram: Omnibox.KeywordCount.Prepopulated recorded 1 samples, mean = 5.0 (flags = 0x1)
0  ... 
5  -O                                                                        (1 = 100.0%) {0.0%}
6  ... 

Histogram: Omnibox.KeywordCount.SearchAggregatorSetByPolicy recorded 1 samples, mean = 0.0 (flags = 0x1)
0  -O                                                                        (1 = 100.0%)
1  ... 

Histogram: Omnibox.KeywordCount.SearchEngineSetByExtension recorded 1 samples, mean = 0.0 (flags = 0x1)
0  -O                                                                        (1 = 100.0%)
1  ... 

Histogram: Omnibox.KeywordCount.StarterPack recorded 1 samples, mean = 6.0 (flags = 0x1)
0  ... 
6  -O                                                                        (1 = 100.0%) {0.0%}
7  ... 

Histogram: Omnibox.KeywordCount.SubstitutingSiteSearchSetByUser recorded 1 samples, mean = 0.0 (flags = 0x1)
0  -O                                                                        (1 = 100.0%)
1  ... 

Histogram: Omnibox.KeywordModeUsageByEngineType.ActiveOnStartup recorded 6 samples, mean = 4.5 (flags = 0x1)
0  ... 
2  -O                                                                        (1 = 16.7%) {0.0%}
3  -O                                                                        (1 = 16.7%) {16.7%}
4  -O                                                                        (1 = 16.7%) {33.3%}
5  -O                                                                        (1 = 16.7%) {50.0%}
6  -O                                                                        (1 = 16.7%) {66.7%}
7  -O                                                                        (1 = 16.7%) {83.3%}
8  O                                                                         (0 = 0.0%) {100.0%}

Histogram: Omnibox.KeywordModeUsageByEngineType.InactiveOnStartup recorded 5 samples, mean = 1.0 (flags = 0x1)
0  O                                                                         (0 = 0.0%)
1  -----O                                                                    (5 = 100.0%) {0.0%}
2  ... 

Histogram: Omnibox.PaintTime recorded 6 samples, mean = 0.0 (flags = 0x1)
0  ------O                                                                   (6 = 100.0%)
1  ... 

Histogram: Omnibox.Popup.WebUI.PageRemoteIsBoundOnFirstCall recorded 1 samples, mean = 1.0 (flags = 0x1)
0  O                                                                         (0 = 0.0%)
1  -O                                                                        (1 = 100.0%) {0.0%}
2  O                                                                         (0 = 0.0%) {100.0%}

Histogram: Omnibox.Popup.WebUI.ResultChangedToRepaintLatency.ToPaint recorded 2 samples, mean = 3.5 (flags = 0x1)
0  ... 
2  -O                                                                        (1 = 50.0%) {0.0%}
3  ... 
5  -O                                                                        (1 = 50.0%) {50.0%}
6  ... 

Histogram: Omnibox.ProviderTime2.Bookmark recorded 1 samples, mean = 0.0 (flags = 0x1)
0  -O                                                                        (1 = 100.0%)
1  ... 

Histogram: Omnibox.ProviderTime2.Builtin recorded 1 samples, mean = 0.0 (flags = 0x1)
0  -O                                                                        (1 = 100.0%)
1  ... 

Histogram: Omnibox.ProviderTime2.Calculator recorded 1 samples, mean = 0.0 (flags = 0x1)
0  -O                                                                        (1 = 100.0%)
1  ... 

Histogram: Omnibox.ProviderTime2.ContextualSearch recorded 1 samples, mean = 0.0 (flags = 0x1)
0  -O                                                                        (1 = 100.0%)
1  ... 

Histogram: Omnibox.ProviderTime2.Document recorded 1 samples, mean = 0.0 (flags = 0x1)
0  -O                                                                        (1 = 100.0%)
1  ... 

Histogram: Omnibox.ProviderTime2.FeaturedSearch recorded 1 samples, mean = 0.0 (flags = 0x1)
0  -O                                                                        (1 = 100.0%)
1  ... 

Histogram: Omnibox.ProviderTime2.HistoryFuzzy recorded 1 samples, mean = 0.0 (flags = 0x1)
0  -O                                                                        (1 = 100.0%)
1  ... 

Histogram: Omnibox.ProviderTime2.HistoryQuick recorded 1 samples, mean = 0.0 (flags = 0x1)
0  -O                                                                        (1 = 100.0%)
1  ... 

Histogram: Omnibox.ProviderTime2.HistoryURL recorded 1 samples, mean = 0.0 (flags = 0x1)
0  -O                                                                        (1 = 100.0%)
1  ... 

Histogram: Omnibox.ProviderTime2.Keyword recorded 1 samples, mean = 0.0 (flags = 0x1)
0  -O                                                                        (1 = 100.0%)
1  ... 

Histogram: Omnibox.ProviderTime2.LocalHistoryZeroSuggest recorded 1 samples, mean = 0.0 (flags = 0x1)
0  -O                                                                        (1 = 100.0%)
1  ... 

Histogram: Omnibox.ProviderTime2.OnDeviceHead recorded 1 samples, mean = 0.0 (flags = 0x1)
0  -O                                                                        (1 = 100.0%)
1  ... 

Histogram: Omnibox.ProviderTime2.Search recorded 1 samples, mean = 0.0 (flags = 0x1)
0  -O                                                                        (1 = 100.0%)
1  ... 

Histogram: Omnibox.ProviderTime2.Shortcuts recorded 1 samples, mean = 0.0 (flags = 0x1)
0  -O                                                                        (1 = 100.0%)
1  ... 

Histogram: Omnibox.ProviderTime2.ZeroSuggest recorded 1 samples, mean = 0.0 (flags = 0x1)
0  -O                                                                        (1 = 100.0%)
1  ... 

Histogram: Omnibox.SearchPrefetch.PrefetchServingReason2 recorded 1 samples, mean = 3.0 (flags = 0x1)
0  ... 
3  -O                                                                        (1 = 100.0%) {0.0%}
4  ... 

Histogram: Omnibox.Start.WantAsyncMatches recorded 1 samples, mean = 0.0 (flags = 0x1)
0  -O                                                                        (1 = 100.0%)
1  ... 

Histogram: Omnibox.TabMatchTime recorded 1 samples, mean = 0.0 (flags = 0x1)
0  -O                                                                        (1 = 100.0%)
1  ... 

Histogram: Omnibox.TemplateUrl.RegulatoryExtension.SearchVariant recorded 20 samples, mean = 0.0 (flags = 0x1)
0  --------------------O                                                     (20 = 100.0%)
1  ... 

Histogram: Omnibox.TemplateUrl.RlzPresent recorded 10 samples, mean = 0.0 (flags = 0x1)
0  ----------O                                                               (10 = 100.0%)
1  ... 

Histogram: Omnibox.TemplateUrl.SearchClientPresent recorded 10 samples, mean = 0.0 (flags = 0x1)
0  ----------O                                                               (10 = 100.0%)
1  ... 

Histogram: Omnibox.ZeroSuggestProvider.Eligibility recorded 1 samples, mean = 3.0 (flags = 0x1)
0  ... 
3  -O                                                                        (1 = 100.0%) {0.0%}
4  O                                                                         (0 = 0.0%) {100.0%}

Histogram: OptimizationGuide.ApplyDecision.AboutThisSite recorded 1 samples, mean = 8.0 (flags = 0x1)
0  ... 
8  -O                                                                        (1 = 100.0%) {0.0%}
9  ... 

Histogram: OptimizationGuide.ApplyDecision.GlicContextualCueing recorded 1 samples, mean = 8.0 (flags = 0x1)
0  ... 
8  -O                                                                        (1 = 100.0%) {0.0%}
9  ... 

Histogram: OptimizationGuide.ApplyDecision.HistoryClusters recorded 1 samples, mean = 8.0 (flags = 0x1)
0  ... 
8  -O                                                                        (1 = 100.0%) {0.0%}
9  ... 

Histogram: OptimizationGuide.ApplyDecision.LensOverlayEduActionChipAllowlist recorded 1 samples, mean = 12.0 (flags = 0x1)
0   ... 
12  -O                                                                        (1 = 100.0%) {0.0%}
13  O                                                                         (0 = 0.0%) {100.0%}

Histogram: OptimizationGuide.ApplyDecision.LensOverlayEduActionChipBlocklist recorded 1 samples, mean = 12.0 (flags = 0x1)
0   ... 
12  -O                                                                        (1 = 100.0%) {0.0%}
13  O                                                                         (0 = 0.0%) {100.0%}

Histogram: OptimizationGuide.ApplyDecision.LoadingPredictor recorded 1 samples, mean = 8.0 (flags = 0x1)
0  ... 
8  -O                                                                        (1 = 100.0%) {0.0%}
9  ... 

Histogram: OptimizationGuide.ApplyDecision.PageEntities recorded 1 samples, mean = 8.0 (flags = 0x1)
0  ... 
8  -O                                                                        (1 = 100.0%) {0.0%}
9  ... 

Histogram: OptimizationGuide.ApplyDecision.PriceTracking recorded 2 samples, mean = 10.0 (flags = 0x1)
0   ... 
8   -O                                                                        (1 = 50.0%) {0.0%}
9   ... 
12  -O                                                                        (1 = 50.0%) {50.0%}
13  O                                                                         (0 = 0.0%) {100.0%}

Histogram: OptimizationGuide.ApplyDecision.SalientImage recorded 1 samples, mean = 8.0 (flags = 0x1)
0  ... 
8  -O                                                                        (1 = 100.0%) {0.0%}
9  ... 

Histogram: OptimizationGuide.ApplyDecision.Skills recorded 2 samples, mean = 10.0 (flags = 0x1)
0   ... 
8   -O                                                                        (1 = 50.0%) {0.0%}
9   ... 
12  -O                                                                        (1 = 50.0%) {50.0%}
13  O                                                                         (0 = 0.0%) {100.0%}

Histogram: OptimizationGuide.ApplyDecision.V8CompileHints recorded 1 samples, mean = 8.0 (flags = 0x1)
0  ... 
8  -O                                                                        (1 = 100.0%) {0.0%}
9  ... 

Histogram: OptimizationGuide.HintCacheLevelDBStore.Status recorded 2 samples, mean = 0.5 (flags = 0x1)
0  -O                                                                        (1 = 50.0%)
1  -O                                                                        (1 = 50.0%) {50.0%}
2  ... 

Histogram: OptimizationGuide.LoadedHint.Result recorded 1 samples, mean = 0.0
0  -O                                                                        (1 = 100.0%)
1  ... 

Histogram: OptimizationGuide.ModelExecution.FeatureCurrentlyEnabledResult.Compose recorded 1 samples, mean = 1.0 (flags = 0x1)
0  O                                                                         (0 = 0.0%)
1  -O                                                                        (1 = 100.0%) {0.0%}
2  ... 

Histogram: OptimizationGuide.ModelExecution.FeatureCurrentlyEnabledResult.ContextualCueing recorded 1 samples, mean = 3.0 (flags = 0x1)
0  ... 
3  -O                                                                        (1 = 100.0%) {0.0%}
4  ... 

Histogram: OptimizationGuide.ModelExecution.FeatureCurrentlyEnabledResult.Finds recorded 1 samples, mean = 1.0 (flags = 0x1)
0  O                                                                         (0 = 0.0%)
1  -O                                                                        (1 = 100.0%) {0.0%}
2  ... 

Histogram: OptimizationGuide.ModelExecution.FeatureCurrentlyEnabledResult.HistorySearch recorded 2 samples, mean = 3.0 (flags = 0x1)
0  ... 
3  --O                                                                       (2 = 100.0%) {0.0%}
4  ... 

Histogram: OptimizationGuide.ModelExecution.FeatureCurrentlyEnabledResult.PasswordChangeSubmission recorded 1 samples, mean = 3.0 (flags = 0x1)
0  ... 
3  -O                                                                        (1 = 100.0%) {0.0%}
4  ... 

Histogram: OptimizationGuide.ModelExecution.FeatureCurrentlyEnabledResult.WallpaperSearch recorded 1 samples, mean = 1.0 (flags = 0x1)
0  O                                                                         (0 = 0.0%)
1  -O                                                                        (1 = 100.0%) {0.0%}
2  ... 

Histogram: OptimizationGuide.ModelExecution.FeatureEnabledAtStartup.Compose recorded 1 samples, mean = 0.0 (flags = 0x1)
0  -O                                                                        (1 = 100.0%)
1  ... 

Histogram: OptimizationGuide.ModelExecution.FeatureEnabledAtStartup.ContextualCueing recorded 1 samples, mean = 0.0 (flags = 0x1)
0  -O                                                                        (1 = 100.0%)
1  ... 

Histogram: OptimizationGuide.ModelExecution.FeatureEnabledAtStartup.Finds recorded 1 samples, mean = 0.0 (flags = 0x1)
0  -O                                                                        (1 = 100.0%)
1  ... 

Histogram: OptimizationGuide.ModelExecution.FeatureEnabledAtStartup.HistorySearch recorded 1 samples, mean = 0.0 (flags = 0x1)
0  -O                                                                        (1 = 100.0%)
1  ... 

Histogram: OptimizationGuide.ModelExecution.FeatureEnabledAtStartup.PasswordChangeSubmission recorded 1 samples, mean = 0.0 (flags = 0x1)
0  -O                                                                        (1 = 100.0%)
1  ... 

Histogram: OptimizationGuide.ModelExecution.FeatureEnabledAtStartup.WallpaperSearch recorded 1 samples, mean = 0.0 (flags = 0x1)
0  -O                                                                        (1 = 100.0%)
1  ... 

Histogram: OptimizationGuide.ModelExecution.OnDeviceAdaptationModelAvailability.Classifier recorded 1 samples, mean = 1.0 (flags = 0x1)
0  O                                                                         (0 = 0.0%)
1  -O                                                                        (1 = 100.0%) {0.0%}
2  ... 

Histogram: OptimizationGuide.ModelExecution.OnDeviceAdaptationModelAvailability.Compose recorded 1 samples, mean = 1.0 (flags = 0x1)
0  O                                                                         (0 = 0.0%)
1  -O                                                                        (1 = 100.0%) {0.0%}
2  ... 

Histogram: OptimizationGuide.ModelExecution.OnDeviceAdaptationModelAvailability.HistoryQueryIntent recorded 1 samples, mean = 1.0 (flags = 0x1)
0  O                                                                         (0 = 0.0%)
1  -O                                                                        (1 = 100.0%) {0.0%}
2  ... 

Histogram: OptimizationGuide.ModelExecution.OnDeviceAdaptationModelAvailability.HistorySearch recorded 1 samples, mean = 1.0 (flags = 0x1)
0  O                                                                         (0 = 0.0%)
1  -O                                                                        (1 = 100.0%) {0.0%}
2  ... 

Histogram: OptimizationGuide.ModelExecution.OnDeviceAdaptationModelAvailability.OnDeviceSpeechRecognition recorded 1 samples, mean = 1.0 (flags = 0x1)
0  O                                                                         (0 = 0.0%)
1  -O                                                                        (1 = 100.0%) {0.0%}
2  ... 

Histogram: OptimizationGuide.ModelExecution.OnDeviceAdaptationModelAvailability.PermissionsAi recorded 1 samples, mean = 1.0 (flags = 0x1)
0  O                                                                         (0 = 0.0%)
1  -O                                                                        (1 = 100.0%) {0.0%}
2  ... 

Histogram: OptimizationGuide.ModelExecution.OnDeviceAdaptationModelAvailability.PromptApi recorded 1 samples, mean = 1.0 (flags = 0x1)
0  O                                                                         (0 = 0.0%)
1  -O                                                                        (1 = 100.0%) {0.0%}
2  ... 

Histogram: OptimizationGuide.ModelExecution.OnDeviceAdaptationModelAvailability.ProofreaderApi recorded 1 samples, mean = 1.0 (flags = 0x1)
0  O                                                                         (0 = 0.0%)
1  -O                                                                        (1 = 100.0%) {0.0%}
2  ... 

Histogram: OptimizationGuide.ModelExecution.OnDeviceAdaptationModelAvailability.ScamDetection recorded 1 samples, mean = 1.0 (flags = 0x1)
0  O                                                                         (0 = 0.0%)
1  -O                                                                        (1 = 100.0%) {0.0%}
2  ... 

Histogram: OptimizationGuide.ModelExecution.OnDeviceAdaptationModelAvailability.SpeechRecognitionSmallExpertModel recorded 1 samples, mean = 1.0 (flags = 0x1)
0  O                                                                         (0 = 0.0%)
1  -O                                                                        (1 = 100.0%) {0.0%}
2  ... 

Histogram: OptimizationGuide.ModelExecution.OnDeviceAdaptationModelAvailability.Summarize recorded 1 samples, mean = 1.0 (flags = 0x1)
0  O                                                                         (0 = 0.0%)
1  -O                                                                        (1 = 100.0%) {0.0%}
2  ... 

Histogram: OptimizationGuide.ModelExecution.OnDeviceAdaptationModelAvailability.Test recorded 1 samples, mean = 1.0 (flags = 0x1)
0  O                                                                         (0 = 0.0%)
1  -O                                                                        (1 = 100.0%) {0.0%}
2  ... 

Histogram: OptimizationGuide.ModelExecution.OnDeviceAdaptationModelAvailability.WritingAssistanceApi recorded 1 samples, mean = 1.0 (flags = 0x1)
0  O                                                                         (0 = 0.0%)
1  -O                                                                        (1 = 100.0%) {0.0%}
2  ... 

Histogram: OptimizationGuide.ModelExecution.OnDeviceModelToBeInstalledReason.Compose recorded 1 samples, mean = 5.0 (flags = 0x1)
0  ... 
5  -O                                                                        (1 = 100.0%) {0.0%}
6  ... 

Histogram: OptimizationGuide.ModelExecution.OnDeviceModelToBeInstalledReason.HistoryQueryIntent recorded 1 samples, mean = 5.0 (flags = 0x1)
0  ... 
5  -O                                                                        (1 = 100.0%) {0.0%}
6  ... 

Histogram: OptimizationGuide.ModelExecution.OnDeviceModelToBeInstalledReason.HistorySearch recorded 1 samples, mean = 5.0 (flags = 0x1)
0  ... 
5  -O                                                                        (1 = 100.0%) {0.0%}
6  ... 

Histogram: OptimizationGuide.ModelExecution.OnDeviceModelToBeInstalledReason.OnDeviceSpeechRecognition recorded 1 samples, mean = 5.0 (flags = 0x1)
0  ... 
5  -O                                                                        (1 = 100.0%) {0.0%}
6  ... 

Histogram: OptimizationGuide.ModelExecution.OnDeviceModelToBeInstalledReason.PermissionsAi recorded 1 samples, mean = 5.0 (flags = 0x1)
0  ... 
5  -O                                                                        (1 = 100.0%) {0.0%}
6  ... 

Histogram: OptimizationGuide.ModelExecution.OnDeviceModelToBeInstalledReason.PromptApi recorded 1 samples, mean = 5.0 (flags = 0x1)
0  ... 
5  -O                                                                        (1 = 100.0%) {0.0%}
6  ... 

Histogram: OptimizationGuide.ModelExecution.OnDeviceModelToBeInstalledReason.ProofreaderApi recorded 1 samples, mean = 5.0 (flags = 0x1)
0  ... 
5  -O                                                                        (1 = 100.0%) {0.0%}
6  ... 

Histogram: OptimizationGuide.ModelExecution.OnDeviceModelToBeInstalledReason.ScamDetection recorded 1 samples, mean = 5.0 (flags = 0x1)
0  ... 
5  -O                                                                        (1 = 100.0%) {0.0%}
6  ... 

Histogram: OptimizationGuide.ModelExecution.OnDeviceModelToBeInstalledReason.SpeechRecognitionSmallExpertModel recorded 1 samples, mean = 5.0 (flags = 0x1)
0  ... 
5  -O                                                                        (1 = 100.0%) {0.0%}
6  ... 

Histogram: OptimizationGuide.ModelExecution.OnDeviceModelToBeInstalledReason.Summarize recorded 1 samples, mean = 5.0 (flags = 0x1)
0  ... 
5  -O                                                                        (1 = 100.0%) {0.0%}
6  ... 

Histogram: OptimizationGuide.ModelExecution.OnDeviceModelToBeInstalledReason.Test recorded 1 samples, mean = 5.0 (flags = 0x1)
0  ... 
5  -O                                                                        (1 = 100.0%) {0.0%}
6  ... 

Histogram: OptimizationGuide.ModelExecution.OnDeviceModelToBeInstalledReason.WritingAssistanceApi recorded 1 samples, mean = 5.0 (flags = 0x1)
0  ... 
5  -O                                                                        (1 = 100.0%) {0.0%}
6  ... 

Histogram: OptimizationGuide.ModelHandler.HandlerCreated.GeolocationPermissions recorded 1 samples, mean = 1.0 (flags = 0x1)
0  O                                                                         (0 = 0.0%)
1  -O                                                                        (1 = 100.0%) {0.0%}
2  O                                                                         (0 = 0.0%) {100.0%}

Histogram: OptimizationGuide.ModelHandler.HandlerCreated.NotificationPermissions recorded 1 samples, mean = 1.0 (flags = 0x1)
0  O                                                                         (0 = 0.0%)
1  -O                                                                        (1 = 100.0%) {0.0%}
2  O                                                                         (0 = 0.0%) {100.0%}

Histogram: OptimizationGuide.ModelHandler.HandlerCreated.OmniboxUrlScoring recorded 1 samples, mean = 1.0 (flags = 0x1)
0  O                                                                         (0 = 0.0%)
1  -O                                                                        (1 = 100.0%) {0.0%}
2  O                                                                         (0 = 0.0%) {100.0%}

Histogram: OptimizationGuide.ModelHandler.HandlerCreated.PageTopicsV2 recorded 1 samples, mean = 1.0 (flags = 0x1)
0  O                                                                         (0 = 0.0%)
1  -O                                                                        (1 = 100.0%) {0.0%}
2  O                                                                         (0 = 0.0%) {100.0%}

Histogram: OptimizationGuide.ModelHandler.HandlerCreated.PageVisibility recorded 1 samples, mean = 1.0 (flags = 0x1)
0  O                                                                         (0 = 0.0%)
1  -O                                                                        (1 = 100.0%) {0.0%}
2  O                                                                         (0 = 0.0%) {100.0%}

Histogram: OptimizationGuide.ModelHandler.HandlerCreated.SegmentationChromeLowUserEngagement recorded 1 samples, mean = 1.0 (flags = 0x1)
0  O                                                                         (0 = 0.0%)
1  -O                                                                        (1 = 100.0%) {0.0%}
2  O                                                                         (0 = 0.0%) {100.0%}

Histogram: OptimizationGuide.ModelHandler.HandlerCreated.SegmentationComposePromotion recorded 1 samples, mean = 1.0 (flags = 0x1)
0  O                                                                         (0 = 0.0%)
1  -O                                                                        (1 = 100.0%) {0.0%}
2  O                                                                         (0 = 0.0%) {100.0%}

Histogram: OptimizationGuide.ModelHandler.HandlerCreated.SegmentationDeviceSwitcher recorded 1 samples, mean = 1.0 (flags = 0x1)
0  O                                                                         (0 = 0.0%)
1  -O                                                                        (1 = 100.0%) {0.0%}
2  O                                                                         (0 = 0.0%) {100.0%}

Histogram: OptimizationGuide.ModelHandler.HandlerCreated.SegmentationSearchUser recorded 1 samples, mean = 1.0 (flags = 0x1)
0  O                                                                         (0 = 0.0%)
1  -O                                                                        (1 = 100.0%) {0.0%}
2  O                                                                         (0 = 0.0%) {100.0%}

Histogram: OptimizationGuide.ModelHandler.HandlerCreated.SegmentationShoppingUser recorded 1 samples, mean = 1.0 (flags = 0x1)
0  O                                                                         (0 = 0.0%)
1  -O                                                                        (1 = 100.0%) {0.0%}
2  O                                                                         (0 = 0.0%) {100.0%}

Histogram: OptimizationGuide.ModelHandler.HandlerCreated.URLVisitResumptionRanker recorded 1 samples, mean = 1.0 (flags = 0x1)
0  O                                                                         (0 = 0.0%)
1  -O                                                                        (1 = 100.0%) {0.0%}
2  O                                                                         (0 = 0.0%) {100.0%}

Histogram: OptimizationGuide.OnDeviceModel.OnDeviceModelComponentInstantiated recorded 2 samples, mean = 1.0 (flags = 0x1)
0  O                                                                         (0 = 0.0%)
1  --O                                                                       (2 = 100.0%) {0.0%}
2  O                                                                         (0 = 0.0%) {100.0%}

Histogram: OptimizationGuide.PageContentAnnotations.AnnotateVisitResultCached recorded 1 samples, mean = 0.0 (flags = 0x1)
0  -O                                                                        (1 = 100.0%)
1  ... 

Histogram: OptimizationGuide.PageContentAnnotations.BatchRequestedSize.ContentVisibility recorded 1 samples, mean = 1.0 (flags = 0x1)
0  O                                                                         (0 = 0.0%)
1  -O                                                                        (1 = 100.0%) {0.0%}
2  ... 

Histogram: OptimizationGuide.PageContentAnnotations.BatchSuccess.ContentVisibility recorded 1 samples, mean = 0.0 (flags = 0x1)
0  -O                                                                        (1 = 100.0%)
1  ... 

Histogram: OptimizationGuide.PageContentAnnotations.JobExecutionTime.ContentVisibility recorded 1 samples, mean = 686.0 (flags = 0x1)
0    ... 
574  -O                                                                        (1 = 100.0%) {0.0%}
729  ... 

Histogram: OptimizationGuide.PageContentAnnotations.JobScheduleTime.ContentVisibility recorded 1 samples, mean = 0.0 (flags = 0x1)
0  -O                                                                        (1 = 100.0%)
1  ... 

Histogram: OptimizationGuide.PageContentExtraction.EnablementSourcePerNavigation recorded 2 samples, mean = 2.0 (flags = 0x1)
0  ... 
2  --O                                                                       (2 = 100.0%) {0.0%}
3  ... 

Histogram: OptimizationGuide.PageContentExtraction.NavigationToReadyLatency.CrossDocument recorded 1 samples, mean = 1105.0 (flags = 0x1)
0     ... 
1062  -O                                                                        (1 = 100.0%) {0.0%}
1262  ... 

Histogram: OptimizationGuide.PageContentExtraction.ObserverCountPerNavigation recorded 2 samples, mean = 1.0 (flags = 0x1)
0  O                                                                         (0 = 0.0%)
1  --O                                                                       (2 = 100.0%) {0.0%}
2  ... 

Histogram: OptimizationGuide.PredictionManager.ModelAvailableAtRegistration.ClientSidePhishing recorded 1 samples, mean = 0.0 (flags = 0x1)
0  -O                                                                        (1 = 100.0%)
1  ... 

Histogram: OptimizationGuide.PredictionManager.ModelAvailableAtRegistration.GeolocationPermissions recorded 1 samples, mean = 0.0 (flags = 0x1)
0  -O                                                                        (1 = 100.0%)
1  ... 

Histogram: OptimizationGuide.PredictionManager.ModelAvailableAtRegistration.LanguageDetection recorded 1 samples, mean = 0.0 (flags = 0x1)
0  -O                                                                        (1 = 100.0%)
1  ... 

Histogram: OptimizationGuide.PredictionManager.ModelAvailableAtRegistration.NotificationPermissions recorded 1 samples, mean = 0.0 (flags = 0x1)
0  -O                                                                        (1 = 100.0%)
1  ... 

Histogram: OptimizationGuide.PredictionManager.ModelAvailableAtRegistration.OmniboxUrlScoring recorded 1 samples, mean = 0.0 (flags = 0x1)
0  -O                                                                        (1 = 100.0%)
1  ... 

Histogram: OptimizationGuide.PredictionManager.ModelAvailableAtRegistration.PageTopicsV2 recorded 1 samples, mean = 0.0 (flags = 0x1)
0  -O                                                                        (1 = 100.0%)
1  ... 

Histogram: OptimizationGuide.PredictionManager.ModelAvailableAtRegistration.PageVisibility recorded 1 samples, mean = 0.0 (flags = 0x1)
0  -O                                                                        (1 = 100.0%)
1  ... 

Histogram: OptimizationGuide.PredictionManager.ModelAvailableAtRegistration.PassageEmbedder recorded 1 samples, mean = 0.0 (flags = 0x1)
0  -O                                                                        (1 = 100.0%)
1  ... 

Histogram: OptimizationGuide.PredictionManager.ModelAvailableAtRegistration.SegmentationChromeLowUserEngagement recorded 1 samples, mean = 0.0 (flags = 0x1)
0  -O                                                                        (1 = 100.0%)
1  ... 

Histogram: OptimizationGuide.PredictionManager.ModelAvailableAtRegistration.SegmentationComposePromotion recorded 1 samples, mean = 0.0 (flags = 0x1)
0  -O                                                                        (1 = 100.0%)
1  ... 

Histogram: OptimizationGuide.PredictionManager.ModelAvailableAtRegistration.SegmentationDeviceSwitcher recorded 1 samples, mean = 0.0 (flags = 0x1)
0  -O                                                                        (1 = 100.0%)
1  ... 

Histogram: OptimizationGuide.PredictionManager.ModelAvailableAtRegistration.SegmentationSearchUser recorded 1 samples, mean = 0.0 (flags = 0x1)
0  -O                                                                        (1 = 100.0%)
1  ... 

Histogram: OptimizationGuide.PredictionManager.ModelAvailableAtRegistration.SegmentationShoppingUser recorded 1 samples, mean = 0.0 (flags = 0x1)
0  -O                                                                        (1 = 100.0%)
1  ... 

Histogram: OptimizationGuide.PredictionManager.ModelAvailableAtRegistration.URLVisitResumptionRanker recorded 1 samples, mean = 0.0 (flags = 0x1)
0  -O                                                                        (1 = 100.0%)
1  ... 

Histogram: OptimizationGuide.PredictionManager.StoreInitialized recorded 1 samples, mean = 1.0
0  O                                                                         (0 = 0.0%)
1  -O                                                                        (1 = 100.0%) {0.0%}
2  O                                                                         (0 = 0.0%) {100.0%}

Histogram: OptimizationGuide.RemoteFetchingEnabled recorded 1 samples, mean = 0.0 (flags = 0x1)
0  -O                                                                        (1 = 100.0%)
1  ... 

Histogram: OriginTrials.PersistentOriginTrial.LevelDbInitSuccess recorded 1 samples, mean = 1.0 (flags = 0x1)
0  O                                                                         (0 = 0.0%)
1  -O                                                                        (1 = 100.0%) {0.0%}
2  O                                                                         (0 = 0.0%) {100.0%}

Histogram: OriginTrials.PersistentOriginTrial.LevelDbLoadSize recorded 1 samples, mean = 0.0 (flags = 0x1)
0  -O                                                                        (1 = 100.0%)
1  ... 

Histogram: OriginTrials.PersistentOriginTrial.LevelDbLoadSuccess recorded 1 samples, mean = 1.0 (flags = 0x1)
0  O                                                                         (0 = 0.0%)
1  -O                                                                        (1 = 100.0%) {0.0%}
2  O                                                                         (0 = 0.0%) {100.0%}

Histogram: OriginTrials.PersistentOriginTrial.LevelDbLoadTime recorded 1 samples, mean = 120.0 (flags = 0x1)
0    ... 
114  -O                                                                        (1 = 100.0%) {0.0%}
135  ... 

Histogram: OriginTrials.PersistentOriginTrial.OriginLookupsBeforeDbLoad recorded 1 samples, mean = 3.0 (flags = 0x1)
0  ... 
3  -O                                                                        (1 = 100.0%) {0.0%}
4  ... 

Histogram: OriginTrials.PersistentOriginTrial.OriginsAddedBeforeDbLoad recorded 1 samples, mean = 0.0 (flags = 0x1)
0  -O                                                                        (1 = 100.0%)
1  ... 

Histogram: PageActionController.ActionTypeShown2 recorded 3 samples, mean = 10.3 (flags = 0x1)
0   -O                                                                        (1 = 33.3%)
1   ... 
11  -O                                                                        (1 = 33.3%) {33.3%}
12  ... 
20  -O                                                                        (1 = 33.3%) {66.7%}
21  ... 

Histogram: PageActionController.AddressAutofill.ShownPerNavigation recorded 2 samples, mean = 0.0 (flags = 0x1)
0  --O                                                                       (2 = 100.0%)
1  ... 

Histogram: PageActionController.AiMode.ShownPerNavigation recorded 2 samples, mean = 0.0 (flags = 0x1)
0  --O                                                                       (2 = 100.0%)
1  ... 

Histogram: PageActionController.AutofillPayment.ShownPerNavigation recorded 2 samples, mean = 0.0 (flags = 0x1)
0  --O                                                                       (2 = 100.0%)
1  ... 

Histogram: PageActionController.BookmarksStar.Icon.CTR2 recorded 1 samples, mean = 0.0 (flags = 0x1)
0  -O                                                                        (1 = 100.0%)
1  ... 

Histogram: PageActionController.BookmarksStar.ShownPerNavigation recorded 2 samples, mean = 0.5 (flags = 0x1)
0  -O                                                                        (1 = 50.0%)
1  -O                                                                        (1 = 50.0%) {50.0%}
2  O                                                                         (0 = 0.0%) {100.0%}

Histogram: PageActionController.ContextualCueing.ShownPerNavigation recorded 2 samples, mean = 0.0 (flags = 0x1)
0  --O                                                                       (2 = 100.0%)
1  ... 

Histogram: PageActionController.ContextualSidePanel.ShownPerNavigation recorded 2 samples, mean = 0.0 (flags = 0x1)
0  --O                                                                       (2 = 100.0%)
1  ... 

Histogram: PageActionController.CookieControls.ShownPerNavigation recorded 2 samples, mean = 0.0 (flags = 0x1)
0  --O                                                                       (2 = 100.0%)
1  ... 

Histogram: PageActionController.Discounts.ShownPerNavigation recorded 2 samples, mean = 0.0 (flags = 0x1)
0  --O                                                                       (2 = 100.0%)
1  ... 

Histogram: PageActionController.Federation.ShownPerNavigation recorded 2 samples, mean = 0.0 (flags = 0x1)
0  --O                                                                       (2 = 100.0%)
1  ... 

Histogram: PageActionController.FilledCardInformation.ShownPerNavigation recorded 2 samples, mean = 0.0 (flags = 0x1)
0  --O                                                                       (2 = 100.0%)
1  ... 

Histogram: PageActionController.Find.ShownPerNavigation recorded 2 samples, mean = 0.0 (flags = 0x1)
0  --O                                                                       (2 = 100.0%)
1  ... 

Histogram: PageActionController.Glic.ShownPerNavigation recorded 2 samples, mean = 0.0 (flags = 0x1)
0  --O                                                                       (2 = 100.0%)
1  ... 

Histogram: PageActionController.Icon.CTR2 recorded 3 samples, mean = 0.0 (flags = 0x1)
0  ---O                                                                      (3 = 100.0%)
1  ... 

Histogram: PageActionController.Indigo.ShownPerNavigation recorded 2 samples, mean = 0.0 (flags = 0x1)
0  --O                                                                       (2 = 100.0%)
1  ... 

Histogram: PageActionController.IntentPicker.ShownPerNavigation recorded 2 samples, mean = 0.0 (flags = 0x1)
0  --O                                                                       (2 = 100.0%)
1  ... 

Histogram: PageActionController.JsOptimizations.ShownPerNavigation recorded 2 samples, mean = 0.0 (flags = 0x1)
0  --O                                                                       (2 = 100.0%)
1  ... 

Histogram: PageActionController.LensOverlay.ShownPerNavigation recorded 2 samples, mean = 0.0 (flags = 0x1)
0  --O                                                                       (2 = 100.0%)
1  ... 

Histogram: PageActionController.LensOverlayHomework.ShownPerNavigation recorded 2 samples, mean = 0.0 (flags = 0x1)
0  --O                                                                       (2 = 100.0%)
1  ... 

Histogram: PageActionController.ManagePasswords.ShownPerNavigation recorded 2 samples, mean = 0.0 (flags = 0x1)
0  --O                                                                       (2 = 100.0%)
1  ... 

Histogram: PageActionController.MandatoryReauth.ShownPerNavigation recorded 2 samples, mean = 0.0 (flags = 0x1)
0  --O                                                                       (2 = 100.0%)
1  ... 

Histogram: PageActionController.MemorySaver.ShownPerNavigation recorded 2 samples, mean = 0.0 (flags = 0x1)
0  --O                                                                       (2 = 100.0%)
1  ... 

Histogram: PageActionController.MultistepFilter.ShownPerNavigation recorded 2 samples, mean = 0.0 (flags = 0x1)
0  --O                                                                       (2 = 100.0%)
1  ... 

Histogram: PageActionController.NumberActionsShown2 recorded 4 samples, mean = 0.0 (flags = 0x1)
0  ----O                                                                     (4 = 100.0%)
1  ... 

Histogram: PageActionController.NumberActionsShown3 recorded 3 samples, mean = 1.3 (flags = 0x1)
0  O                                                                         (0 = 0.0%)
1  --O                                                                       (2 = 66.7%) {0.0%}
2  -O                                                                        (1 = 33.3%) {66.7%}
3  ... 

Histogram: PageActionController.PagesWithActionsShown2 recorded 4 samples, mean = 0.0 (flags = 0x1)
0  ----O                                                                     (4 = 100.0%)
1  ... 

Histogram: PageActionController.PagesWithActionsShown3 recorded 3 samples, mean = 1.0 (flags = 0x1)
0  -O                                                                        (1 = 33.3%)
1  -O                                                                        (1 = 33.3%) {33.3%}
2  -O                                                                        (1 = 33.3%) {66.7%}
3  O                                                                         (0 = 0.0%) {100.0%}

Histogram: PageActionController.PaymentsOfferNotification.ShownPerNavigation recorded 2 samples, mean = 0.0 (flags = 0x1)
0  --O                                                                       (2 = 100.0%)
1  ... 

Histogram: PageActionController.PriceInsights.ShownPerNavigation recorded 2 samples, mean = 0.0 (flags = 0x1)
0  --O                                                                       (2 = 100.0%)
1  ... 

Histogram: PageActionController.PwaInstall.Icon.CTR2 recorded 1 samples, mean = 0.0 (flags = 0x1)
0  -O                                                                        (1 = 100.0%)
1  ... 

Histogram: PageActionController.PwaInstall.ShownPerNavigation recorded 2 samples, mean = 0.5 (flags = 0x1)
0  -O                                                                        (1 = 50.0%)
1  -O                                                                        (1 = 50.0%) {50.0%}
2  O                                                                         (0 = 0.0%) {100.0%}

Histogram: PageActionController.ReadingMode.ShownPerNavigation recorded 2 samples, mean = 0.0 (flags = 0x1)
0  --O                                                                       (2 = 100.0%)
1  ... 

Histogram: PageActionController.RecordReplay.ShownPerNavigation recorded 2 samples, mean = 0.0 (flags = 0x1)
0  --O                                                                       (2 = 100.0%)
1  ... 

Histogram: PageActionController.SavePayments.ShownPerNavigation recorded 2 samples, mean = 0.0 (flags = 0x1)
0  --O                                                                       (2 = 100.0%)
1  ... 

Histogram: PageActionController.ShowCollaborationRecentActivity.ShownPerNavigation recorded 2 samples, mean = 0.0 (flags = 0x1)
0  --O                                                                       (2 = 100.0%)
1  ... 

Histogram: PageActionController.ShowFileSystemAccess.ShownPerNavigation recorded 2 samples, mean = 0.0 (flags = 0x1)
0  --O                                                                       (2 = 100.0%)
1  ... 

Histogram: PageActionController.Translate.Icon.CTR2 recorded 1 samples, mean = 0.0 (flags = 0x1)
0  -O                                                                        (1 = 100.0%)
1  ... 

Histogram: PageActionController.Translate.ShownPerNavigation recorded 2 samples, mean = 0.5 (flags = 0x1)
0  -O                                                                        (1 = 50.0%)
1  -O                                                                        (1 = 50.0%) {50.0%}
2  O                                                                         (0 = 0.0%) {100.0%}

Histogram: PageActionController.VirtualCardEnroll.ShownPerNavigation recorded 2 samples, mean = 0.0 (flags = 0x1)
0  --O                                                                       (2 = 100.0%)
1  ... 

Histogram: PageActionController.WebAuthnAmbientSignin.ShownPerNavigation recorded 2 samples, mean = 0.0 (flags = 0x1)
0  --O                                                                       (2 = 100.0%)
1  ... 

Histogram: PageActionController.Zoom.ShownPerNavigation recorded 2 samples, mean = 0.0 (flags = 0x1)
0  --O                                                                       (2 = 100.0%)
1  ... 

Histogram: PageContentAnnotations.AnnotateVisit.AnnotationRequestQueued recorded 1 samples, mean = 1.0
0  O                                                                         (0 = 0.0%)
1  -O                                                                        (1 = 100.0%) {0.0%}
2  O                                                                         (0 = 0.0%) {100.0%}

Histogram: PageContentAnnotations.AnnotateVisit.AnnotationRequested recorded 1 samples, mean = 1.0
0  O                                                                         (0 = 0.0%)
1  -O                                                                        (1 = 100.0%) {0.0%}
2  O                                                                         (0 = 0.0%) {100.0%}

Histogram: PageContentAnnotations.AnnotateVisit.BatchAnnotationStarted recorded 1 samples, mean = 1.0
0  O                                                                         (0 = 0.0%)
1  -O                                                                        (1 = 100.0%) {0.0%}
2  O                                                                         (0 = 0.0%) {100.0%}

Histogram: PageLoad.Clients.Ads.AllPages.NonAdNetworkBytes recorded 1 samples, mean = 3.0 (flags = 0x1)
0  ... 
3  -O                                                                        (1 = 100.0%) {0.0%}
4  ... 

Histogram: PageLoad.Clients.Ads.AllPages.PercentNetworkBytesAds recorded 1 samples, mean = 0.0 (flags = 0x1)
0  -O                                                                        (1 = 100.0%)
1  ... 

Histogram: PageLoad.Clients.Ads.AllPages.PercentTotalBytesAds recorded 1 samples, mean = 0.0 (flags = 0x1)
0  -O                                                                        (1 = 100.0%)
1  ... 

Histogram: PageLoad.Clients.Ads.AverageViewportAdCountX100 recorded 1 samples, mean = 0.0 (flags = 0x1)
0  -O                                                                        (1 = 100.0%)
1  ... 

Histogram: PageLoad.Clients.Ads.AverageViewportAdDensity recorded 1 samples, mean = 0.0 (flags = 0x1)
0  -O                                                                        (1 = 100.0%)
1  ... 

Histogram: PageLoad.Clients.Ads.FrameCounts.AdFrames.Total recorded 1 samples, mean = 0.0 (flags = 0x1)
0  -O                                                                        (1 = 100.0%)
1  ... 

Histogram: PageLoad.Clients.Ads.NonVisible.FrameCounts.AdFrames.Total recorded 1 samples, mean = 0.0 (flags = 0x1)
0  -O                                                                        (1 = 100.0%)
1  ... 

Histogram: PageLoad.Clients.Ads.Visible.FrameCounts.AdFrames.Total recorded 1 samples, mean = 0.0 (flags = 0x1)
0  -O                                                                        (1 = 100.0%)
1  ... 

Histogram: PageLoad.Clients.CrossOrigin.FirstContentfulPaint recorded 1 samples, mean = 565.0 (flags = 0x1)
0    ... 
565  -O                                                                        (1 = 100.0%) {0.0%}
632  ... 

Histogram: PageLoad.Clients.CrossOrigin.LargestContentfulPaint recorded 1 samples, mean = 575.0 (flags = 0x1)
0    ... 
565  -O                                                                        (1 = 100.0%) {0.0%}
632  ... 

Histogram: PageLoad.Clients.CrossOrigin.LayoutInstability.CumulativeShiftScore recorded 1 samples, mean = 0.0 (flags = 0x1)
0  -O                                                                        (1 = 100.0%)
1  ... 

Histogram: PageLoad.Clients.CrossOrigin.LayoutInstability.CumulativeShiftScore.MainFrame recorded 1 samples, mean = 0.0 (flags = 0x1)
0  -O                                                                        (1 = 100.0%)
1  ... 

Histogram: PageLoad.Clients.GoogleSearch.IsFirstNavigationForGWS recorded 1 samples, mean = 0.0 (flags = 0x1)
0  -O                                                                        (1 = 100.0%)
1  ... 

Histogram: PageLoad.Clients.Leakage2.NavigationStart recorded 1 samples, mean = 310.0 (flags = 0x1)
0    ... 
288  -O                                                                        (1 = 100.0%) {0.0%}
322  ... 

Histogram: PageLoad.Clients.Leakage2.NavigationStartToCommitReceived recorded 1 samples, mean = 304.0 (flags = 0x1)
0    ... 
288  -O                                                                        (1 = 100.0%) {0.0%}
322  ... 

Histogram: PageLoad.Clients.Leakage2.NavigationStartToCommitReplySent recorded 1 samples, mean = 306.0 (flags = 0x1)
0    ... 
288  -O                                                                        (1 = 100.0%) {0.0%}
322  ... 

Histogram: PageLoad.Clients.Leakage2.NavigationStartToCommitSent recorded 1 samples, mean = 304.0 (flags = 0x1)
0    ... 
288  -O                                                                        (1 = 100.0%) {0.0%}
322  ... 

Histogram: PageLoad.Clients.Leakage2.NavigationStartToDOMContentLoaded recorded 1 samples, mean = 472.0 (flags = 0x1)
0    ... 
451  -O                                                                        (1 = 100.0%) {0.0%}
505  ... 

Histogram: PageLoad.Clients.Leakage2.NavigationStartToDidCommit recorded 1 samples, mean = 309.0 (flags = 0x1)
0    ... 
288  -O                                                                        (1 = 100.0%) {0.0%}
322  ... 

Histogram: PageLoad.Clients.Leakage2.NavigationStartToFirstContentfulPaint recorded 1 samples, mean = 565.0 (flags = 0x1)
0    ... 
565  -O                                                                        (1 = 100.0%) {0.0%}
632  ... 

Histogram: PageLoad.Clients.Leakage2.NavigationStartToLargestContentfulPaint recorded 1 samples, mean = 575.0 (flags = 0x1)
0    ... 
565  -O                                                                        (1 = 100.0%) {0.0%}
632  ... 

Histogram: PageLoad.Clients.Leakage2.NavigationStartToLoadEventStarted recorded 1 samples, mean = 1414.0 (flags = 0x1)
0     ... 
1388  -O                                                                        (1 = 100.0%) {0.0%}
1553  ... 

Histogram: PageLoad.Clients.Leakage2.NavigationStartToLoaderStart recorded 1 samples, mean = 2.0 (flags = 0x1)
0  -O                                                                        (1 = 100.0%)
10 ... 

Histogram: PageLoad.Clients.Leakage2.NavigationStartToNonRedirectResponseLoaderCallback recorded 1 samples, mean = 303.0 (flags = 0x1)
0    ... 
288  -O                                                                        (1 = 100.0%) {0.0%}
322  ... 

Histogram: PageLoad.Clients.Leakage2.NavigationStartToNonRedirectResponseStart recorded 1 samples, mean = 303.0 (flags = 0x1)
0    ... 
288  -O                                                                        (1 = 100.0%) {0.0%}
322  ... 

Histogram: PageLoad.Clients.Leakage2.NavigationStartToNonRedirectedRequestStart recorded 1 samples, mean = 301.0 (flags = 0x1)
0    ... 
288  -O                                                                        (1 = 100.0%) {0.0%}
322  ... 

Histogram: PageLoad.Clients.Leakage2.NavigationStartToParseStart recorded 1 samples, mean = 306.0 (flags = 0x1)
0    ... 
288  -O                                                                        (1 = 100.0%) {0.0%}
322  ... 

Histogram: PageLoad.Clients.Leakage2.RendererProcessCreatedBeforeNav recorded 1 samples, mean = 1.0 (flags = 0x1)
0  O                                                                         (0 = 0.0%)
1  -O                                                                        (1 = 100.0%) {0.0%}
2  O                                                                         (0 = 0.0%) {100.0%}

Histogram: PageLoad.Clients.MultiTabLoading.WithTabCount_1.DocumentTiming.NavigationToDOMContentLoadedEventFired recorded 1 samples, mean = 472.0 (flags = 0x1)
0    ... 
451  -O                                                                        (1 = 100.0%) {0.0%}
505  ... 

Histogram: PageLoad.Clients.MultiTabLoading.WithTabCount_1.DocumentTiming.NavigationToLoadEventFired recorded 1 samples, mean = 1414.0 (flags = 0x1)
0     ... 
1388  -O                                                                        (1 = 100.0%) {0.0%}
1553  ... 

Histogram: PageLoad.Clients.MultiTabLoading.WithTabCount_1.Experimental.PaintTiming.NavigationToFirstMeaningfulPaint recorded 1 samples, mean = 565.0 (flags = 0x1)
0    ... 
565  -O                                                                        (1 = 100.0%) {0.0%}
632  ... 

Histogram: PageLoad.Clients.MultiTabLoading.WithTabCount_1.PaintTiming.NavigationToFirstContentfulPaint recorded 1 samples, mean = 565.0 (flags = 0x1)
0    ... 
565  -O                                                                        (1 = 100.0%) {0.0%}
632  ... 

Histogram: PageLoad.Clients.MultiTabLoading.WithTabCount_1.PaintTiming.NavigationToLargestContentfulPaint recorded 1 samples, mean = 575.0 (flags = 0x1)
0    ... 
565  -O                                                                        (1 = 100.0%) {0.0%}
632  ... 

Histogram: PageLoad.Clients.MultiTabLoading.With_0_OtherLoading.DocumentTiming.NavigationToDOMContentLoadedEventFired recorded 1 samples, mean = 472.0 (flags = 0x1)
0    ... 
451  -O                                                                        (1 = 100.0%) {0.0%}
505  ... 

Histogram: PageLoad.Clients.MultiTabLoading.With_0_OtherLoading.DocumentTiming.NavigationToLoadEventFired recorded 1 samples, mean = 1414.0 (flags = 0x1)
0     ... 
1388  -O                                                                        (1 = 100.0%) {0.0%}
1553  ... 

Histogram: PageLoad.Clients.MultiTabLoading.With_0_OtherLoading.Experimental.PaintTiming.NavigationToFirstMeaningfulPaint recorded 1 samples, mean = 565.0 (flags = 0x1)
0    ... 
565  -O                                                                        (1 = 100.0%) {0.0%}
632  ... 

Histogram: PageLoad.Clients.MultiTabLoading.With_0_OtherLoading.PaintTiming.NavigationToFirstContentfulPaint recorded 1 samples, mean = 565.0 (flags = 0x1)
0    ... 
565  -O                                                                        (1 = 100.0%) {0.0%}
632  ... 

Histogram: PageLoad.Clients.MultiTabLoading.With_0_OtherLoading.PaintTiming.NavigationToLargestContentfulPaint recorded 1 samples, mean = 575.0 (flags = 0x1)
0    ... 
565  -O                                                                        (1 = 100.0%) {0.0%}
632  ... 

Histogram: PageLoad.Clients.NavigationToFirstContentfulPaint.Timeout3 recorded 1 samples, mean = 0.0 (flags = 0x1)
0  -O                                                                        (1 = 100.0%)
1  ... 

Histogram: PageLoad.Clients.PerformanceManager.NavigationWithoutLoadedIdle recorded 1 samples, mean = 1863.0 (flags = 0x1)
0     ... 
1496  -O                                                                        (1 = 100.0%) {0.0%}
1901  ... 

Histogram: PageLoad.Clients.PerformanceManager.NavigationWithoutLoadedIdle.Foreground recorded 1 samples, mean = 1863.0 (flags = 0x1)
0     ... 
1496  -O                                                                        (1 = 100.0%) {0.0%}
1901  ... 

Histogram: PageLoad.Clients.Protocol.H11.DocumentTiming.NavigationToDOMContentLoadedEventFired recorded 1 samples, mean = 472.0 (flags = 0x1)
0    ... 
451  -O                                                                        (1 = 100.0%) {0.0%}
505  ... 

Histogram: PageLoad.Clients.Protocol.H11.DocumentTiming.NavigationToLoadEventFired recorded 1 samples, mean = 1414.0 (flags = 0x1)
0     ... 
1388  -O                                                                        (1 = 100.0%) {0.0%}
1553  ... 

Histogram: PageLoad.Clients.Protocol.H11.Experimental.PaintTiming.NavigationToFirstMeaningfulPaint recorded 1 samples, mean = 565.0 (flags = 0x1)
0    ... 
565  -O                                                                        (1 = 100.0%) {0.0%}
632  ... 

Histogram: PageLoad.Clients.Protocol.H11.PaintTiming.NavigationToFirstContentfulPaint recorded 1 samples, mean = 565.0 (flags = 0x1)
0    ... 
565  -O                                                                        (1 = 100.0%) {0.0%}
632  ... 

Histogram: PageLoad.Clients.Protocol.H11.PaintTiming.ParseStartToFirstContentfulPaint recorded 1 samples, mean = 259.0 (flags = 0x1)
0    ... 
257  -O                                                                        (1 = 100.0%) {0.0%}
288  ... 

Histogram: PageLoad.Clients.Protocol.H11.ParseTiming.NavigationToParseStart recorded 1 samples, mean = 306.0 (flags = 0x1)
0    ... 
288  -O                                                                        (1 = 100.0%) {0.0%}
322  ... 

Histogram: PageLoad.Clients.Scheme.HTTP.Experimental.PaintTiming.NavigationToFirstMeaningfulPaint recorded 1 samples, mean = 565.0 (flags = 0x1)
0    ... 
565  -O                                                                        (1 = 100.0%) {0.0%}
632  ... 

Histogram: PageLoad.Clients.Scheme.HTTP.PaintTiming.NavigationToFirstContentfulPaint recorded 1 samples, mean = 565.0 (flags = 0x1)
0    ... 
565  -O                                                                        (1 = 100.0%) {0.0%}
632  ... 

Histogram: PageLoad.Clients.Scheme.HTTP.PaintTiming.ParseStartToFirstContentfulPaint recorded 1 samples, mean = 259.0 (flags = 0x1)
0    ... 
257  -O                                                                        (1 = 100.0%) {0.0%}
288  ... 

Histogram: PageLoad.Clients.Scheme.HTTP.ParseTiming.NavigationToParseStart recorded 1 samples, mean = 306.0 (flags = 0x1)
0    ... 
288  -O                                                                        (1 = 100.0%) {0.0%}
322  ... 

Histogram: PageLoad.Clients.SubresourceLoading.DaysSinceLastVisitToOrigin recorded 1 samples, mean = 0.0
0  -O                                                                        (1 = 100.0%)
1  ... 

Histogram: PageLoad.Clients.SubresourceLoading.HasPreviousVisitToOrigin recorded 1 samples, mean = 1.0
0  O                                                                         (0 = 0.0%)
1  -O                                                                        (1 = 100.0%) {0.0%}
2  O                                                                         (0 = 0.0%) {100.0%}

Histogram: PageLoad.CommittedPageIsDseSerp recorded 1 samples, mean = 0.0 (flags = 0x1)
0  -O                                                                        (1 = 100.0%)
1  ... 

Histogram: PageLoad.ConnectTiming.FirstRequestConnectDelay recorded 1 samples, mean = 297.0 (flags = 0x1)
0    ... 
288  -O                                                                        (1 = 100.0%) {0.0%}
322  ... 

Histogram: PageLoad.ConnectTiming.FirstRequestDomainLookupDelay recorded 1 samples, mean = 0.0 (flags = 0x1)
0  -O                                                                        (1 = 100.0%)
10 ... 

Histogram: PageLoad.ConnectTiming.FirstRequestSslDelay recorded 1 samples, mean = 0.0 (flags = 0x1)
0  -O                                                                        (1 = 100.0%)
10 ... 

Histogram: PageLoad.Cpu.TotalUsage recorded 1 samples, mean = 106.0 (flags = 0x1)
0    ... 
105  -O                                                                        (1 = 100.0%) {0.0%}
117  ... 

Histogram: PageLoad.Cpu.TotalUsageForegrounded recorded 1 samples, mean = 106.0 (flags = 0x1)
0    ... 
105  -O                                                                        (1 = 100.0%) {0.0%}
117  ... 

Histogram: PageLoad.DocumentTiming.ActualNavigationStartToDOMContentLoadedEventFired recorded 1 samples, mean = 475.0 (flags = 0x1)
0    ... 
446  -O                                                                        (1 = 100.0%) {0.0%}
505  ... 

Histogram: PageLoad.DocumentTiming.NavigationToDOMContentLoadedEventFired recorded 1 samples, mean = 472.0 (flags = 0x1)
0    ... 
451  -O                                                                        (1 = 100.0%) {0.0%}
505  ... 

Histogram: PageLoad.DocumentTiming.NavigationToLoadEventFired recorded 1 samples, mean = 1414.0 (flags = 0x1)
0     ... 
1388  -O                                                                        (1 = 100.0%) {0.0%}
1553  ... 

Histogram: PageLoad.DocumentTiming.ParseStartToDOMContentLoadedEventFired recorded 1 samples, mean = 166.0 (flags = 0x1)
0    ... 
164  -O                                                                        (1 = 100.0%) {0.0%}
186  ... 

Histogram: PageLoad.Experimental.InputTiming.InputToNavigationStart.Coverage.WithoutUserGesture.BrowserInitiated recorded 1 samples, mean = 0.0 (flags = 0x1)
0  -O                                                                        (1 = 100.0%)
1  ... 

Histogram: PageLoad.Experimental.NavigationTiming.FinalLoaderCallbackToNavigationCommitSent recorded 1 samples, mean = 1.0 (flags = 0x1)
0  -O                                                                        (1 = 100.0%)
10 ... 

Histogram: PageLoad.Experimental.NavigationTiming.FinalRequestStartToFinalResponseStart recorded 1 samples, mean = 1.0 (flags = 0x1)
0  -O                                                                        (1 = 100.0%)
10 ... 

Histogram: PageLoad.Experimental.NavigationTiming.FinalResponseStartToFinalLoaderCallback recorded 1 samples, mean = 0.0 (flags = 0x1)
0  -O                                                                        (1 = 100.0%)
10 ... 

Histogram: PageLoad.Experimental.NavigationTiming.FirstRequestStartToFirstResponseStart recorded 1 samples, mean = 1.0 (flags = 0x1)
0  -O                                                                        (1 = 100.0%)
10 ... 

Histogram: PageLoad.Experimental.NavigationTiming.FirstResponseStartToFirstLoaderCallback recorded 1 samples, mean = 0.0 (flags = 0x1)
0  -O                                                                        (1 = 100.0%)
10 ... 

Histogram: PageLoad.Experimental.NavigationTiming.NavigationStartToFinalResponseStart recorded 1 samples, mean = 303.0 (flags = 0x1)
0    ... 
288  -O                                                                        (1 = 100.0%) {0.0%}
322  ... 

Histogram: PageLoad.Experimental.NavigationTiming.NavigationStartToFirstRequestStart recorded 1 samples, mean = 301.0 (flags = 0x1)
0    ... 
288  -O                                                                        (1 = 100.0%) {0.0%}
322  ... 

Histogram: PageLoad.Experimental.NavigationTiming.NavigationStartToFirstResponseStart recorded 1 samples, mean = 303.0 (flags = 0x1)
0    ... 
288  -O                                                                        (1 = 100.0%) {0.0%}
322  ... 

Histogram: PageLoad.Experimental.NavigationTiming.NavigationStartToNavigationCommitSent recorded 1 samples, mean = 304.0 (flags = 0x1)
0    ... 
288  -O                                                                        (1 = 100.0%) {0.0%}
322  ... 

Histogram: PageLoad.Experimental.PageTiming.CachedResourceLoadTime.document recorded 1 samples, mean = 299.0 (flags = 0x1)
0    ... 
280  -O                                                                        (1 = 100.0%) {0.0%}
356  ... 

Histogram: PageLoad.Experimental.PageTiming.CachedResourceLoadTime.font recorded 1 samples, mean = 2.0 (flags = 0x1)
0  ... 
2  -O                                                                        (1 = 100.0%) {0.0%}
3  ... 

Histogram: PageLoad.Experimental.PageTiming.CachedResourceLoadTime.image recorded 4 samples, mean = 81.2 (flags = 0x1)
0    ... 
2    -O                                                                        (1 = 25.0%) {0.0%}
3    --O                                                                       (2 = 50.0%) {25.0%}
4    ... 
280  -O                                                                        (1 = 25.0%) {75.0%}
356  ... 

Histogram: PageLoad.Experimental.PageTiming.CachedResourceLoadTime.manifest recorded 1 samples, mean = 304.0 (flags = 0x1)
0    ... 
280  -O                                                                        (1 = 100.0%) {0.0%}
356  ... 

Histogram: PageLoad.Experimental.PageTiming.CachedResourceLoadTime.script recorded 11 samples, mean = 0.6 (flags = 0x1)
0  ----------O                                                               (10 = 90.9%)
1  ... 
6  -O                                                                        (1 = 9.1%) {90.9%}
8  ... 

Histogram: PageLoad.Experimental.PageTiming.CachedResourceLoadTime.style recorded 2 samples, mean = 0.0 (flags = 0x1)
0  --O                                                                       (2 = 100.0%)
1  ... 

Histogram: PageLoad.Experimental.PageTiming.ResourceLoadTime.iframe recorded 1 samples, mean = 844.0 (flags = 0x1)
0    ... 
729  -O                                                                        (1 = 100.0%) {0.0%}
926  ... 

Histogram: PageLoad.Experimental.PageVisitFinalStatus recorded 1 samples, mean = 2.0 (flags = 0x1)
0  ... 
2  -O                                                                        (1 = 100.0%) {0.0%}
3  O                                                                         (0 = 0.0%) {100.0%}

Histogram: PageLoad.Experimental.SoftNavigations.Count recorded 1 samples, mean = 0.0 (flags = 0x1)
0  -O                                                                        (1 = 100.0%)
1  ... 

Histogram: PageLoad.Experimental.TotalForegroundDuration recorded 1 samples, mean = 1863.0 (flags = 0x1)
0     ... 
1637  -O                                                                        (1 = 100.0%) {0.0%}
1865  ... 

Histogram: PageLoad.Internal.ErrorCode recorded 2 samples, mean = 1.0 (flags = 0x1)
0  O                                                                         (0 = 0.0%)
1  --O                                                                       (2 = 100.0%) {0.0%}
2  ... 

Histogram: PageLoad.Internal.PageLoadTimingStatus recorded 13 samples, mean = 0.0 (flags = 0x1)
0  -------------O                                                            (13 = 100.0%)
1  ... 

Histogram: PageLoad.Internal.PageLoadTimingStatus.AtTimingCallbackDispatch recorded 9 samples, mean = 0.0 (flags = 0x1)
0  ---------O                                                                (9 = 100.0%)
1  ... 

Histogram: PageLoad.Internal.PaintTiming.LargestContentfulPaint.ContentType recorded 1 samples, mean = 0.0 (flags = 0x1)
0  -O                                                                        (1 = 100.0%)
1  ... 

Histogram: PageLoad.Internal.PaintTiming.LargestContentfulPaint.MainFrame.ContentType recorded 1 samples, mean = 0.0 (flags = 0x1)
0  -O                                                                        (1 = 100.0%)
1  ... 

Histogram: PageLoad.Internal.PaintTiming.NavigationToFirstContentfulPaint.InitiatingProcess recorded 1 samples, mean = 2.0 (flags = 0x1)
0  ... 
2  -O                                                                        (1 = 100.0%) {0.0%}
3  ... 

Histogram: PageLoad.LayoutInstability.CumulativeShiftScore recorded 1 samples, mean = 0.0 (flags = 0x1)
0  -O                                                                        (1 = 100.0%)
1  ... 

Histogram: PageLoad.LayoutInstability.MaxCumulativeShiftScore.SessionWindow.Gap1000ms.Max5000ms2 recorded 1 samples, mean = 5.0 (flags = 0x1)
0  ... 
5  -O                                                                        (1 = 100.0%) {0.0%}
6  ... 

Histogram: PageLoad.NavigationTiming.ActualNavigationStartToNavigationCommitSent recorded 1 samples, mean = 307.0 (flags = 0x1)
0    ... 
307  -O                                                                        (1 = 100.0%) {0.0%}
348  ... 

Histogram: PageLoad.NavigationTiming.ActualNavigationStartToNavigationStart recorded 1 samples, mean = 3.0 (flags = 0x1)
0  ... 
3  -O                                                                        (1 = 100.0%) {0.0%}
4  ... 

Histogram: PageLoad.NavigationTiming.NavigationCommitSentToParseStart recorded 1 samples, mean = 1.0 (flags = 0x1)
0  O                                                                         (0 = 0.0%)
1  -O                                                                        (1 = 100.0%) {0.0%}
2  ... 

Histogram: PageLoad.PageTiming.ForegroundDuration recorded 1 samples, mean = 1863.0 (flags = 0x1)
0     ... 
1637  -O                                                                        (1 = 100.0%) {0.0%}
1865  ... 

Histogram: PageLoad.PageTiming.ForegroundDuration.AfterPaint recorded 1 samples, mean = 1298.0 (flags = 0x1)
0     ... 
1261  -O                                                                        (1 = 100.0%) {0.0%}
1437  ... 

Histogram: PageLoad.PageTiming.ForegroundDuration.WithPaint recorded 1 samples, mean = 1863.0 (flags = 0x1)
0     ... 
1637  -O                                                                        (1 = 100.0%) {0.0%}
1865  ... 

Histogram: PageLoad.PaidContent.State recorded 1 samples, mean = 2.0 (flags = 0x1)
0  ... 
2  -O                                                                        (1 = 100.0%) {0.0%}
3  O                                                                         (0 = 0.0%) {100.0%}

Histogram: PageLoad.PaintTiming.ActualNavigationStartToFirstContentfulPaint recorded 1 samples, mean = 568.0 (flags = 0x1)
0    ... 
505  -O                                                                        (1 = 100.0%) {0.0%}
572  ... 

Histogram: PageLoad.PaintTiming.ActualNavigationStartToLargestContentfulPaint recorded 1 samples, mean = 578.0 (flags = 0x1)
0    ... 
572  -O                                                                        (1 = 100.0%) {0.0%}
648  ... 

Histogram: PageLoad.PaintTiming.NavigationToFirstContentfulPaint recorded 1 samples, mean = 565.0 (flags = 0x1)
0    ... 
565  -O                                                                        (1 = 100.0%) {0.0%}
632  ... 

Histogram: PageLoad.PaintTiming.NavigationToFirstContentfulPaint.ExcludeReloadAfterDiscard recorded 1 samples, mean = 565.0 (flags = 0x1)
0    ... 
565  -O                                                                        (1 = 100.0%) {0.0%}
632  ... 

Histogram: PageLoad.PaintTiming.NavigationToFirstContentfulPaint.LoadType.NewNavigation recorded 1 samples, mean = 565.0 (flags = 0x1)
0    ... 
565  -O                                                                        (1 = 100.0%) {0.0%}
632  ... 

Histogram: PageLoad.PaintTiming.NavigationToFirstContentfulPaint.UserInitiated recorded 1 samples, mean = 565.0 (flags = 0x1)
0    ... 
565  -O                                                                        (1 = 100.0%) {0.0%}
632  ... 

Histogram: PageLoad.PaintTiming.NavigationToFirstImagePaint recorded 1 samples, mean = 565.0 (flags = 0x1)
0    ... 
565  -O                                                                        (1 = 100.0%) {0.0%}
632  ... 

Histogram: PageLoad.PaintTiming.NavigationToFirstPaint recorded 1 samples, mean = 565.0 (flags = 0x1)
0    ... 
565  -O                                                                        (1 = 100.0%) {0.0%}
632  ... 

Histogram: PageLoad.PaintTiming.NavigationToLargestContentfulPaint2 recorded 1 samples, mean = 575.0 (flags = 0x1)
0    ... 
565  -O                                                                        (1 = 100.0%) {0.0%}
632  ... 

Histogram: PageLoad.PaintTiming.NavigationToLargestContentfulPaint2.ExcludeReloadAfterDiscard recorded 1 samples, mean = 575.0 (flags = 0x1)
0    ... 
565  -O                                                                        (1 = 100.0%) {0.0%}
632  ... 

Histogram: PageLoad.PaintTiming.NavigationToLargestContentfulPaint2.MainFrame recorded 1 samples, mean = 575.0 (flags = 0x1)
0    ... 
565  -O                                                                        (1 = 100.0%) {0.0%}
632  ... 

Histogram: PageLoad.PaintTiming.ParseStartToFirstContentfulPaint recorded 1 samples, mean = 259.0 (flags = 0x1)
0    ... 
257  -O                                                                        (1 = 100.0%) {0.0%}
288  ... 

Histogram: PageLoad.PaintTiming.ParseStartToLargestContentfulPaint recorded 1 samples, mean = 269.0 (flags = 0x1)
0    ... 
239  -O                                                                        (1 = 100.0%) {0.0%}
271  ... 

Histogram: PageLoad.ParseTiming.ActualNavigationStartToParseStart recorded 1 samples, mean = 309.0 (flags = 0x1)
0    ... 
307  -O                                                                        (1 = 100.0%) {0.0%}
348  ... 

Histogram: PageLoad.ParseTiming.NavigationToParseStart recorded 1 samples, mean = 306.0 (flags = 0x1)
0    ... 
288  -O                                                                        (1 = 100.0%) {0.0%}
322  ... 

Histogram: PageLoad.ParseTiming.NavigationToParseStart.LoadType.NewNavigation recorded 1 samples, mean = 306.0 (flags = 0x1)
0    ... 
288  -O                                                                        (1 = 100.0%) {0.0%}
322  ... 

Histogram: PasswordManager.AffiliationDatabase.DatabaseSize recorded 1 samples, mean = 52.0 (flags = 0x1)
0  -O                                                                        (1 = 100.0%)
1000... 

Histogram: PasswordManager.GetAllLoginsWithAffiliationAndBrandingInformation.TimeSinceInit recorded 2 samples, mean = 88.0 (flags = 0x1)
0   ... 
84  --O                                                                       (2 = 100.0%) {0.0%}
107 ... 

Histogram: PasswordManager.GetAutofillableLogins.TimeSinceInit recorded 4 samples, mean = 98.5 (flags = 0x1)
0    ... 
84   --O                                                                       (2 = 50.0%) {0.0%}
107  --O                                                                       (2 = 50.0%) {50.0%}
136  ... 

Histogram: PasswordManager.LoginDatabaseInit2 recorded 2 samples, mean = 0.0 (flags = 0x1)
0  --O                                                                       (2 = 100.0%)
1  ... 

Histogram: PasswordManager.PasswordStore.InitTime recorded 2 samples, mean = 88.0 (flags = 0x1)
0   ... 
81  --O                                                                       (2 = 100.0%) {0.0%}
96  ... 

Histogram: PasswordManager.PasswordStoreBackend.GetAllLoginsAsync recorded 4 samples, mean = 1.0 (flags = 0x1)
0  --O                                                                       (2 = 50.0%)
1  O                                                                         (0 = 0.0%) {50.0%}
2  --O                                                                       (2 = 50.0%) {50.0%}
3  ... 

Histogram: PasswordManager.PasswordStoreBackend.GetAllLoginsAsync.Latency recorded 2 samples, mean = 18.0 (flags = 0x1)
0   ... 
16  --O                                                                       (2 = 100.0%) {0.0%}
20  ... 

Histogram: PasswordManager.PasswordStoreBackend.GetAllLoginsAsync.Success recorded 2 samples, mean = 1.0 (flags = 0x1)
0  O                                                                         (0 = 0.0%)
1  --O                                                                       (2 = 100.0%) {0.0%}
2  O                                                                         (0 = 0.0%) {100.0%}

Histogram: PasswordManager.PasswordStoreBackend.GetAutofillableLoginsAsync recorded 8 samples, mean = 1.0 (flags = 0x1)
0  ----O                                                                     (4 = 50.0%)
1  O                                                                         (0 = 0.0%) {50.0%}
2  ----O                                                                     (4 = 50.0%) {50.0%}
3  ... 

Histogram: PasswordManager.PasswordStoreBackend.GetAutofillableLoginsAsync.Latency recorded 4 samples, mean = 15.0 (flags = 0x1)
0   ... 
10  --O                                                                       (2 = 50.0%) {0.0%}
13  O                                                                         (0 = 0.0%) {50.0%}
16  --O                                                                       (2 = 50.0%) {50.0%}
20  ... 

Histogram: PasswordManager.PasswordStoreBackend.GetAutofillableLoginsAsync.Success recorded 4 samples, mean = 1.0 (flags = 0x1)
0  O                                                                         (0 = 0.0%)
1  ----O                                                                     (4 = 100.0%) {0.0%}
2  O                                                                         (0 = 0.0%) {100.0%}

Histogram: PasswordManager.PasswordStoreBuiltInBackend.GetAllLoginsAsync recorded 4 samples, mean = 1.0 (flags = 0x1)
0  --O                                                                       (2 = 50.0%)
1  O                                                                         (0 = 0.0%) {50.0%}
2  --O                                                                       (2 = 50.0%) {50.0%}
3  ... 

Histogram: PasswordManager.PasswordStoreBuiltInBackend.GetAllLoginsAsync.Latency recorded 2 samples, mean = 18.0 (flags = 0x1)
0   ... 
16  --O                                                                       (2 = 100.0%) {0.0%}
20  ... 

Histogram: PasswordManager.PasswordStoreBuiltInBackend.GetAllLoginsAsync.Success recorded 2 samples, mean = 1.0 (flags = 0x1)
0  O                                                                         (0 = 0.0%)
1  --O                                                                       (2 = 100.0%) {0.0%}
2  O                                                                         (0 = 0.0%) {100.0%}

Histogram: PasswordManager.PasswordStoreBuiltInBackend.GetAutofillableLoginsAsync recorded 8 samples, mean = 1.0 (flags = 0x1)
0  ----O                                                                     (4 = 50.0%)
1  O                                                                         (0 = 0.0%) {50.0%}
2  ----O                                                                     (4 = 50.0%) {50.0%}
3  ... 

Histogram: PasswordManager.PasswordStoreBuiltInBackend.GetAutofillableLoginsAsync.Latency recorded 4 samples, mean = 15.0 (flags = 0x1)
0   ... 
10  --O                                                                       (2 = 50.0%) {0.0%}
13  O                                                                         (0 = 0.0%) {50.0%}
16  --O                                                                       (2 = 50.0%) {50.0%}
20  ... 

Histogram: PasswordManager.PasswordStoreBuiltInBackend.GetAutofillableLoginsAsync.Success recorded 4 samples, mean = 1.0 (flags = 0x1)
0  O                                                                         (0 = 0.0%)
1  ----O                                                                     (4 = 100.0%) {0.0%}
2  O                                                                         (0 = 0.0%) {100.0%}

Histogram: PasswordManager.PasswordsGrouping.Time recorded 1 samples, mean = 13.0 (flags = 0x1)
0   ... 
12  -O                                                                        (1 = 100.0%) {0.0%}
14  ... 

Histogram: PasswordManager.ReuseCheck.CheckedPasswords recorded 1 samples, mean = 0.0 (flags = 0x1)
0  -O                                                                        (1 = 100.0%)
1  ... 

Histogram: PasswordManager.ReuseCheck.ReusedPasswords recorded 1 samples, mean = 0.0 (flags = 0x1)
0  -O                                                                        (1 = 100.0%)
1  ... 

Histogram: PasswordManager.ReuseCheck.Time recorded 1 samples, mean = 8.0 (flags = 0x1)
0  ... 
8  -O                                                                        (1 = 100.0%) {0.0%}
10 ... 

Histogram: PasswordManager.SavedGaiaPasswordHashCount2 recorded 1 samples, mean = 0.0 (flags = 0x1)
0  -O                                                                        (1 = 100.0%)
1  ... 

Histogram: PasswordManager.SyncMetadataReadError2 recorded 2 samples, mean = 0.0 (flags = 0x1)
0  --O                                                                       (2 = 100.0%)
1  ... 

Histogram: PasswordManager.WeakCheck.CheckedPasswords recorded 1 samples, mean = 0.0 (flags = 0x1)
0  -O                                                                        (1 = 100.0%)
1  ... 

Histogram: PasswordManager.WeakCheck.Time recorded 1 samples, mean = 8.0 (flags = 0x1)
0  ... 
8  -O                                                                        (1 = 100.0%) {0.0%}
10 ... 

Histogram: PasswordManager.WeakCheck.WeakPasswords recorded 1 samples, mean = 0.0 (flags = 0x1)
0  -O                                                                        (1 = 100.0%)
1  ... 

Histogram: PaymentRequest.IsCanMakePaymentAllowedByPref.Startup recorded 1 samples, mean = 1.0 (flags = 0x1)
0  O                                                                         (0 = 0.0%)
1  -O                                                                        (1 = 100.0%) {0.0%}
2  O                                                                         (0 = 0.0%) {100.0%}

Histogram: PerformanceManager.Discarding.DecisionResult recorded 2 samples, mean = 1.0 (flags = 0x1)
0  O                                                                         (0 = 0.0%)
1  --O                                                                       (2 = 100.0%) {0.0%}
2  ... 

Histogram: PerformanceManager.Discarding.DecisionResult.Urgent recorded 2 samples, mean = 1.0 (flags = 0x1)
0  O                                                                         (0 = 0.0%)
1  --O                                                                       (2 = 100.0%) {0.0%}
2  ... 

Histogram: PerformanceManager.Discarding.HadFormInteraction recorded 2 samples, mean = 0.0 (flags = 0x1)
0  --O                                                                       (2 = 100.0%)
1  ... 

Histogram: PerformanceManager.Discarding.HadUserEdits recorded 2 samples, mean = 0.0 (flags = 0x1)
0  --O                                                                       (2 = 100.0%)
1  ... 

Histogram: PerformanceManager.Discarding.TimeHiddenAtDecision recorded 2 samples, mean = 1901.0 (flags = 0x1)
0     ... 
1606  --O                                                                       (2 = 100.0%) {0.0%}
2035  ... 

Histogram: PerformanceManager.ResourceQueryTime.CPUMeasurementMonitor recorded 1 samples, mean = 3.0 (flags = 0x1)
0  ... 
3  -O                                                                        (1 = 100.0%) {0.0%}
4  ... 

Histogram: PerformanceManager.ResourceQueryTime.MemoryMeasurementProvider recorded 1 samples, mean = 20.0 (flags = 0x1)
0   ... 
15  -O                                                                        (1 = 100.0%) {0.0%}
21  ... 

Histogram: PerformanceManager.ResourceQueryTime.OnResultsReceived recorded 2 samples, mean = 3.0 (flags = 0x1)
0  O                                                                         (0 = 0.0%)
1  -O                                                                        (1 = 50.0%) {0.0%}
2  ... 
4  -O                                                                        (1 = 50.0%) {50.0%}
6  ... 

Histogram: PerformanceManager.ResourceQueryTime.RequestResults recorded 2 samples, mean = 77737.0 (flags = 0x1)
0       ... 
15      -O                                                                        (1 = 50.0%) {0.0%}
21      ... 
141691  -O                                                                        (1 = 50.0%) {50.0%}
196583  ... 

Histogram: PerformanceManager.UserTuning.BatterySaverModeEnabledPercent recorded 1 samples, mean = 0.0 (flags = 0x1)
0  -O                                                                        (1 = 100.0%)
1  ... 

Histogram: PerformanceManager.UserTuning.MemorySaverModeEnabledPercent recorded 1 samples, mean = 0.0 (flags = 0x1)
0  -O                                                                        (1 = 100.0%)
1  ... 

Histogram: Permissions.Experimental.PrimaryMainNavigationFinished.AudioCapture.TopLevelHeaderPolicy recorded 4 samples, mean = 0.0 (flags = 0x1)
0  ----O                                                                     (4 = 100.0%)
1  ... 

Histogram: Permissions.Experimental.PrimaryMainNavigationFinished.Geolocation.TopLevelHeaderPolicy recorded 4 samples, mean = 0.0 (flags = 0x1)
0  ----O                                                                     (4 = 100.0%)
1  ... 

Histogram: Permissions.Experimental.PrimaryMainNavigationFinished.VideoCapture.TopLevelHeaderPolicy recorded 4 samples, mean = 0.0 (flags = 0x1)
0  ----O                                                                     (4 = 100.0%)
1  ... 

Histogram: Permissions.Experimental.Usage.AudioCapture.IsBlockedDueToActuation recorded 6 samples, mean = 0.0 (flags = 0x1)
0  ------O                                                                   (6 = 100.0%)
1  ... 

Histogram: Permissions.Experimental.Usage.Geolocation.IsBlockedDueToActuation recorded 6 samples, mean = 0.0 (flags = 0x1)
0  ------O                                                                   (6 = 100.0%)
1  ... 

Histogram: Permissions.Experimental.Usage.Notifications.IsBlockedDueToActuation recorded 10 samples, mean = 0.0 (flags = 0x1)
0  ----------O                                                               (10 = 100.0%)
1  ... 

Histogram: Permissions.Experimental.Usage.VideoCapture.IsBlockedDueToActuation recorded 6 samples, mean = 0.0 (flags = 0x1)
0  ------O                                                                   (6 = 100.0%)
1  ... 

Histogram: Permissions.Experimental.Usage.WebAppInstallation.IsBlockedDueToActuation recorded 6 samples, mean = 0.0 (flags = 0x1)
0  ------O                                                                   (6 = 100.0%)
1  ... 

Histogram: Platform.IntelMaxMicroArchitecture recorded 1 samples, mean = 8.0 (flags = 0x1)
0  ... 
8  -O                                                                        (1 = 100.0%) {0.0%}
9  ... 

Histogram: Prefs.JSonStore.SetValueKey recorded 63 samples (flags = 0x1)
39058055    -O                                                                        (1 = 1.6%)
64282337    ---O                                                                      (3 = 4.8%)
159550163   --O                                                                       (2 = 3.2%)
174384190   --O                                                                       (2 = 3.2%)
270367864   -O                                                                        (1 = 1.6%)
360715645   -O                                                                        (1 = 1.6%)
375356597   -O                                                                        (1 = 1.6%)
511256331   -O                                                                        (1 = 1.6%)
852125461   ------------------------------O                                           (30 = 47.6%)
921459565   -O                                                                        (1 = 1.6%)
925026084   ---O                                                                      (3 = 4.8%)
1254057572  -O                                                                        (1 = 1.6%)
1400098129  -O                                                                        (1 = 1.6%)
1606153791  -O                                                                        (1 = 1.6%)
1624055886  --O                                                                       (2 = 3.2%)
1923415074  --O                                                                       (2 = 3.2%)
1927273959  -O                                                                        (1 = 1.6%)
1936820420  --O                                                                       (2 = 3.2%)
1956100443  ---O                                                                      (3 = 4.8%)
2032316464  --O                                                                       (2 = 3.2%)
2064831318  -O                                                                        (1 = 1.6%)
2082524502  -O                                                                        (1 = 1.6%)

Histogram: PreloadServingMetrics.ForNavigationCommitted.PrefetchMatchMetrics.Count recorded 1 samples, mean = 2.0 (flags = 0x1)
0  ... 
2  -O                                                                        (1 = 100.0%) {0.0%}
3  ... 

Histogram: PreloadServingMetrics.ForNavigationCommitted.PrefetchMatchMetrics.IsPotentialMatch recorded 1 samples, mean = 0.0 (flags = 0x1)
0  -O                                                                        (1 = 100.0%)
1  ... 

Histogram: PreloadServingMetrics.PageLoad.Clients.PaintTiming.NavigationToFirstContentfulPaint.WithoutPreload recorded 1 samples, mean = 565.0 (flags = 0x1)
0    ... 
565  -O                                                                        (1 = 100.0%) {0.0%}
632  ... 

Histogram: Prerender.Experimental.PrerenderProcessReuseAvailability recorded 5 samples, mean = 3.0 (flags = 0x1)
0  ... 
3  -----O                                                                    (5 = 100.0%) {0.0%}
4  O                                                                         (0 = 0.0%) {100.0%}

Histogram: Privacy.CookieControlsSetting.RegularProfile recorded 1 samples, mean = 2.0 (flags = 0x1)
0  ... 
2  -O                                                                        (1 = 100.0%) {0.0%}
3  O                                                                         (0 = 0.0%) {100.0%}

Histogram: Privacy.DIPS.BtmBounceDetector.AllAccessesMatched recorded 5 samples, mean = 1.0 (flags = 0x1)
0  O                                                                         (0 = 0.0%)
1  -----O                                                                    (5 = 100.0%) {0.0%}
2  O                                                                         (0 = 0.0%) {100.0%}

Histogram: Privacy.DoNotTrackSetting2 recorded 1 samples, mean = 0.0 (flags = 0x1)
0  -O                                                                        (1 = 100.0%)
1  ... 

Histogram: Privacy.ThirdPartyCookieBlockingSetting.RegularProfile recorded 1 samples, mean = 0.0 (flags = 0x1)
0  -O                                                                        (1 = 100.0%)
1  ... 

Histogram: PrivacySandbox.Attestations.EstimateMemoryUsage.AttestationsMap recorded 1 samples, mean = 24.0 (flags = 0x1)
0   ... 
24  -O                                                                        (1 = 100.0%) {0.0%}
29  ... 

Histogram: PrivacySandbox.Attestations.InitializationDuration.ComponentReadyFromApplicationStart recorded 1 samples, mean = 313.0 (flags = 0x1)
0    ... 
279  -O                                                                        (1 = 100.0%) {0.0%}
322  ... 

Histogram: PrivacySandbox.Attestations.InitializationDuration.Parsing recorded 1 samples, mean = 0.0 (flags = 0x1)
0  -O                                                                        (1 = 100.0%)
1  ... 

Histogram: PrivacySandbox.Attestations.Parsing.Status recorded 1 samples, mean = 0.0 (flags = 0x1)
0  -O                                                                        (1 = 100.0%)
1  ... 

Histogram: Profile.BrowserActive.PerProfile recorded 1 samples, mean = 1.0 (flags = 0x1)
0  O                                                                         (0 = 0.0%)
1  -O                                                                        (1 = 100.0%) {0.0%}
2  ... 

Histogram: Profile.Destroyer.OffTheRecord recorded 1 samples, mean = 1.0 (flags = 0x1)
0  O                                                                         (0 = 0.0%)
1  -O                                                                        (1 = 100.0%) {0.0%}
2  ... 

Histogram: Profile.DidDestroyProfileBeforeShutdown recorded 1 samples, mean = 0.0 (flags = 0x1)
0  -O                                                                        (1 = 100.0%)
1  ... 

Histogram: Profile.KeepAliveLeakAtShutdown recorded 2 samples, mean = 28.5 (flags = 0x1)
0   ... 
18  -O                                                                        (1 = 50.0%) {0.0%}
19  ... 
39  -O                                                                        (1 = 50.0%) {50.0%}
40  ... 

Histogram: Profile.NumberOfAccountsPerProfile recorded 2 samples, mean = 0.0 (flags = 0x1)
0  --O                                                                       (2 = 100.0%)
1  ... 

Histogram: Profile.NumberOfProfilesAtProfileInit recorded 1 samples, mean = 1.0 (flags = 0x1)
0  O                                                                         (0 = 0.0%)
1  -O                                                                        (1 = 100.0%) {0.0%}
2  ... 

Histogram: Profile.State.LastUsed_All recorded 1 samples, mean = 0.0 (flags = 0x1)
0  -O                                                                        (1 = 100.0%)
1  ... 

Histogram: Profile.State.LastUsed_AllManagedDevice recorded 1 samples, mean = 0.0 (flags = 0x1)
0  -O                                                                        (1 = 100.0%)
1  ... 

Histogram: Profile.State.LastUsed_ManagementDisclaimerNotAccepted recorded 1 samples, mean = 0.0 (flags = 0x1)
0  -O                                                                        (1 = 100.0%)
1  ... 

Histogram: Profile.State.LastUsed_SingleProfile recorded 1 samples, mean = 0.0 (flags = 0x1)
0  -O                                                                        (1 = 100.0%)
1  ... 

Histogram: Profile.State.SyncEnabled_All recorded 1 samples, mean = 0.0 (flags = 0x1)
0  -O                                                                        (1 = 100.0%)
1  ... 

Histogram: Profile.State.SyncEnabled_AllManagedDevice recorded 1 samples, mean = 0.0 (flags = 0x1)
0  -O                                                                        (1 = 100.0%)
1  ... 

Histogram: Profile.State.SyncEnabled_ManagementDisclaimerNotAccepted recorded 1 samples, mean = 0.0 (flags = 0x1)
0  -O                                                                        (1 = 100.0%)
1  ... 

Histogram: Profile.State.SyncEnabled_SingleProfile recorded 1 samples, mean = 0.0 (flags = 0x1)
0  -O                                                                        (1 = 100.0%)
1  ... 

Histogram: Profile.State.UnconsentedPrimaryAccountType_All recorded 1 samples, mean = 3.0 (flags = 0x1)
0  ... 
3  -O                                                                        (1 = 100.0%) {0.0%}
4  O                                                                         (0 = 0.0%) {100.0%}

Histogram: Profile.State.UnconsentedPrimaryAccountType_AllManagedDevice recorded 1 samples, mean = 3.0 (flags = 0x1)
0  ... 
3  -O                                                                        (1 = 100.0%) {0.0%}
4  O                                                                         (0 = 0.0%) {100.0%}

Histogram: Profile.State.UnconsentedPrimaryAccountType_ManagementDisclaimerNotAccepted recorded 1 samples, mean = 3.0 (flags = 0x1)
0  ... 
3  -O                                                                        (1 = 100.0%) {0.0%}
4  O                                                                         (0 = 0.0%) {100.0%}

Histogram: Profile.State.UnconsentedPrimaryAccountType_SingleProfile recorded 1 samples, mean = 3.0 (flags = 0x1)
0  ... 
3  -O                                                                        (1 = 100.0%) {0.0%}
4  O                                                                         (0 = 0.0%) {100.0%}

Histogram: Profile.UserAction.PerProfile recorded 7 samples, mean = 1.0 (flags = 0x1)
0  O                                                                         (0 = 0.0%)
1  -------O                                                                  (7 = 100.0%) {0.0%}
2  ... 

Histogram: Quota.DaysSinceLastAccessed recorded 1 samples, mean = 0.0 (flags = 0x1)
0  -O                                                                        (1 = 100.0%)
1  ... 

Histogram: ReadingList.Read.Count.OnModelLoaded.AccountStorage recorded 1 samples, mean = 0.0 (flags = 0x1)
0  -O                                                                        (1 = 100.0%)
1  ... 

Histogram: ReadingList.Read.Count.OnModelLoaded.LocalStorage recorded 1 samples, mean = 0.0 (flags = 0x1)
0  -O                                                                        (1 = 100.0%)
1  ... 

Histogram: ReadingList.Unread.Count.OnModelLoaded.AccountStorage recorded 1 samples, mean = 0.0 (flags = 0x1)
0  -O                                                                        (1 = 100.0%)
1  ... 

Histogram: ReadingList.Unread.Count.OnModelLoaded.LocalStorage recorded 1 samples, mean = 0.0 (flags = 0x1)
0  -O                                                                        (1 = 100.0%)
1  ... 

Histogram: RegionalCapabilities.FetchedCountryMatching recorded 1 samples, mean = 3.0 (flags = 0x1)
0  ... 
3  -O                                                                        (1 = 100.0%) {0.0%}
4  ... 

Histogram: RegionalCapabilities.LoadedCountrySource recorded 1 samples, mean = 3.0 (flags = 0x1)
0  ... 
3  -O                                                                        (1 = 100.0%) {0.0%}
4  ... 

Histogram: RegionalCapabilities.PersistedCountryMatching recorded 1 samples, mean = 3.0 (flags = 0x1)
0  ... 
3  -O                                                                        (1 = 100.0%) {0.0%}
4  ... 

Histogram: RenderTextHarfBuzz.ShapeRunsFallback recorded 553 samples, mean = 1.0 (flags = 0x1)
0  O                                                                         (0 = 0.0%)
1  ------------------------------------------------------------------------O (553 = 100.0%) {0.0%}
2  ... 

Histogram: Renderer.ProcessLifetime3 recorded 5 samples, mean = 1858.0 (flags = 0x1)
0     ... 
1416  -O                                                                        (1 = 20.0%) {0.0%}
1590  O                                                                         (0 = 0.0%) {20.0%}
1786  ---O                                                                      (3 = 60.0%) {20.0%}
2006  -O                                                                        (1 = 20.0%) {80.0%}
2253  ... 

Histogram: Renderer.ProcessLifetime3.Empty recorded 1 samples, mean = 1439.0 (flags = 0x1)
0     ... 
1416  -O                                                                        (1 = 100.0%) {0.0%}
1590  ... 

Histogram: Renderer.ProcessLifetime3.MainFrame recorded 3 samples, mean = 1991.0 (flags = 0x1)
0     ... 
1786  --O                                                                       (2 = 66.7%) {0.0%}
2006  -O                                                                        (1 = 33.3%) {66.7%}
2253  ... 

Histogram: Renderer.ProcessLifetime3.Subframe_NoAd recorded 1 samples, mean = 1878.0 (flags = 0x1)
0     ... 
1786  -O                                                                        (1 = 100.0%) {0.0%}
2006  ... 

Histogram: SBClientPhishing.ClientSideDetectionEvent recorded 2 samples, mean = 0.5 (flags = 0x1)
0  -O                                                                        (1 = 50.0%)
1  -O                                                                        (1 = 50.0%) {50.0%}
2  ... 

Histogram: SBClientPhishing.ClientSideDetectionEvent.TriggerModel recorded 2 samples, mean = 0.5 (flags = 0x1)
0  -O                                                                        (1 = 50.0%)
1  -O                                                                        (1 = 50.0%) {50.0%}
2  ... 

Histogram: SBClientPhishing.IsErrorDocumentOnSupportedMimeType recorded 1 samples, mean = 0.0 (flags = 0x1)
0  -O                                                                        (1 = 100.0%)
1  ... 

Histogram: SBClientPhishing.OnDeviceModelSessionAliveOnDelegateShutdown recorded 1 samples, mean = 0.0 (flags = 0x1)
0  -O                                                                        (1 = 100.0%)
1  ... 

Histogram: SBClientPhishing.PreClassificationCheckResult recorded 1 samples, mean = 1.0 (flags = 0x1)
0  O                                                                         (0 = 0.0%)
1  -O                                                                        (1 = 100.0%) {0.0%}
2  ... 

Histogram: SBClientPhishing.PreClassificationCheckResult.TriggerModel recorded 1 samples, mean = 1.0 (flags = 0x1)
0  O                                                                         (0 = 0.0%)
1  -O                                                                        (1 = 100.0%) {0.0%}
2  ... 

Histogram: SBClientPhishing.SingleObserverCalledOnNewPage recorded 1 samples, mean = 1.0 (flags = 0x1)
0  O                                                                         (0 = 0.0%)
1  -O                                                                        (1 = 100.0%) {0.0%}
2  O                                                                         (0 = 0.0%) {100.0%}

Histogram: SafeBrowsing.ApplicationAdvancedProtectionStatusDetector.Changed.Disabled recorded 1 samples, mean = 0.0 (flags = 0x1)
0  -O                                                                        (1 = 100.0%)
1  ... 

Histogram: SafeBrowsing.AsyncCheck.CommittedNavigationIdsSize recorded 6 samples, mean = 1.5 (flags = 0x1)
0  O                                                                         (0 = 0.0%)
1  ----O                                                                     (4 = 66.7%) {0.0%}
2  -O                                                                        (1 = 16.7%) {66.7%}
3  -O                                                                        (1 = 16.7%) {83.3%}
4  ... 

Histogram: SafeBrowsing.BrowserThrottle.IntervalBetweenStartAndProcess recorded 1 samples, mean = 301.0 (flags = 0x1)
0    ... 
268  -O                                                                        (1 = 100.0%) {0.0%}
318  ... 

Histogram: SafeBrowsing.BrowserThrottle.IntervalBetweenStartAndProcess.FromNetwork recorded 1 samples, mean = 301.0 (flags = 0x1)
0    ... 
268  -O                                                                        (1 = 100.0%) {0.0%}
318  ... 

Histogram: SafeBrowsing.BrowserThrottle.IsAsyncCheckFasterThanSyncCheck recorded 1 samples, mean = 0.0 (flags = 0x1)
0  -O                                                                        (1 = 100.0%)
1  ... 

Histogram: SafeBrowsing.BrowserThrottle.IsAsyncCheckerTransferred recorded 1 samples, mean = 0.0 (flags = 0x1)
0  -O                                                                        (1 = 100.0%)
1  ... 

Histogram: SafeBrowsing.BrowserThrottle.IsCheckCompletedOnProcessResponse recorded 5 samples, mean = 1.0 (flags = 0x1)
0  O                                                                         (0 = 0.0%)
1  -----O                                                                    (5 = 100.0%) {0.0%}
2  O                                                                         (0 = 0.0%) {100.0%}

Histogram: SafeBrowsing.BrowserThrottle.RequestDestination recorded 5 samples, mean = 3.8 (flags = 0x1)
0  ... 
3  ----O                                                                     (4 = 80.0%) {0.0%}
4  ... 
7  -O                                                                        (1 = 20.0%) {80.0%}
8  ... 

Histogram: SafeBrowsing.BrowserThrottle.RequestDestination.Checked recorded 1 samples, mean = 3.0 (flags = 0x1)
0  ... 
3  -O                                                                        (1 = 100.0%) {0.0%}
4  ... 

Histogram: SafeBrowsing.BrowserThrottle.RequestDestination.Skipped recorded 1 samples, mean = 7.0 (flags = 0x1)
0  ... 
7  -O                                                                        (1 = 100.0%) {0.0%}
8  ... 

Histogram: SafeBrowsing.BrowserThrottle.TotalDelay2.FromNetwork recorded 1 samples, mean = 0.0 (flags = 0x1)
0  -O                                                                        (1 = 100.0%)
1  ... 

Histogram: SafeBrowsing.BrowserThrottle.TotalDelay2.HashPrefixDatabaseCheck recorded 1 samples, mean = 0.0 (flags = 0x1)
0  -O                                                                        (1 = 100.0%)
1  ... 

Histogram: SafeBrowsing.CheckBrowseUrl.HasLocalMatch2 recorded 2 samples, mean = 0.0 (flags = 0x1)
0  --O                                                                       (2 = 100.0%)
1  ... 

Histogram: SafeBrowsing.CheckUrl.Action recorded 2 samples, mean = 0.0 (flags = 0x1)
0  --O                                                                       (2 = 100.0%)
1  ... 

Histogram: SafeBrowsing.CheckUrl.TimeTaken.HashDatabase recorded 2 samples, mean = 0.0 (flags = 0x1)
0  --O                                                                       (2 = 100.0%)
1  ... 

Histogram: SafeBrowsing.CheckUrl.Timeout recorded 2 samples, mean = 0.0 (flags = 0x1)
0  --O                                                                       (2 = 100.0%)
1  ... 

Histogram: SafeBrowsing.CheckUrl.UrlScheme recorded 2 samples, mean = 9.0 (flags = 0x1)
0  ... 
9  --O                                                                       (2 = 100.0%) {0.0%}
10 ... 

Histogram: SafeBrowsing.Desktop.AdvancedProtection.Enabled recorded 1 samples, mean = 0.0 (flags = 0x1)
0  -O                                                                        (1 = 100.0%)
1  ... 

Histogram: SafeBrowsing.FileTypeUpdate.ResourceBundleResult recorded 1 samples (flags = 0x1)
1  -O                                                                        (1 = 100.0%)

Histogram: SafeBrowsing.FileTypeUpdate.ResourceBundleVersion recorded 1 samples (flags = 0x1)
69  -O                                                                        (1 = 100.0%)

Histogram: SafeBrowsing.HPRT.Cache.FullHashCount recorded 1 samples, mean = 0.0 (flags = 0x1)
0  -O                                                                        (1 = 100.0%)
1  ... 

Histogram: SafeBrowsing.HPRT.Cache.HashPrefixCount recorded 1 samples, mean = 0.0 (flags = 0x1)
0  -O                                                                        (1 = 100.0%)
1  ... 

Histogram: SafeBrowsing.HPRT.CanGetReputationOfUrl recorded 1 samples, mean = 0.0 (flags = 0x1)
0  -O                                                                        (1 = 100.0%)
1  ... 

Histogram: SafeBrowsing.HPRT.Ineligible.FeatureOff recorded 5 samples, mean = 0.0 (flags = 0x1)
0  -----O                                                                    (5 = 100.0%)
1  ... 

Histogram: SafeBrowsing.HPRT.Ineligible.IneligibleForLocation recorded 5 samples, mean = 0.0 (flags = 0x1)
0  -----O                                                                    (5 = 100.0%)
1  ... 

Histogram: SafeBrowsing.HPRT.Ineligible.IneligibleForSafeBrowsingState recorded 5 samples, mean = 0.0 (flags = 0x1)
0  -----O                                                                    (5 = 100.0%)
1  ... 

Histogram: SafeBrowsing.HPRT.Ineligible.IneligibleForSessionOrLocation recorded 5 samples, mean = 0.0 (flags = 0x1)
0  -----O                                                                    (5 = 100.0%)
1  ... 

Histogram: SafeBrowsing.HPRT.Ineligible.NoGoogleChromeBranding recorded 5 samples, mean = 0.0 (flags = 0x1)
0  -----O                                                                    (5 = 100.0%)
1  ... 

Histogram: SafeBrowsing.HPRT.Ineligible.NotAllowedByPolicy recorded 5 samples, mean = 0.0 (flags = 0x1)
0  -----O                                                                    (5 = 100.0%)
1  ... 

Histogram: SafeBrowsing.HPRT.Ineligible.OffTheRecord recorded 5 samples, mean = 0.0 (flags = 0x1)
0  -----O                                                                    (5 = 100.0%)
1  ... 

Histogram: SafeBrowsing.HasCookieAtStartup2 recorded 1 samples, mean = 0.0 (flags = 0x1)
0  -O                                                                        (1 = 100.0%)
1  ... 

Histogram: SafeBrowsing.PageLoadToken.TokenCount recorded 1 samples, mean = 0.0 (flags = 0x1)
0  -O                                                                        (1 = 100.0%)
1  ... 

Histogram: SafeBrowsing.Pref.Enhanced recorded 1 samples, mean = 0.0 (flags = 0x1)
0  -O                                                                        (1 = 100.0%)
1  ... 

Histogram: SafeBrowsing.Pref.Enhanced.RegularProfile recorded 1 samples, mean = 0.0 (flags = 0x1)
0  -O                                                                        (1 = 100.0%)
1  ... 

Histogram: SafeBrowsing.Pref.General recorded 1 samples, mean = 1.0 (flags = 0x1)
0  O                                                                         (0 = 0.0%)
1  -O                                                                        (1 = 100.0%) {0.0%}
2  O                                                                         (0 = 0.0%) {100.0%}

Histogram: SafeBrowsing.Pref.JsOptimizerSetting recorded 1 samples, mean = 1.0 (flags = 0x1)
0  O                                                                         (0 = 0.0%)
1  -O                                                                        (1 = 100.0%) {0.0%}
2  ... 

Histogram: SafeBrowsing.RT.CacheManager.CleanUpTime recorded 1 samples, mean = 0.0 (flags = 0x1)
0  -O                                                                        (1 = 100.0%)
1  ... 

Histogram: SafeBrowsing.RT.CacheManager.CleanupReachedThreshold recorded 1 samples, mean = 0.0 (flags = 0x1)
0  -O                                                                        (1 = 100.0%)
1  ... 

Histogram: SafeBrowsing.RT.CacheManager.RealTimeVerdictCount2 recorded 1 samples, mean = 0.0 (flags = 0x1)
0  -O                                                                        (1 = 100.0%)
1  ... 

Histogram: SafeBrowsing.RT.CanCheckDatabase recorded 2 samples, mean = 1.0 (flags = 0x1)
0  O                                                                         (0 = 0.0%)
1  --O                                                                       (2 = 100.0%) {0.0%}
2  O                                                                         (0 = 0.0%) {100.0%}

Histogram: SafeBrowsing.RT.ConsumerVersionReason recorded 18 samples, mean = 1.0 (flags = 0x1)
0  ---------O                                                                (9 = 50.0%)
1  O                                                                         (0 = 0.0%) {50.0%}
2  ---------O                                                                (9 = 50.0%) {50.0%}
3  ... 

Histogram: SafeBrowsing.SBUpdate.NextUpdateInterval recorded 1 samples, mean = 117000.0 (flags = 0x1)
0       ... 
113994  -O                                                                        (1 = 100.0%) {0.0%}
144453  ... 

Histogram: SafeBrowsing.SiteProtection.FamiliarityHeuristic recorded 4 samples, mean = 7.5 (flags = 0x1)
0  ... 
6  -O                                                                        (1 = 25.0%) {0.0%}
7  -O                                                                        (1 = 25.0%) {25.0%}
8  -O                                                                        (1 = 25.0%) {50.0%}
9  -O                                                                        (1 = 25.0%) {75.0%}
10 ... 

Histogram: SafeBrowsing.SiteProtection.FamiliarityHeuristic.Engagement15OrVisitedBeforeTodayOrHighConfidence recorded 1 samples, mean = 1.0 (flags = 0x1)
0  O                                                                         (0 = 0.0%)
1  -O                                                                        (1 = 100.0%) {0.0%}
2  O                                                                         (0 = 0.0%) {100.0%}

Histogram: SafeBrowsing.SiteProtection.FamiliarityMetricDataFetchDuration recorded 1 samples, mean = 458.0 (flags = 0x1)
0    ... 
449  -O                                                                        (1 = 100.0%) {0.0%}
533  ... 

Histogram: SafeBrowsing.SiteProtection.FamiliarityMetricDataFetchStart recorded 1 samples, mean = 1.0 (flags = 0x1)
0  O                                                                         (0 = 0.0%)
1  -O                                                                        (1 = 100.0%) {0.0%}
2  O                                                                         (0 = 0.0%) {100.0%}

Histogram: SafeBrowsing.V4CheckUrl.TimeTaken.LocalLookup recorded 2 samples, mean = 0.0 (flags = 0x1)
0  --O                                                                       (2 = 100.0%)
1  ... 

Histogram: SafeBrowsing.V4CheckUrl.TimeTaken.LocalLookup.DbThreadQueueDelay recorded 2 samples, mean = 0.0 (flags = 0x1)
0  --O                                                                       (2 = 100.0%)
1  ... 

Histogram: SafeBrowsing.V4CheckUrl.TimeTaken.LocalLookup.StoreLookupDuration recorded 2 samples, mean = 0.0 (flags = 0x1)
0  --O                                                                       (2 = 100.0%)
1  ... 

Histogram: SafeBrowsing.V4CheckUrl.TimeTaken.LocalLookup.UiCallbackQueueDelay recorded 2 samples, mean = 0.0 (flags = 0x1)
0  --O                                                                       (2 = 100.0%)
1  ... 

Histogram: SafeBrowsing.V4Database.Size recorded 1 samples, mean = 0.0 (flags = 0x1)
0  -O                                                                        (1 = 100.0%)
1  ... 

Histogram: SafeBrowsing.V4Database.Size.ChromeExtMalware recorded 1 samples, mean = 0.0 (flags = 0x1)
0  -O                                                                        (1 = 100.0%)
1  ... 

Histogram: SafeBrowsing.V4Database.Size.UrlBilling recorded 1 samples, mean = 0.0 (flags = 0x1)
0  -O                                                                        (1 = 100.0%)
1  ... 

Histogram: SafeBrowsing.V4Database.Size.UrlCsdAllowlist recorded 1 samples, mean = 0.0 (flags = 0x1)
0  -O                                                                        (1 = 100.0%)
1  ... 

Histogram: SafeBrowsing.V4Database.Size.UrlCsdDownloadAllowlist recorded 1 samples, mean = 0.0 (flags = 0x1)
0  -O                                                                        (1 = 100.0%)
1  ... 

Histogram: SafeBrowsing.V4Database.Size.UrlHighConfidenceAllowlist recorded 1 samples, mean = 0.0 (flags = 0x1)
0  -O                                                                        (1 = 100.0%)
1  ... 

Histogram: SafeBrowsing.V4Database.Size.UrlMalBin recorded 1 samples, mean = 0.0 (flags = 0x1)
0  -O                                                                        (1 = 100.0%)
1  ... 

Histogram: SafeBrowsing.V4Database.Size.UrlMalware recorded 1 samples, mean = 0.0 (flags = 0x1)
0  -O                                                                        (1 = 100.0%)
1  ... 

Histogram: SafeBrowsing.V4Database.Size.UrlSoceng recorded 1 samples, mean = 0.0 (flags = 0x1)
0  -O                                                                        (1 = 100.0%)
1  ... 

Histogram: SafeBrowsing.V4Database.Size.UrlSubresourceFilter recorded 1 samples, mean = 0.0 (flags = 0x1)
0  -O                                                                        (1 = 100.0%)
1  ... 

Histogram: SafeBrowsing.V4Database.Size.UrlSuspiciousSite recorded 1 samples, mean = 0.0 (flags = 0x1)
0  -O                                                                        (1 = 100.0%)
1  ... 

Histogram: SafeBrowsing.V4Database.Size.UrlUws recorded 1 samples, mean = 0.0 (flags = 0x1)
0  -O                                                                        (1 = 100.0%)
1  ... 

Histogram: SafeBrowsing.V4Database.SizeLinear recorded 1 samples, mean = 0.0 (flags = 0x1)
0  -O                                                                        (1 = 100.0%)
1  ... 

Histogram: SafeBrowsing.V4Database.SizeLinear.ChromeExtMalware recorded 1 samples, mean = 0.0 (flags = 0x1)
0  -O                                                                        (1 = 100.0%)
1  ... 

Histogram: SafeBrowsing.V4Database.SizeLinear.UrlMalBin recorded 1 samples, mean = 0.0 (flags = 0x1)
0  -O                                                                        (1 = 100.0%)
1  ... 

Histogram: SafeBrowsing.V4Database.SizeLinear.UrlSoceng recorded 1 samples, mean = 0.0 (flags = 0x1)
0  -O                                                                        (1 = 100.0%)
1  ... 

Histogram: SafeBrowsing.V4DatabaseInitializationTime recorded 1 samples, mean = 72.0 (flags = 0x1)
0   ... 
68  -O                                                                        (1 = 100.0%) {0.0%}
81  ... 

Histogram: SafeBrowsing.V4Store.IsStoreValid recorded 11 samples, mean = 0.0 (flags = 0x1)
0  -----------O                                                              (11 = 100.0%)
1  ... 

Histogram: SafeBrowsing.V4Store.IsStoreValid.ChromeExtMalware recorded 1 samples, mean = 0.0 (flags = 0x1)
0  -O                                                                        (1 = 100.0%)
1  ... 

Histogram: SafeBrowsing.V4Store.IsStoreValid.UrlBilling recorded 1 samples, mean = 0.0 (flags = 0x1)
0  -O                                                                        (1 = 100.0%)
1  ... 

Histogram: SafeBrowsing.V4Store.IsStoreValid.UrlCsdAllowlist recorded 1 samples, mean = 0.0 (flags = 0x1)
0  -O                                                                        (1 = 100.0%)
1  ... 

Histogram: SafeBrowsing.V4Store.IsStoreValid.UrlCsdDownloadAllowlist recorded 1 samples, mean = 0.0 (flags = 0x1)
0  -O                                                                        (1 = 100.0%)
1  ... 

Histogram: SafeBrowsing.V4Store.IsStoreValid.UrlHighConfidenceAllowlist recorded 1 samples, mean = 0.0 (flags = 0x1)
0  -O                                                                        (1 = 100.0%)
1  ... 

Histogram: SafeBrowsing.V4Store.IsStoreValid.UrlMalBin recorded 1 samples, mean = 0.0 (flags = 0x1)
0  -O                                                                        (1 = 100.0%)
1  ... 

Histogram: SafeBrowsing.V4Store.IsStoreValid.UrlMalware recorded 1 samples, mean = 0.0 (flags = 0x1)
0  -O                                                                        (1 = 100.0%)
1  ... 

Histogram: SafeBrowsing.V4Store.IsStoreValid.UrlSoceng recorded 1 samples, mean = 0.0 (flags = 0x1)
0  -O                                                                        (1 = 100.0%)
1  ... 

Histogram: SafeBrowsing.V4Store.IsStoreValid.UrlSubresourceFilter recorded 1 samples, mean = 0.0 (flags = 0x1)
0  -O                                                                        (1 = 100.0%)
1  ... 

Histogram: SafeBrowsing.V4Store.IsStoreValid.UrlSuspiciousSite recorded 1 samples, mean = 0.0 (flags = 0x1)
0  -O                                                                        (1 = 100.0%)
1  ... 

Histogram: SafeBrowsing.V4Store.IsStoreValid.UrlUws recorded 1 samples, mean = 0.0 (flags = 0x1)
0  -O                                                                        (1 = 100.0%)
1  ... 

Histogram: SafeBrowsing.V4Store.ReadyOnStartup recorded 11 samples, mean = 0.0 (flags = 0x1)
0  -----------O                                                              (11 = 100.0%)
1  ... 

Histogram: SafeBrowsing.V4StoreRead.Result recorded 11 samples, mean = 2.0 (flags = 0x1)
0  ... 
2  -----------O                                                              (11 = 100.0%) {0.0%}
3  ... 

Histogram: SafeBrowsing.V4Update.NextUpdateInterval recorded 1 samples, mean = 117000.0 (flags = 0x1)
0       ... 
113994  -O                                                                        (1 = 100.0%) {0.0%}
144453  ... 

Histogram: SandboxedVfs.DbFile.CreateResult.ShaderCache recorded 1 samples, mean = 0.0 (flags = 0x1)
0  -O                                                                        (1 = 100.0%)
1  ... 

Histogram: SandboxedVfs.JournalFile.CreateResult.ShaderCache recorded 1 samples, mean = 0.0 (flags = 0x1)
0  -O                                                                        (1 = 100.0%)
1  ... 

Histogram: SandboxedVfs.WalJournalFile.CreateResult.ShaderCache recorded 1 samples, mean = 0.0 (flags = 0x1)
0  -O                                                                        (1 = 100.0%)
1  ... 

Histogram: Scheduling.MessagePumpTimeKeeper.BrowserIO recorded 0 samples (flags = 0x1)
0 ... 

Histogram: Scheduling.MessagePumpTimeKeeper.BrowserUI recorded 213 samples, mean = 5.0 (flags = 0x1)
0  ... 
5  ------------------------------------------------------------------------O (213 = 100.0%) {0.0%}
6  ... 

Histogram: Scheduling.ThreadController.ActiveIntervalDuration.Any.BrowserIO recorded 4 samples, mean = 0.0 (flags = 0x1)
0  ----O                                                                     (4 = 100.0%)
1  ... 

Histogram: Scheduling.ThreadController.ActiveIntervalDuration.Any.BrowserUI recorded 1 samples, mean = 0.0 (flags = 0x1)
0  -O                                                                        (1 = 100.0%)
1  ... 

Histogram: Scheduling.ThreadController.ActiveIntervalOffCpuDuration.Any.BrowserIO recorded 4 samples, mean = 0.0 (flags = 0x1)
0  ----O                                                                     (4 = 100.0%)
1  ... 

Histogram: Scheduling.ThreadController.ActiveIntervalOffCpuDuration.Any.BrowserUI recorded 1 samples, mean = 0.0 (flags = 0x1)
0  -O                                                                        (1 = 100.0%)
1  ... 

Histogram: Scheduling.ThreadController.ActiveIntervalOnCpuDuration.Any.BrowserIO recorded 4 samples, mean = 0.0 (flags = 0x1)
0  ----O                                                                     (4 = 100.0%)
1  ... 

Histogram: Scheduling.ThreadController.ActiveIntervalOnCpuDuration.Any.BrowserUI recorded 1 samples, mean = 0.0 (flags = 0x1)
0  -O                                                                        (1 = 100.0%)
1  ... 

Histogram: Scheduling.ThreadController.ActiveIntervalOnCpuPercentage.Any.BrowserIO recorded 4 samples, mean = 87.5 (flags = 0x1)
0   ... 
83  -O                                                                        (1 = 25.0%) {0.0%}
84  ... 
87  --O                                                                       (2 = 50.0%) {25.0%}
88  ... 
93  -O                                                                        (1 = 25.0%) {75.0%}
94  ... 

Histogram: Scheduling.ThreadController.ActiveIntervalOnCpuPercentage.Any.BrowserUI recorded 1 samples, mean = 100.0 (flags = 0x1)
0    ... 
100  -O                                                                        (1 = 100.0%) {0.0%}
101  O                                                                         (0 = 0.0%) {100.0%}

Histogram: Scheduling.ThreadController.ActiveIntervalOnCpuPercentage.Short.BrowserIO recorded 4 samples, mean = 87.5 (flags = 0x1)
0   ... 
83  -O                                                                        (1 = 25.0%) {0.0%}
84  ... 
87  --O                                                                       (2 = 50.0%) {25.0%}
88  ... 
93  -O                                                                        (1 = 25.0%) {75.0%}
94  ... 

Histogram: Scheduling.ThreadController.ActiveIntervalOnCpuPercentage.Short.BrowserUI recorded 1 samples, mean = 100.0 (flags = 0x1)
0    ... 
100  -O                                                                        (1 = 100.0%) {0.0%}
101  O                                                                         (0 = 0.0%) {100.0%}

Histogram: Scheduling.ThreadController.IdleDuration.Any.BrowserIO recorded 4 samples, mean = 0.2 (flags = 0x1)
0  ---O                                                                      (3 = 75.0%)
1  -O                                                                        (1 = 25.0%) {75.0%}
2  ... 

Histogram: Scheduling.ThreadController.IdleDuration.Any.BrowserUI recorded 1 samples, mean = 1.0 (flags = 0x1)
0  O                                                                         (0 = 0.0%)
1  -O                                                                        (1 = 100.0%) {0.0%}
2  ... 

Histogram: Scheduling.ThreadController.IdleDuration.Medium.BrowserIO recorded 1 samples, mean = 1.0 (flags = 0x1)
0  O                                                                         (0 = 0.0%)
1  -O                                                                        (1 = 100.0%) {0.0%}
2  ... 

Histogram: Scheduling.ThreadController.IdleDuration.Medium.BrowserUI recorded 1 samples, mean = 1.0 (flags = 0x1)
0  O                                                                         (0 = 0.0%)
1  -O                                                                        (1 = 100.0%) {0.0%}
2  ... 

Histogram: Search.ChoiceDebug.UnknownCountryIdStored recorded 1 samples, mean = 0.0 (flags = 0x1)
0  -O                                                                        (1 = 100.0%)
1  ... 

Histogram: Search.DefaultSearchEngineMirrorCheckOutcome recorded 1 samples, mean = 0.0 (flags = 0x1)
0  -O                                                                        (1 = 100.0%)
1  ... 

Histogram: Search.DefaultSearchEngineMirrored recorded 1 samples, mean = 1.0 (flags = 0x1)
0  O                                                                         (0 = 0.0%)
1  -O                                                                        (1 = 100.0%) {0.0%}
2  O                                                                         (0 = 0.0%) {100.0%}

Histogram: Search.DefaultSearchProviderType2 recorded 1 samples, mean = 14.0 (flags = 0x1)
0   ... 
14  -O                                                                        (1 = 100.0%) {0.0%}
15  ... 

Histogram: Search.DefaultSearchProviderType2.Fallback recorded 1 samples, mean = 14.0 (flags = 0x1)
0   ... 
14  -O                                                                        (1 = 100.0%) {0.0%}
15  ... 

Histogram: Search.Integrity.CrossDomainSearch recorded 1 samples, mean = 0.0 (flags = 0x1)
0  -O                                                                        (1 = 100.0%)
1  ... 

Histogram: Search.Integrity.CrossTldSearch recorded 1 samples, mean = 0.0 (flags = 0x1)
0  -O                                                                        (1 = 100.0%)
1  ... 

Histogram: Search.Integrity.CustomPopulatedDefault recorded 1 samples, mean = 0.0 (flags = 0x1)
0  -O                                                                        (1 = 100.0%)
1  ... 

Histogram: Search.Integrity.DuplicateKeyword recorded 1 samples, mean = 0.0 (flags = 0x1)
0  -O                                                                        (1 = 100.0%)
1  ... 

Histogram: Search.Integrity.ExtensionUrlSearch recorded 1 samples, mean = 0.0 (flags = 0x1)
0  -O                                                                        (1 = 100.0%)
1  ... 

Histogram: Search.Integrity.HasCustomSearchEngine recorded 1 samples, mean = 0.0 (flags = 0x1)
0  -O                                                                        (1 = 100.0%)
1  ... 

Histogram: Search.Integrity.IsDefaultCustomWithMatchingPolicyEngine recorded 1 samples, mean = 0.0 (flags = 0x1)
0  -O                                                                        (1 = 100.0%)
1  ... 

Histogram: Search.Integrity.IsDefaultEnforcedWithoutPolicy recorded 1 samples, mean = 0.0 (flags = 0x1)
0  -O                                                                        (1 = 100.0%)
1  ... 

Histogram: Search.Integrity.IsDefaultSearchEngineCustom recorded 1 samples, mean = 0.0 (flags = 0x1)
0  -O                                                                        (1 = 100.0%)
1  ... 

Histogram: Search.Integrity.ObfuscatedSearchUrl recorded 1 samples, mean = 0.0 (flags = 0x1)
0  -O                                                                        (1 = 100.0%)
1  ... 

Histogram: Search.KeywordTable.HashValidationStatus recorded 11 samples, mean = 0.0 (flags = 0x1)
0  -----------O                                                              (11 = 100.0%)
1  ... 

Histogram: Search.SearchProviderOverrideStatus recorded 2 samples, mean = 0.0 (flags = 0x1)
0  --O                                                                       (2 = 100.0%)
1  ... 

Histogram: Security.GwpAsan.Activated.Malloc.Browser recorded 1 samples, mean = 0.0 (flags = 0x1)
0  -O                                                                        (1 = 100.0%)
1  ... 

Histogram: Security.GwpAsan.Activated.PartitionAlloc.Browser recorded 1 samples, mean = 0.0 (flags = 0x1)
0  -O                                                                        (1 = 100.0%)
1  ... 

Histogram: Security.HttpsFirstMode.SettingEnabledAtStartup2 recorded 1 samples, mean = 0.0 (flags = 0x1)
0  -O                                                                        (1 = 100.0%)
1  ... 

Histogram: Security.HttpsFirstMode.SettingEnabledAtStartupDetailed recorded 1 samples, mean = 0.0 (flags = 0x1)
0  -O                                                                        (1 = 100.0%)
1  ... 

Histogram: Security.NavigationRequestSecurityLevel recorded 2 samples, mean = 2.5 (flags = 0x1)
0  O                                                                         (0 = 0.0%)
1  -O                                                                        (1 = 50.0%) {0.0%}
2  ... 
4  -O                                                                        (1 = 50.0%) {50.0%}
5  ... 

Histogram: Security.PageEndReason.NONE recorded 1 samples, mean = 6.0 (flags = 0x1)
0  ... 
6  -O                                                                        (1 = 100.0%) {0.0%}
7  ... 

Histogram: Security.PageEndReason.SafetyTip_None recorded 1 samples, mean = 6.0 (flags = 0x1)
0  ... 
6  -O                                                                        (1 = 100.0%) {0.0%}
7  ... 

Histogram: Security.SecurityLevel.OnCommit recorded 1 samples, mean = 0.0 (flags = 0x1)
0  -O                                                                        (1 = 100.0%)
1  ... 

Histogram: Security.SecurityLevel.OnComplete recorded 1 samples, mean = 0.0 (flags = 0x1)
0  -O                                                                        (1 = 100.0%)
1  ... 

Histogram: Security.SiteEngagement.NONE recorded 1 samples, mean = 15.0 (flags = 0x1)
0   ... 
15  -O                                                                        (1 = 100.0%) {0.0%}
16  ... 

Histogram: Security.TimeOnPage2.NONE recorded 1 samples, mean = 1863.0 (flags = 0x1)
0     ... 
1797  -O                                                                        (1 = 100.0%) {0.0%}
2074  ... 

Histogram: SegmentationPlatform.Database.StoreUkmEntry recorded 9 samples, mean = 0.0 (flags = 0x1)
0  ---------O                                                                (9 = 100.0%)
1  ... 

Histogram: SegmentationPlatform.Database.UpdateUrlForUkmSource recorded 7 samples, mean = 0.0 (flags = 0x1)
0  -------O                                                                  (7 = 100.0%)
1  ... 

Histogram: SegmentationPlatform.DefaultModelDelivery.Metadata.FeatureCount.ChromeLowUserEngagement recorded 1 samples, mean = 1.0 (flags = 0x1)
0  O                                                                         (0 = 0.0%)
1  -O                                                                        (1 = 100.0%) {0.0%}
2  ... 

Histogram: SegmentationPlatform.DefaultModelDelivery.Metadata.FeatureCount.ChromeUserEngagement recorded 1 samples, mean = 1.0 (flags = 0x1)
0  O                                                                         (0 = 0.0%)
1  -O                                                                        (1 = 100.0%) {0.0%}
2  ... 

Histogram: SegmentationPlatform.DefaultModelDelivery.Metadata.FeatureCount.ComposePromotion recorded 1 samples, mean = 1.0 (flags = 0x1)
0  O                                                                         (0 = 0.0%)
1  -O                                                                        (1 = 100.0%) {0.0%}
2  ... 

Histogram: SegmentationPlatform.DefaultModelDelivery.Metadata.FeatureCount.CrossDeviceUserSegment recorded 1 samples, mean = 4.0 (flags = 0x1)
0  ... 
4  -O                                                                        (1 = 100.0%) {0.0%}
5  ... 

Histogram: SegmentationPlatform.DefaultModelDelivery.Metadata.FeatureCount.DatabaseApiClients recorded 1 samples, mean = 3.0 (flags = 0x1)
0  ... 
3  -O                                                                        (1 = 100.0%) {0.0%}
4  ... 

Histogram: SegmentationPlatform.DefaultModelDelivery.Metadata.FeatureCount.DeviceSwitcher recorded 1 samples, mean = 1.0 (flags = 0x1)
0  O                                                                         (0 = 0.0%)
1  -O                                                                        (1 = 100.0%) {0.0%}
2  ... 

Histogram: SegmentationPlatform.DefaultModelDelivery.Metadata.FeatureCount.PasswordManagerUser recorded 1 samples, mean = 7.0 (flags = 0x1)
0  ... 
7  -O                                                                        (1 = 100.0%) {0.0%}
8  ... 

Histogram: SegmentationPlatform.DefaultModelDelivery.Metadata.FeatureCount.ResumeHeavyUserSegment recorded 1 samples, mean = 5.0 (flags = 0x1)
0  ... 
5  -O                                                                        (1 = 100.0%) {0.0%}
6  ... 

Histogram: SegmentationPlatform.DefaultModelDelivery.Metadata.FeatureCount.SearchUser recorded 1 samples, mean = 2.0 (flags = 0x1)
0  ... 
2  -O                                                                        (1 = 100.0%) {0.0%}
3  ... 

Histogram: SegmentationPlatform.DefaultModelDelivery.Metadata.FeatureCount.ShoppingUser recorded 1 samples, mean = 4.0 (flags = 0x1)
0  ... 
4  -O                                                                        (1 = 100.0%) {0.0%}
5  ... 

Histogram: SegmentationPlatform.DefaultModelDelivery.Metadata.FeatureCount.UrlVisitResumptionRanker recorded 1 samples, mean = 25.0 (flags = 0x1)
0   ... 
23  -O                                                                        (1 = 100.0%) {0.0%}
26  ... 

Histogram: SegmentationPlatform.DefaultModelDelivery.Metadata.Validation.Processed.ChromeLowUserEngagement recorded 1 samples, mean = 0.0 (flags = 0x1)
0  -O                                                                        (1 = 100.0%)
1  ... 

Histogram: SegmentationPlatform.DefaultModelDelivery.Metadata.Validation.Processed.ChromeUserEngagement recorded 1 samples, mean = 0.0 (flags = 0x1)
0  -O                                                                        (1 = 100.0%)
1  ... 

Histogram: SegmentationPlatform.DefaultModelDelivery.Metadata.Validation.Processed.ComposePromotion recorded 1 samples, mean = 0.0 (flags = 0x1)
0  -O                                                                        (1 = 100.0%)
1  ... 

Histogram: SegmentationPlatform.DefaultModelDelivery.Metadata.Validation.Processed.CrossDeviceUserSegment recorded 1 samples, mean = 0.0 (flags = 0x1)
0  -O                                                                        (1 = 100.0%)
1  ... 

Histogram: SegmentationPlatform.DefaultModelDelivery.Metadata.Validation.Processed.DatabaseApiClients recorded 1 samples, mean = 0.0 (flags = 0x1)
0  -O                                                                        (1 = 100.0%)
1  ... 

Histogram: SegmentationPlatform.DefaultModelDelivery.Metadata.Validation.Processed.DeviceSwitcher recorded 1 samples, mean = 0.0 (flags = 0x1)
0  -O                                                                        (1 = 100.0%)
1  ... 

Histogram: SegmentationPlatform.DefaultModelDelivery.Metadata.Validation.Processed.PasswordManagerUser recorded 1 samples, mean = 0.0 (flags = 0x1)
0  -O                                                                        (1 = 100.0%)
1  ... 

Histogram: SegmentationPlatform.DefaultModelDelivery.Metadata.Validation.Processed.ResumeHeavyUserSegment recorded 1 samples, mean = 0.0 (flags = 0x1)
0  -O                                                                        (1 = 100.0%)
1  ... 

Histogram: SegmentationPlatform.DefaultModelDelivery.Metadata.Validation.Processed.SearchUser recorded 1 samples, mean = 0.0 (flags = 0x1)
0  -O                                                                        (1 = 100.0%)
1  ... 

Histogram: SegmentationPlatform.DefaultModelDelivery.Metadata.Validation.Processed.ShoppingUser recorded 1 samples, mean = 0.0 (flags = 0x1)
0  -O                                                                        (1 = 100.0%)
1  ... 

Histogram: SegmentationPlatform.DefaultModelDelivery.Metadata.Validation.Processed.UrlVisitResumptionRanker recorded 1 samples, mean = 0.0 (flags = 0x1)
0  -O                                                                        (1 = 100.0%)
1  ... 

Histogram: SegmentationPlatform.DefaultModelDelivery.Received recorded 11 samples (flags = 0x1)
16    -O                                                                        (1 = 9.1%)
21    -O                                                                        (1 = 9.1%)
23    -O                                                                        (1 = 9.1%)
27    -O                                                                        (1 = 9.1%)
45    -O                                                                        (1 = 9.1%)
46    -O                                                                        (1 = 9.1%)
1001  -O                                                                        (1 = 9.1%)
1004  -O                                                                        (1 = 9.1%)
1007  -O                                                                        (1 = 9.1%)
1009  -O                                                                        (1 = 9.1%)
1014  -O                                                                        (1 = 9.1%)

Histogram: SegmentationPlatform.DefaultModelDelivery.SaveResult.ChromeLowUserEngagement recorded 1 samples, mean = 1.0 (flags = 0x1)
0  O                                                                         (0 = 0.0%)
1  -O                                                                        (1 = 100.0%) {0.0%}
2  O                                                                         (0 = 0.0%) {100.0%}

Histogram: SegmentationPlatform.DefaultModelDelivery.SaveResult.ChromeUserEngagement recorded 1 samples, mean = 1.0 (flags = 0x1)
0  O                                                                         (0 = 0.0%)
1  -O                                                                        (1 = 100.0%) {0.0%}
2  O                                                                         (0 = 0.0%) {100.0%}

Histogram: SegmentationPlatform.DefaultModelDelivery.SaveResult.ComposePromotion recorded 1 samples, mean = 1.0 (flags = 0x1)
0  O                                                                         (0 = 0.0%)
1  -O                                                                        (1 = 100.0%) {0.0%}
2  O                                                                         (0 = 0.0%) {100.0%}

Histogram: SegmentationPlatform.DefaultModelDelivery.SaveResult.CrossDeviceUserSegment recorded 1 samples, mean = 1.0 (flags = 0x1)
0  O                                                                         (0 = 0.0%)
1  -O                                                                        (1 = 100.0%) {0.0%}
2  O                                                                         (0 = 0.0%) {100.0%}

Histogram: SegmentationPlatform.DefaultModelDelivery.SaveResult.DatabaseApiClients recorded 1 samples, mean = 1.0 (flags = 0x1)
0  O                                                                         (0 = 0.0%)
1  -O                                                                        (1 = 100.0%) {0.0%}
2  O                                                                         (0 = 0.0%) {100.0%}

Histogram: SegmentationPlatform.DefaultModelDelivery.SaveResult.DeviceSwitcher recorded 1 samples, mean = 1.0 (flags = 0x1)
0  O                                                                         (0 = 0.0%)
1  -O                                                                        (1 = 100.0%) {0.0%}
2  O                                                                         (0 = 0.0%) {100.0%}

Histogram: SegmentationPlatform.DefaultModelDelivery.SaveResult.PasswordManagerUser recorded 1 samples, mean = 1.0 (flags = 0x1)
0  O                                                                         (0 = 0.0%)
1  -O                                                                        (1 = 100.0%) {0.0%}
2  O                                                                         (0 = 0.0%) {100.0%}

Histogram: SegmentationPlatform.DefaultModelDelivery.SaveResult.ResumeHeavyUserSegment recorded 1 samples, mean = 1.0 (flags = 0x1)
0  O                                                                         (0 = 0.0%)
1  -O                                                                        (1 = 100.0%) {0.0%}
2  O                                                                         (0 = 0.0%) {100.0%}

Histogram: SegmentationPlatform.DefaultModelDelivery.SaveResult.SearchUser recorded 1 samples, mean = 1.0 (flags = 0x1)
0  O                                                                         (0 = 0.0%)
1  -O                                                                        (1 = 100.0%) {0.0%}
2  O                                                                         (0 = 0.0%) {100.0%}

Histogram: SegmentationPlatform.DefaultModelDelivery.SaveResult.ShoppingUser recorded 1 samples, mean = 1.0 (flags = 0x1)
0  O                                                                         (0 = 0.0%)
1  -O                                                                        (1 = 100.0%) {0.0%}
2  O                                                                         (0 = 0.0%) {100.0%}

Histogram: SegmentationPlatform.DefaultModelDelivery.SaveResult.UrlVisitResumptionRanker recorded 1 samples, mean = 1.0 (flags = 0x1)
0  O                                                                         (0 = 0.0%)
1  -O                                                                        (1 = 100.0%) {0.0%}
2  O                                                                         (0 = 0.0%) {100.0%}

Histogram: SegmentationPlatform.DefaultModelDelivery.SegmentIdMatches.ChromeLowUserEngagement recorded 1 samples, mean = 1.0 (flags = 0x1)
0  O                                                                         (0 = 0.0%)
1  -O                                                                        (1 = 100.0%) {0.0%}
2  O                                                                         (0 = 0.0%) {100.0%}

Histogram: SegmentationPlatform.DefaultModelDelivery.SegmentIdMatches.ChromeUserEngagement recorded 1 samples, mean = 1.0 (flags = 0x1)
0  O                                                                         (0 = 0.0%)
1  -O                                                                        (1 = 100.0%) {0.0%}
2  O                                                                         (0 = 0.0%) {100.0%}

Histogram: SegmentationPlatform.DefaultModelDelivery.SegmentIdMatches.ComposePromotion recorded 1 samples, mean = 1.0 (flags = 0x1)
0  O                                                                         (0 = 0.0%)
1  -O                                                                        (1 = 100.0%) {0.0%}
2  O                                                                         (0 = 0.0%) {100.0%}

Histogram: SegmentationPlatform.DefaultModelDelivery.SegmentIdMatches.CrossDeviceUserSegment recorded 1 samples, mean = 1.0 (flags = 0x1)
0  O                                                                         (0 = 0.0%)
1  -O                                                                        (1 = 100.0%) {0.0%}
2  O                                                                         (0 = 0.0%) {100.0%}

Histogram: SegmentationPlatform.DefaultModelDelivery.SegmentIdMatches.DatabaseApiClients recorded 1 samples, mean = 1.0 (flags = 0x1)
0  O                                                                         (0 = 0.0%)
1  -O                                                                        (1 = 100.0%) {0.0%}
2  O                                                                         (0 = 0.0%) {100.0%}

Histogram: SegmentationPlatform.DefaultModelDelivery.SegmentIdMatches.DeviceSwitcher recorded 1 samples, mean = 1.0 (flags = 0x1)
0  O                                                                         (0 = 0.0%)
1  -O                                                                        (1 = 100.0%) {0.0%}
2  O                                                                         (0 = 0.0%) {100.0%}

Histogram: SegmentationPlatform.DefaultModelDelivery.SegmentIdMatches.PasswordManagerUser recorded 1 samples, mean = 1.0 (flags = 0x1)
0  O                                                                         (0 = 0.0%)
1  -O                                                                        (1 = 100.0%) {0.0%}
2  O                                                                         (0 = 0.0%) {100.0%}

Histogram: SegmentationPlatform.DefaultModelDelivery.SegmentIdMatches.ResumeHeavyUserSegment recorded 1 samples, mean = 1.0 (flags = 0x1)
0  O                                                                         (0 = 0.0%)
1  -O                                                                        (1 = 100.0%) {0.0%}
2  O                                                                         (0 = 0.0%) {100.0%}

Histogram: SegmentationPlatform.DefaultModelDelivery.SegmentIdMatches.SearchUser recorded 1 samples, mean = 1.0 (flags = 0x1)
0  O                                                                         (0 = 0.0%)
1  -O                                                                        (1 = 100.0%) {0.0%}
2  O                                                                         (0 = 0.0%) {100.0%}

Histogram: SegmentationPlatform.DefaultModelDelivery.SegmentIdMatches.ShoppingUser recorded 1 samples, mean = 1.0 (flags = 0x1)
0  O                                                                         (0 = 0.0%)
1  -O                                                                        (1 = 100.0%) {0.0%}
2  O                                                                         (0 = 0.0%) {100.0%}

Histogram: SegmentationPlatform.DefaultModelDelivery.SegmentIdMatches.UrlVisitResumptionRanker recorded 1 samples, mean = 1.0 (flags = 0x1)
0  O                                                                         (0 = 0.0%)
1  -O                                                                        (1 = 100.0%) {0.0%}
2  O                                                                         (0 = 0.0%) {100.0%}

Histogram: SegmentationPlatform.Init.CreationToInitializationLatency recorded 1 samples, mean = 117.0 (flags = 0x1)
0    ... 
107  -O                                                                        (1 = 100.0%) {0.0%}
136  ... 

Histogram: SegmentationPlatform.Init.ModelUpdatedTimeDifferenceInDays.ChromeLowUserEngagement recorded 1 samples, mean = 0.0 (flags = 0x1)
0  -O                                                                        (1 = 100.0%)
1  ... 

Histogram: SegmentationPlatform.Init.ModelUpdatedTimeDifferenceInDays.ChromeUserEngagement recorded 1 samples, mean = 0.0 (flags = 0x1)
0  -O                                                                        (1 = 100.0%)
1  ... 

Histogram: SegmentationPlatform.Init.ModelUpdatedTimeDifferenceInDays.ComposePromotion recorded 1 samples, mean = 0.0 (flags = 0x1)
0  -O                                                                        (1 = 100.0%)
1  ... 

Histogram: SegmentationPlatform.Init.ModelUpdatedTimeDifferenceInDays.CrossDeviceUserSegment recorded 1 samples, mean = 0.0 (flags = 0x1)
0  -O                                                                        (1 = 100.0%)
1  ... 

Histogram: SegmentationPlatform.Init.ModelUpdatedTimeDifferenceInDays.DatabaseApiClients recorded 1 samples, mean = 0.0 (flags = 0x1)
0  -O                                                                        (1 = 100.0%)
1  ... 

Histogram: SegmentationPlatform.Init.ModelUpdatedTimeDifferenceInDays.DeviceSwitcher recorded 1 samples, mean = 0.0 (flags = 0x1)
0  -O                                                                        (1 = 100.0%)
1  ... 

Histogram: SegmentationPlatform.Init.ModelUpdatedTimeDifferenceInDays.PasswordManagerUser recorded 1 samples, mean = 0.0 (flags = 0x1)
0  -O                                                                        (1 = 100.0%)
1  ... 

Histogram: SegmentationPlatform.Init.ModelUpdatedTimeDifferenceInDays.ResumeHeavyUserSegment recorded 1 samples, mean = 0.0 (flags = 0x1)
0  -O                                                                        (1 = 100.0%)
1  ... 

Histogram: SegmentationPlatform.Init.ModelUpdatedTimeDifferenceInDays.SearchUser recorded 1 samples, mean = 0.0 (flags = 0x1)
0  -O                                                                        (1 = 100.0%)
1  ... 

Histogram: SegmentationPlatform.Init.ModelUpdatedTimeDifferenceInDays.ShoppingUser recorded 1 samples, mean = 0.0 (flags = 0x1)
0  -O                                                                        (1 = 100.0%)
1  ... 

Histogram: SegmentationPlatform.Init.ModelUpdatedTimeDifferenceInDays.UrlVisitResumptionRanker recorded 1 samples, mean = 0.0 (flags = 0x1)
0  -O                                                                        (1 = 100.0%)
1  ... 

Histogram: SegmentationPlatform.Init.ProcessCreationToServiceCreationLatency recorded 1 samples, mean = 316051904.0 (flags = 0x1)
0       ... 
180000  -O                                                                        (1 = 100.0%) {0.0%}

Histogram: SegmentationPlatform.ModelAvailability.ChromeLowUserEngagement recorded 1 samples, mean = 0.0 (flags = 0x1)
0  -O                                                                        (1 = 100.0%)
1  ... 

Histogram: SegmentationPlatform.ModelAvailability.ComposePromotion recorded 1 samples, mean = 0.0 (flags = 0x1)
0  -O                                                                        (1 = 100.0%)
1  ... 

Histogram: SegmentationPlatform.ModelAvailability.DeviceSwitcher recorded 1 samples, mean = 0.0 (flags = 0x1)
0  -O                                                                        (1 = 100.0%)
1  ... 

Histogram: SegmentationPlatform.ModelAvailability.SearchUser recorded 1 samples, mean = 0.0 (flags = 0x1)
0  -O                                                                        (1 = 100.0%)
1  ... 

Histogram: SegmentationPlatform.ModelAvailability.ShoppingUser recorded 1 samples, mean = 0.0 (flags = 0x1)
0  -O                                                                        (1 = 100.0%)
1  ... 

Histogram: SegmentationPlatform.ModelAvailability.UrlVisitResumptionRanker recorded 1 samples, mean = 0.0 (flags = 0x1)
0  -O                                                                        (1 = 100.0%)
1  ... 

Histogram: SegmentationPlatform.SegmentInfoDatabase.ProtoDBUpdateResult.ChromeLowUserEngagement recorded 1 samples, mean = 1.0 (flags = 0x1)
0  O                                                                         (0 = 0.0%)
1  -O                                                                        (1 = 100.0%) {0.0%}
2  O                                                                         (0 = 0.0%) {100.0%}

Histogram: SegmentationPlatform.SegmentInfoDatabase.ProtoDBUpdateResult.ChromeUserEngagement recorded 1 samples, mean = 1.0 (flags = 0x1)
0  O                                                                         (0 = 0.0%)
1  -O                                                                        (1 = 100.0%) {0.0%}
2  O                                                                         (0 = 0.0%) {100.0%}

Histogram: SegmentationPlatform.SegmentInfoDatabase.ProtoDBUpdateResult.ComposePromotion recorded 1 samples, mean = 1.0 (flags = 0x1)
0  O                                                                         (0 = 0.0%)
1  -O                                                                        (1 = 100.0%) {0.0%}
2  O                                                                         (0 = 0.0%) {100.0%}

Histogram: SegmentationPlatform.SegmentInfoDatabase.ProtoDBUpdateResult.CrossDeviceUserSegment recorded 1 samples, mean = 1.0 (flags = 0x1)
0  O                                                                         (0 = 0.0%)
1  -O                                                                        (1 = 100.0%) {0.0%}
2  O                                                                         (0 = 0.0%) {100.0%}

Histogram: SegmentationPlatform.SegmentInfoDatabase.ProtoDBUpdateResult.DatabaseApiClients recorded 1 samples, mean = 1.0 (flags = 0x1)
0  O                                                                         (0 = 0.0%)
1  -O                                                                        (1 = 100.0%) {0.0%}
2  O                                                                         (0 = 0.0%) {100.0%}

Histogram: SegmentationPlatform.SegmentInfoDatabase.ProtoDBUpdateResult.DeviceSwitcher recorded 1 samples, mean = 1.0 (flags = 0x1)
0  O                                                                         (0 = 0.0%)
1  -O                                                                        (1 = 100.0%) {0.0%}
2  O                                                                         (0 = 0.0%) {100.0%}

Histogram: SegmentationPlatform.SegmentInfoDatabase.ProtoDBUpdateResult.PasswordManagerUser recorded 1 samples, mean = 1.0 (flags = 0x1)
0  O                                                                         (0 = 0.0%)
1  -O                                                                        (1 = 100.0%) {0.0%}
2  O                                                                         (0 = 0.0%) {100.0%}

Histogram: SegmentationPlatform.SegmentInfoDatabase.ProtoDBUpdateResult.ResumeHeavyUserSegment recorded 1 samples, mean = 1.0 (flags = 0x1)
0  O                                                                         (0 = 0.0%)
1  -O                                                                        (1 = 100.0%) {0.0%}
2  O                                                                         (0 = 0.0%) {100.0%}

Histogram: SegmentationPlatform.SegmentInfoDatabase.ProtoDBUpdateResult.SearchUser recorded 1 samples, mean = 1.0 (flags = 0x1)
0  O                                                                         (0 = 0.0%)
1  -O                                                                        (1 = 100.0%) {0.0%}
2  O                                                                         (0 = 0.0%) {100.0%}

Histogram: SegmentationPlatform.SegmentInfoDatabase.ProtoDBUpdateResult.ShoppingUser recorded 1 samples, mean = 1.0 (flags = 0x1)
0  O                                                                         (0 = 0.0%)
1  -O                                                                        (1 = 100.0%) {0.0%}
2  O                                                                         (0 = 0.0%) {100.0%}

Histogram: SegmentationPlatform.SegmentInfoDatabase.ProtoDBUpdateResult.UrlVisitResumptionRanker recorded 1 samples, mean = 1.0 (flags = 0x1)
0  O                                                                         (0 = 0.0%)
1  -O                                                                        (1 = 100.0%) {0.0%}
2  O                                                                         (0 = 0.0%) {100.0%}

Histogram: SegmentationPlatform.SelectionFailedReason.ChromeLowUserEngagement recorded 1 samples, mean = 17.0 (flags = 0x1)
0   ... 
17  -O                                                                        (1 = 100.0%) {0.0%}
18  ... 

Histogram: SegmentationPlatform.SelectionFailedReason.ChromeUserEngagement recorded 1 samples, mean = 17.0 (flags = 0x1)
0   ... 
17  -O                                                                        (1 = 100.0%) {0.0%}
18  ... 

Histogram: SegmentationPlatform.SelectionFailedReason.ComposePromotion recorded 1 samples, mean = 17.0 (flags = 0x1)
0   ... 
17  -O                                                                        (1 = 100.0%) {0.0%}
18  ... 

Histogram: SegmentationPlatform.SelectionFailedReason.CrossDeviceUser recorded 1 samples, mean = 17.0 (flags = 0x1)
0   ... 
17  -O                                                                        (1 = 100.0%) {0.0%}
18  ... 

Histogram: SegmentationPlatform.SelectionFailedReason.DatabaseApiClients recorded 1 samples, mean = 17.0 (flags = 0x1)
0   ... 
17  -O                                                                        (1 = 100.0%) {0.0%}
18  ... 

Histogram: SegmentationPlatform.SelectionFailedReason.DeviceSwitcher recorded 1 samples, mean = 17.0 (flags = 0x1)
0   ... 
17  -O                                                                        (1 = 100.0%) {0.0%}
18  ... 

Histogram: SegmentationPlatform.SelectionFailedReason.PasswordManagerUser recorded 1 samples, mean = 17.0 (flags = 0x1)
0   ... 
17  -O                                                                        (1 = 100.0%) {0.0%}
18  ... 

Histogram: SegmentationPlatform.SelectionFailedReason.ResumeHeavyUser recorded 1 samples, mean = 17.0 (flags = 0x1)
0   ... 
17  -O                                                                        (1 = 100.0%) {0.0%}
18  ... 

Histogram: SegmentationPlatform.SelectionFailedReason.SearchUser recorded 1 samples, mean = 17.0 (flags = 0x1)
0   ... 
17  -O                                                                        (1 = 100.0%) {0.0%}
18  ... 

Histogram: SegmentationPlatform.SelectionFailedReason.ShoppingUser recorded 1 samples, mean = 16.0 (flags = 0x1)
0   ... 
16  -O                                                                        (1 = 100.0%) {0.0%}
17  ... 

Histogram: SegmentationPlatform.SelectionFailedReason.URLVisitResumptionRanker recorded 1 samples, mean = 17.0 (flags = 0x1)
0   ... 
17  -O                                                                        (1 = 100.0%) {0.0%}
18  ... 

Histogram: SegmentationPlatform.Signals.ListeningCount.HistogramEnum recorded 1 samples, mean = 7.0 (flags = 0x1)
0  ... 
7  -O                                                                        (1 = 100.0%) {0.0%}
8  ... 

Histogram: SegmentationPlatform.Signals.ListeningCount.HistogramValue recorded 1 samples, mean = 7.0 (flags = 0x1)
0  ... 
7  -O                                                                        (1 = 100.0%) {0.0%}
8  ... 

Histogram: SegmentationPlatform.Signals.ListeningCount.UserAction recorded 1 samples, mean = 7.0 (flags = 0x1)
0  ... 
7  -O                                                                        (1 = 100.0%) {0.0%}
8  ... 

Histogram: SegmentationPlatform.SyncSessions.TabsCountAtStartup recorded 1 samples, mean = 0.0 (flags = 0x1)
0  -O                                                                        (1 = 100.0%)
1  ... 

Histogram: SegmentationPlatform.UkmDatabase.InitTime recorded 1 samples, mean = 1.0 (flags = 0x1)
0  O                                                                         (0 = 0.0%)
1  -O                                                                        (1 = 100.0%) {0.0%}
2  ... 

Histogram: ServiceWorker.Database.OpenResult recorded 1 samples, mean = 0.0 (flags = 0x1)
0  -O                                                                        (1 = 100.0%)
1  ... 

Histogram: ServiceWorker.Database.ReadResult recorded 13 samples, mean = 0.0 (flags = 0x1)
0  -------------O                                                            (13 = 100.0%)
1  ... 

Histogram: ServiceWorker.FindRegistrationForClientUrl.IsCalledForNavigation recorded 3 samples, mean = 0.0 (flags = 0x1)
0  ---O                                                                      (3 = 100.0%)
1  ... 

Histogram: ServiceWorker.OnBrowserStartup.SkipServiceWorkerOnFirstNavigation recorded 1 samples, mean = 1.0 (flags = 0x1)
0  O                                                                         (0 = 0.0%)
1  -O                                                                        (1 = 100.0%) {0.0%}
2  O                                                                         (0 = 0.0%) {100.0%}

Histogram: ServiceWorker.RegisteredStorageKeyCount recorded 1 samples, mean = 1.0 (flags = 0x1)
0  O                                                                         (0 = 0.0%)
1  -O                                                                        (1 = 100.0%) {0.0%}
2  ... 

Histogram: ServiceWorker.Storage.FindForClientUrlInDB.ScopeCountForStorageKey recorded 1 samples, mean = 1.0 (flags = 0x1)
0  O                                                                         (0 = 0.0%)
1  -O                                                                        (1 = 100.0%) {0.0%}
2  ... 

Histogram: ServiceWorker.Storage.FindForClientUrlInDB.Time recorded 1 samples, mean = 0.0 (flags = 0x1)
0  -O                                                                        (1 = 100.0%)
1  ... 

Histogram: ServiceWorker.Storage.ReadInitialDataFromDB.Time recorded 1 samples, mean = 6.0 (flags = 0x1)
0  ... 
6  -O                                                                        (1 = 100.0%) {0.0%}
8  ... 

Histogram: ServiceWorker.Storage.RegisteredStorageKeyCacheInitialization.Time2 recorded 1 samples, mean = 85.0 (flags = 0x1)
0   ... 
84  -O                                                                        (1 = 100.0%) {0.0%}
107 ... 

Histogram: Session.CommandStorageBackend.SessionRestore.Cleartext.AppendCommands.Truncate.Duration recorded 1 samples, mean = 1.0 (flags = 0x1)
0  O                                                                         (0 = 0.0%)
1  -O                                                                        (1 = 100.0%) {0.0%}
2  ... 

Histogram: Session.CommandStorageBackend.SessionRestore.Cleartext.AppendCommands.Truncate.FileSize recorded 1 samples, mean = 4226.0 (flags = 0x1)
0     ... 
3865  -O                                                                        (1 = 100.0%) {0.0%}
5362  ... 

Histogram: Session.CommandStorageBackend.SessionRestore.Cleartext.AppendCommands.Truncate.Status recorded 1 samples, mean = 1.0 (flags = 0x1)
0  O                                                                         (0 = 0.0%)
1  -O                                                                        (1 = 100.0%) {0.0%}
2  ... 

Histogram: Session.CommandStorageBackend.TabRestore.Cleartext.AppendCommands.Truncate.Duration recorded 1 samples, mean = 1.0 (flags = 0x1)
0  O                                                                         (0 = 0.0%)
1  -O                                                                        (1 = 100.0%) {0.0%}
2  ... 

Histogram: Session.CommandStorageBackend.TabRestore.Cleartext.AppendCommands.Truncate.FileSize recorded 1 samples, mean = 53604.0 (flags = 0x1)
0      ... 
53055  -O                                                                        (1 = 100.0%) {0.0%}
73609  ... 

Histogram: Session.CommandStorageBackend.TabRestore.Cleartext.AppendCommands.Truncate.Status recorded 1 samples, mean = 1.0 (flags = 0x1)
0  O                                                                         (0 = 0.0%)
1  -O                                                                        (1 = 100.0%) {0.0%}
2  ... 

Histogram: Session.CommandStorageBackend.TabRestore.Cleartext.ReadLastSessionCommands.Duration recorded 1 samples, mean = 1.0 (flags = 0x1)
0  O                                                                         (0 = 0.0%)
1  -O                                                                        (1 = 100.0%) {0.0%}
2  ... 

Histogram: Session.CommandStorageBackend.TabRestore.Cleartext.ReadLastSessionCommands.Status recorded 1 samples, mean = 1.0 (flags = 0x1)
0  O                                                                         (0 = 0.0%)
1  -O                                                                        (1 = 100.0%) {0.0%}
2  ... 

Histogram: Settings.FirstPartySets.State recorded 1 samples, mean = 0.0 (flags = 0x1)
0  -O                                                                        (1 = 100.0%)
1  ... 

Histogram: Settings.PreloadStatus.OnStartup3 recorded 1 samples, mean = 1.0 (flags = 0x1)
0  O                                                                         (0 = 0.0%)
1  -O                                                                        (1 = 100.0%) {0.0%}
2  ... 

Histogram: Settings.PrivacySandbox.AdMeasurement.Enabled recorded 1 samples, mean = 0.0 (flags = 0x1)
0  -O                                                                        (1 = 100.0%)
1  ... 

Histogram: Settings.PrivacySandbox.AdMeasurement.EnabledForProfile recorded 1 samples, mean = 1.0 (flags = 0x1)
0  O                                                                         (0 = 0.0%)
1  -O                                                                        (1 = 100.0%) {0.0%}
2  ... 

Histogram: Settings.PrivacySandbox.Fledge.Enabled recorded 1 samples, mean = 0.0 (flags = 0x1)
0  -O                                                                        (1 = 100.0%)
1  ... 

Histogram: Settings.PrivacySandbox.Fledge.EnabledForProfile recorded 1 samples, mean = 1.0 (flags = 0x1)
0  O                                                                         (0 = 0.0%)
1  -O                                                                        (1 = 100.0%) {0.0%}
2  ... 

Histogram: Settings.PrivacySandbox.Topics.Enabled recorded 1 samples, mean = 0.0 (flags = 0x1)
0  -O                                                                        (1 = 100.0%)
1  ... 

Histogram: Settings.PrivacySandbox.Topics.EnabledForProfile recorded 1 samples, mean = 1.0 (flags = 0x1)
0  O                                                                         (0 = 0.0%)
1  -O                                                                        (1 = 100.0%) {0.0%}
2  ... 

Histogram: Settings.StartupPageLoadSettings2 recorded 1 samples, mean = 5.0 (flags = 0x1)
0  ... 
5  -O                                                                        (1 = 100.0%) {0.0%}
6  ... 

Histogram: Settings.TrackedPreferenceResets.Count recorded 2 samples, mean = 0.0 (flags = 0x1)
0  --O                                                                       (2 = 100.0%)
1  ... 

Histogram: Settings.TrackedPreferenceSuperEncryptedHashResult recorded 4 samples, mean = 1.5 (flags = 0x1)
0  O                                                                         (0 = 0.0%)
1  --O                                                                       (2 = 50.0%) {0.0%}
2  --O                                                                       (2 = 50.0%) {50.0%}
3  O                                                                         (0 = 0.0%) {100.0%}

Histogram: Settings.TrackedPreferenceUnchanged recorded 27 samples, mean = 15.9 (flags = 0x1)
0   --O                                                                       (2 = 7.4%)
1   --O                                                                       (2 = 7.4%) {7.4%}
2   --O                                                                       (2 = 7.4%) {14.8%}
3   --O                                                                       (2 = 7.4%) {22.2%}
4   --O                                                                       (2 = 7.4%) {29.6%}
5   -O                                                                        (1 = 3.7%) {37.0%}
6   -O                                                                        (1 = 3.7%) {40.7%}
7   -O                                                                        (1 = 3.7%) {44.4%}
8   ... 
11  -O                                                                        (1 = 3.7%) {48.1%}
12  ... 
14  -O                                                                        (1 = 3.7%) {51.9%}
15  -O                                                                        (1 = 3.7%) {55.6%}
16  ... 
18  -O                                                                        (1 = 3.7%) {59.3%}
19  ... 
23  -O                                                                        (1 = 3.7%) {63.0%}
24  ... 
29  -O                                                                        (1 = 3.7%) {66.7%}
30  ... 
32  -O                                                                        (1 = 3.7%) {70.4%}
33  -O                                                                        (1 = 3.7%) {74.1%}
34  -O                                                                        (1 = 3.7%) {77.8%}
35  --O                                                                       (2 = 7.4%) {81.5%}
36  -O                                                                        (1 = 3.7%) {88.9%}
37  -O                                                                        (1 = 3.7%) {92.6%}
38  -O                                                                        (1 = 3.7%) {96.3%}
39  O                                                                         (0 = 0.0%) {100.0%}

Histogram: Settings.TrackedPreferenceUnchanged.FromRegistry recorded 27 samples, mean = 15.9 (flags = 0x1)
0   --O                                                                       (2 = 7.4%)
1   --O                                                                       (2 = 7.4%) {7.4%}
2   --O                                                                       (2 = 7.4%) {14.8%}
3   --O                                                                       (2 = 7.4%) {22.2%}
4   --O                                                                       (2 = 7.4%) {29.6%}
5   -O                                                                        (1 = 3.7%) {37.0%}
6   -O                                                                        (1 = 3.7%) {40.7%}
7   -O                                                                        (1 = 3.7%) {44.4%}
8   ... 
11  -O                                                                        (1 = 3.7%) {48.1%}
12  ... 
14  -O                                                                        (1 = 3.7%) {51.9%}
15  -O                                                                        (1 = 3.7%) {55.6%}
16  ... 
18  -O                                                                        (1 = 3.7%) {59.3%}
19  ... 
23  -O                                                                        (1 = 3.7%) {63.0%}
24  ... 
29  -O                                                                        (1 = 3.7%) {66.7%}
30  ... 
32  -O                                                                        (1 = 3.7%) {70.4%}
33  -O                                                                        (1 = 3.7%) {74.1%}
34  -O                                                                        (1 = 3.7%) {77.8%}
35  --O                                                                       (2 = 7.4%) {81.5%}
36  -O                                                                        (1 = 3.7%) {88.9%}
37  -O                                                                        (1 = 3.7%) {92.6%}
38  -O                                                                        (1 = 3.7%) {96.3%}
39  O                                                                         (0 = 0.0%) {100.0%}

Histogram: Settings.TrackedPreferenceUnchangedEncrypted recorded 21 samples, mean = 18.2 (flags = 0x1)
0   -O                                                                        (1 = 4.8%)
1   -O                                                                        (1 = 4.8%) {4.8%}
2   -O                                                                        (1 = 4.8%) {9.5%}
3   -O                                                                        (1 = 4.8%) {14.3%}
4   -O                                                                        (1 = 4.8%) {19.0%}
5   -O                                                                        (1 = 4.8%) {23.8%}
6   -O                                                                        (1 = 4.8%) {28.6%}
7   -O                                                                        (1 = 4.8%) {33.3%}
8   ... 
11  -O                                                                        (1 = 4.8%) {38.1%}
12  ... 
14  -O                                                                        (1 = 4.8%) {42.9%}
15  -O                                                                        (1 = 4.8%) {47.6%}
16  ... 
18  -O                                                                        (1 = 4.8%) {52.4%}
19  ... 
23  -O                                                                        (1 = 4.8%) {57.1%}
24  ... 
29  -O                                                                        (1 = 4.8%) {61.9%}
30  ... 
32  -O                                                                        (1 = 4.8%) {66.7%}
33  -O                                                                        (1 = 4.8%) {71.4%}
34  -O                                                                        (1 = 4.8%) {76.2%}
35  -O                                                                        (1 = 4.8%) {81.0%}
36  -O                                                                        (1 = 4.8%) {85.7%}
37  -O                                                                        (1 = 4.8%) {90.5%}
38  -O                                                                        (1 = 4.8%) {95.2%}
39  O                                                                         (0 = 0.0%) {100.0%}

Histogram: Settings.TrackingProtection.Enabled recorded 1 samples, mean = 0.0 (flags = 0x1)
0  -O                                                                        (1 = 100.0%)
1  ... 

Histogram: Signin.APIKeyMatchesFeatureOnStartup recorded 1 samples, mean = 0.0 (flags = 0x1)
0  -O                                                                        (1 = 100.0%)
1  ... 

Histogram: Signin.AccountTracker.CountOfLoadedAccounts recorded 1 samples, mean = 0.0 (flags = 0x1)
0  -O                                                                        (1 = 100.0%)
1  ... 

Histogram: Signin.BoundSessionCredentials.SessionCountOnInit recorded 1 samples, mean = 0.0 (flags = 0x1)
0  -O                                                                        (1 = 100.0%)
1  ... 

Histogram: Signin.DiceMigration.ForceMigrated recorded 1 samples, mean = 0.0 (flags = 0x1)
0  -O                                                                        (1 = 100.0%)
1  ... 

Histogram: Signin.ListAccountsFailure recorded 1 samples, mean = 0.0 (flags = 0x1)
0  -O                                                                        (1 = 100.0%)
1  ... 

Histogram: Signin.PAMInitialize.PrimaryAccountPrefs recorded 1 samples, mean = 2.0 (flags = 0x1)
0  ... 
2  -O                                                                        (1 = 100.0%) {0.0%}
3  ... 

Histogram: Signin.Reconciler.Duration.UpTo3mins.Success recorded 2 samples, mean = 138.0 (flags = 0x1)
0    -O                                                                        (1 = 50.0%)
1    ... 
264  -O                                                                        (1 = 50.0%) {50.0%}
295  ... 

Histogram: Signin.Reconciler.Operation recorded 2 samples, mean = 0.0 (flags = 0x1)
0  --O                                                                       (2 = 100.0%)
1  ... 

Histogram: Signin.Reconciler.Trigger.Noop recorded 2 samples, mean = 3.0 (flags = 0x1)
0  O                                                                         (0 = 0.0%)
1  -O                                                                        (1 = 50.0%) {0.0%}
2  ... 
5  -O                                                                        (1 = 50.0%) {50.0%}
6  ... 

Histogram: Signin.ReencryptTokensInDb recorded 1 samples, mean = 0.0 (flags = 0x1)
0  -O                                                                        (1 = 100.0%)
1  ... 

Histogram: Signin.SigninAllowed recorded 1 samples, mean = 1.0 (flags = 0x1)
0  O                                                                         (0 = 0.0%)
1  -O                                                                        (1 = 100.0%) {0.0%}
2  O                                                                         (0 = 0.0%) {100.0%}

Histogram: Signin.TokenBinding.BoundTokenPrevalence recorded 1 samples, mean = 0.0 (flags = 0x1)
0  -O                                                                        (1 = 100.0%)
1  ... 

Histogram: Signin.TokenTable.GetAllTokensSqlStatementValidity recorded 1 samples, mean = 1.0 (flags = 0x1)
0  O                                                                         (0 = 0.0%)
1  -O                                                                        (1 = 100.0%) {0.0%}
2  O                                                                         (0 = 0.0%) {100.0%}

Histogram: SimpleCache.Code.CacheSizeOnInit2 recorded 1 samples, mean = 17.0 (flags = 0x1)
0   ... 
17  -O                                                                        (1 = 100.0%) {0.0%}
18  ... 

Histogram: SimpleCache.Code.ConsistencyResult2 recorded 1 samples, mean = 13.0 (flags = 0x1)
0   ... 
13  -O                                                                        (1 = 100.0%) {0.0%}
14  ... 

Histogram: SimpleCache.Code.CreationToIndex recorded 1 samples, mean = 1.0 (flags = 0x1)
0  O                                                                         (0 = 0.0%)
1  -O                                                                        (1 = 100.0%) {0.0%}
2  ... 

Histogram: SimpleCache.Code.DiskCloseLatency recorded 15 samples, mean = 0.0 (flags = 0x1)
0  ---------------O                                                          (15 = 100.0%)
1  ... 

Histogram: SimpleCache.Code.DiskCreateLatency recorded 3 samples, mean = 0.0
0  ---O                                                                      (3 = 100.0%)
1  ... 

Histogram: SimpleCache.Code.DiskOpenLatency recorded 12 samples, mean = 0.0 (flags = 0x1)
0  ------------O                                                             (12 = 100.0%)
1  ... 

Histogram: SimpleCache.Code.DiskWriteLatency recorded 4 samples, mean = 0.5 (flags = 0x1)
0  ---O                                                                      (3 = 75.0%)
1  O                                                                         (0 = 0.0%) {75.0%}
2  -O                                                                        (1 = 25.0%) {75.0%}
3  ... 

Histogram: SimpleCache.Code.EntryCreationTime recorded 15 samples, mean = 0.1 (flags = 0x1)
0  --------------O                                                           (14 = 93.3%)
1  -O                                                                        (1 = 6.7%) {93.3%}
2  ... 

Histogram: SimpleCache.Code.HeaderSize recorded 9 samples, mean = 438.2 (flags = 0x1)
0     ---O                                                                      (3 = 33.3%)
1     ... 
68    ---O                                                                      (3 = 33.3%) {33.3%}
81    ... 
533   -O                                                                        (1 = 11.1%) {66.7%}
633   -O                                                                        (1 = 11.1%) {77.8%}
752   ... 
2117  -O                                                                        (1 = 11.1%) {88.9%}
2516  ... 

Histogram: SimpleCache.Code.IndexFileStateOnLoad recorded 1 samples, mean = 2.0 (flags = 0x1)
0  ... 
2  -O                                                                        (1 = 100.0%) {0.0%}
3  ... 

Histogram: SimpleCache.Code.IndexInitializeMethod recorded 1 samples, mean = 1.0 (flags = 0x1)
0  O                                                                         (0 = 0.0%)
1  -O                                                                        (1 = 100.0%) {0.0%}
2  ... 

Histogram: SimpleCache.Code.IndexNumEntriesOnInit2 recorded 1 samples, mean = 13.0 (flags = 0x1)
0   ... 
12  -O                                                                        (1 = 100.0%) {0.0%}
16  ... 

Histogram: SimpleCache.Code.IndexWriteResult recorded 1 samples, mean = 0.0 (flags = 0x1)
0  -O                                                                        (1 = 100.0%)
1  ... 

Histogram: SimpleCache.Code.MaxCacheSizeOnInit2 recorded 1 samples, mean = 320.0 (flags = 0x1)
0    ... 
316  -O                                                                        (1 = 100.0%) {0.0%}
338  ... 

Histogram: SimpleCache.Code.OpenEntryIndexState recorded 23 samples, mean = 1.5 (flags = 0x1)
0  O                                                                         (0 = 0.0%)
1  -----------O                                                              (11 = 47.8%) {0.0%}
2  ------------O                                                             (12 = 52.2%) {47.8%}
3  O                                                                         (0 = 0.0%) {100.0%}

Histogram: SimpleCache.Code.SyncCheckEOFResult recorded 13 samples, mean = 0.0
0  -------------O                                                            (13 = 100.0%)
1  ... 

Histogram: SimpleCache.Code.SyncCloseResult recorded 15 samples, mean = 0.0
0  ---------------O                                                          (15 = 100.0%)
1  ... 

Histogram: SimpleCache.Code.SyncOpenResult recorded 12 samples, mean = 0.0
0  ------------O                                                             (12 = 100.0%)
1  ... 

Histogram: SimpleCache.Code.SyncWriteResult recorded 4 samples, mean = 0.0
0  ----O                                                                     (4 = 100.0%)
1  ... 

Histogram: SiteEngagementService.EngagementType recorded 3 samples, mean = 0.0 (flags = 0x1)
0  ---O                                                                      (3 = 100.0%)
1  ... 

Histogram: SiteIsolatedCodeCache.DataSize recorded 6 samples, mean = 778.7 (flags = 0x1)
0     ... 
23    -----O                                                                    (5 = 83.3%) {0.0%}
27    ... 
4375  -O                                                                        (1 = 16.7%) {83.3%}
5107  ... 

Histogram: SiteIsolatedCodeCache.JS.Behaviour recorded 23 samples, mean = 1.7 (flags = 0x1)
0  ------O                                                                   (6 = 26.1%)
1  --------O                                                                 (8 = 34.8%) {26.1%}
2  O                                                                         (0 = 0.0%) {60.9%}
3  ------O                                                                   (6 = 26.1%) {60.9%}
4  ---O                                                                      (3 = 13.0%) {87.0%}
5  ... 

Histogram: SiteIsolatedCodeCache.WASM.Behaviour recorded 1 samples, mean = 1.0 (flags = 0x1)
0  O                                                                         (0 = 0.0%)
1  -O                                                                        (1 = 100.0%) {0.0%}
2  ... 

Histogram: SiteIsolation.BrowsingInstance.MaxCountPerProcess recorded 5 samples, mean = 1.0 (flags = 0x1)
0  -O                                                                        (1 = 20.0%)
1  ---O                                                                      (3 = 60.0%) {20.0%}
2  -O                                                                        (1 = 20.0%) {80.0%}
3  ... 

Histogram: SiteIsolation.CreateOpenerProxiesTime recorded 6 samples, mean = 42.2 (flags = 0x1)
0    O                                                                         (0 = 0.0%)
1    -O                                                                        (1 = 16.7%) {0.0%}
2    ----O                                                                     (4 = 66.7%) {16.7%}
3    ... 
203  -O                                                                        (1 = 16.7%) {83.3%}
282  ... 

Histogram: SiteIsolation.IsSitePerProcessOrStricter recorded 1 samples, mean = 1.0 (flags = 0x1)
0  O                                                                         (0 = 0.0%)
1  -O                                                                        (1 = 100.0%) {0.0%}
2  O                                                                         (0 = 0.0%) {100.0%}

Histogram: SiteIsolation.MainFrameProcessReuse.BlockReason2 recorded 4 samples, mean = 4.2 (flags = 0x1)
0  ... 
2  -O                                                                        (1 = 25.0%) {0.0%}
3  ... 
5  ---O                                                                      (3 = 75.0%) {25.0%}
6  ... 

Histogram: SiteIsolation.MissedReuseOpportunity.Found.Subframe recorded 1 samples, mean = 0.0 (flags = 0x1)
0  -O                                                                        (1 = 100.0%)
1  ... 

Histogram: Sql.Database.DatabaseOpenTime.Affiliation recorded 1 samples, mean = 773.0 (flags = 0x1)
0    ... 
772  -O                                                                        (1 = 100.0%) {0.0%}
918  ... 

Histogram: Sql.Database.DatabaseOpenTime.History recorded 1 samples, mean = 1109.0 (flags = 0x1)
0     ... 
1092  -O                                                                        (1 = 100.0%) {0.0%}
1299  ... 

Histogram: Sql.Database.DatabaseOpenTime.Passwords recorded 2 samples, mean = 1306.0 (flags = 0x1)
0     ... 
1092  -O                                                                        (1 = 50.0%) {0.0%}
1299  -O                                                                        (1 = 50.0%) {50.0%}
1545  ... 

Histogram: Sql.Database.DatabaseOpenTime.Quota recorded 1 samples, mean = 688.0 (flags = 0x1)
0    ... 
649  -O                                                                        (1 = 100.0%) {0.0%}
772  ... 

Histogram: Sql.Database.DatabaseOpenTime.ServerCertificate recorded 1 samples, mean = 673.0 (flags = 0x1)
0    ... 
649  -O                                                                        (1 = 100.0%) {0.0%}
772  ... 

Histogram: Sql.Database.DatabaseOpenTime.Thumbnail recorded 1 samples, mean = 736.0 (flags = 0x1)
0    ... 
649  -O                                                                        (1 = 100.0%) {0.0%}
772  ... 

Histogram: Sql.Database.DatabaseOpenTime.TopSites recorded 1 samples, mean = 482.0 (flags = 0x1)
0    ... 
459  -O                                                                        (1 = 100.0%) {0.0%}
546  ... 

Histogram: Sql.Database.DatabaseOpenTime.UKMMetrics recorded 1 samples, mean = 1160.0 (flags = 0x1)
0     ... 
1092  -O                                                                        (1 = 100.0%) {0.0%}
1299  ... 

Histogram: Sql.Database.DatabaseOpenTime.Web recorded 2 samples, mean = 1621.5 (flags = 0x1)
0     ... 
1092  -O                                                                        (1 = 50.0%) {0.0%}
1299  ... 
1837  -O                                                                        (1 = 50.0%) {50.0%}
2184  ... 

Histogram: Sql.Database.Success.OpenInternalTime.Affiliation recorded 1 samples, mean = 765.0 (flags = 0x1)
0    ... 
649  -O                                                                        (1 = 100.0%) {0.0%}
772  ... 

Histogram: Sql.Database.Success.OpenInternalTime.History recorded 1 samples, mean = 1087.0 (flags = 0x1)
0    ... 
918  -O                                                                        (1 = 100.0%) {0.0%}
1092 ... 

Histogram: Sql.Database.Success.OpenInternalTime.HistoryInMemoryDB recorded 1 samples, mean = 144.0 (flags = 0x1)
0    ... 
136  -O                                                                        (1 = 100.0%) {0.0%}
162  ... 

Histogram: Sql.Database.Success.OpenInternalTime.Passwords recorded 2 samples, mean = 1299.5 (flags = 0x1)
0     ... 
1092  -O                                                                        (1 = 50.0%) {0.0%}
1299  -O                                                                        (1 = 50.0%) {50.0%}
1545  ... 

Histogram: Sql.Database.Success.OpenInternalTime.Quota recorded 1 samples, mean = 676.0 (flags = 0x1)
0    ... 
649  -O                                                                        (1 = 100.0%) {0.0%}
772  ... 

Histogram: Sql.Database.Success.OpenInternalTime.ServerCertificate recorded 1 samples, mean = 664.0 (flags = 0x1)
0    ... 
649  -O                                                                        (1 = 100.0%) {0.0%}
772  ... 

Histogram: Sql.Database.Success.OpenInternalTime.Thumbnail recorded 1 samples, mean = 726.0 (flags = 0x1)
0    ... 
649  -O                                                                        (1 = 100.0%) {0.0%}
772  ... 

Histogram: Sql.Database.Success.OpenInternalTime.TopSites recorded 1 samples, mean = 474.0 (flags = 0x1)
0    ... 
459  -O                                                                        (1 = 100.0%) {0.0%}
546  ... 

Histogram: Sql.Database.Success.OpenInternalTime.UKMMetrics recorded 1 samples, mean = 1152.0 (flags = 0x1)
0     ... 
1092  -O                                                                        (1 = 100.0%) {0.0%}
1299  ... 

Histogram: Sql.Database.Success.OpenInternalTime.Web recorded 2 samples, mean = 1616.5 (flags = 0x1)
0     ... 
1092  -O                                                                        (1 = 50.0%) {0.0%}
1299  ... 
1837  -O                                                                        (1 = 50.0%) {50.0%}
2184  ... 

Histogram: Sql.Database.Success.SqliteOpenTime.Affiliation recorded 1 samples, mean = 401.0 (flags = 0x1)
0    ... 
386  -O                                                                        (1 = 100.0%) {0.0%}
459  ... 

Histogram: Sql.Database.Success.SqliteOpenTime.History recorded 1 samples, mean = 373.0 (flags = 0x1)
0    ... 
325  -O                                                                        (1 = 100.0%) {0.0%}
386  ... 

Histogram: Sql.Database.Success.SqliteOpenTime.HistoryInMemoryDB recorded 1 samples, mean = 21.0 (flags = 0x1)
0   ... 
20  -O                                                                        (1 = 100.0%) {0.0%}
24  ... 

Histogram: Sql.Database.Success.SqliteOpenTime.Passwords recorded 2 samples, mean = 427.0 (flags = 0x1)
0    ... 
386  --O                                                                       (2 = 100.0%) {0.0%}
459  ... 

Histogram: Sql.Database.Success.SqliteOpenTime.Quota recorded 1 samples, mean = 360.0 (flags = 0x1)
0    ... 
325  -O                                                                        (1 = 100.0%) {0.0%}
386  ... 

Histogram: Sql.Database.Success.SqliteOpenTime.ServerCertificate recorded 1 samples, mean = 340.0 (flags = 0x1)
0    ... 
325  -O                                                                        (1 = 100.0%) {0.0%}
386  ... 

Histogram: Sql.Database.Success.SqliteOpenTime.Thumbnail recorded 1 samples, mean = 401.0 (flags = 0x1)
0    ... 
386  -O                                                                        (1 = 100.0%) {0.0%}
459  ... 

Histogram: Sql.Database.Success.SqliteOpenTime.TopSites recorded 1 samples, mean = 253.0 (flags = 0x1)
0    ... 
230  -O                                                                        (1 = 100.0%) {0.0%}
273  ... 

Histogram: Sql.Database.Success.SqliteOpenTime.UKMMetrics recorded 1 samples, mean = 395.0 (flags = 0x1)
0    ... 
386  -O                                                                        (1 = 100.0%) {0.0%}
459  ... 

Histogram: Sql.Database.Success.SqliteOpenTime.Web recorded 2 samples, mean = 589.5 (flags = 0x1)
0    ... 
386  -O                                                                        (1 = 50.0%) {0.0%}
459  ... 
649  -O                                                                        (1 = 50.0%) {50.0%}
772  ... 

Histogram: Sql.Statement.Affiliation.VMSteps recorded 11 samples, mean = 18.3 (flags = 0x1)
0   ... 
3   --O                                                                       (2 = 18.2%) {0.0%}
4   O                                                                         (0 = 0.0%) {18.2%}
5   -O                                                                        (1 = 9.1%) {18.2%}
6   -O                                                                        (1 = 9.1%) {27.3%}
7   ... 
12  ---O                                                                      (3 = 27.3%) {36.4%}
14  ... 
20  -O                                                                        (1 = 9.1%) {63.6%}
24  O                                                                         (0 = 0.0%) {72.7%}
29  -O                                                                        (1 = 9.1%) {72.7%}
34  O                                                                         (0 = 0.0%) {81.8%}
40  -O                                                                        (1 = 9.1%) {81.8%}
48  -O                                                                        (1 = 9.1%) {90.9%}
57  ... 

Histogram: Sql.Statement.ExecutionTime.Affiliation recorded 11 samples, mean = 9.7 (flags = 0x1)
0   ---O                                                                      (3 = 27.3%)
1   ... 
3   ---O                                                                      (3 = 27.3%) {27.3%}
4   -O                                                                        (1 = 9.1%) {54.5%}
5   ... 
12  -O                                                                        (1 = 9.1%) {63.6%}
14  -O                                                                        (1 = 9.1%) {72.7%}
17  O                                                                         (0 = 0.0%) {81.8%}
20  -O                                                                        (1 = 9.1%) {81.8%}
24  ... 
40  -O                                                                        (1 = 9.1%) {90.9%}
48  ... 

Histogram: Sql.Statement.ExecutionTime.History recorded 81 samples, mean = 214.5 (flags = 0x1)
0      -O                                                                        (1 = 1.2%)
1      --------O                                                                 (8 = 9.9%) {1.2%}
2      --------O                                                                 (8 = 9.9%) {11.1%}
3      --------O                                                                 (8 = 9.9%) {21.0%}
4      -----O                                                                    (5 = 6.2%) {30.9%}
5      ---------O                                                                (9 = 11.1%) {37.0%}
6      ------O                                                                   (6 = 7.4%) {48.1%}
7      --O                                                                       (2 = 2.5%) {55.6%}
8      -----O                                                                    (5 = 6.2%) {58.0%}
10     --O                                                                       (2 = 2.5%) {64.2%}
12     ---O                                                                      (3 = 3.7%) {66.7%}
14     --O                                                                       (2 = 2.5%) {70.4%}
17     --O                                                                       (2 = 2.5%) {72.8%}
20     --O                                                                       (2 = 2.5%) {75.3%}
24     --O                                                                       (2 = 2.5%) {77.8%}
29     ... 
48     --O                                                                       (2 = 2.5%) {80.2%}
57     ---O                                                                      (3 = 3.7%) {82.7%}
68     O                                                                         (0 = 0.0%) {86.4%}
81     -O                                                                        (1 = 1.2%) {86.4%}
96     -O                                                                        (1 = 1.2%) {87.7%}
114    ---O                                                                      (3 = 3.7%) {88.9%}
136    --O                                                                       (2 = 2.5%) {92.6%}
162    --O                                                                       (2 = 2.5%) {95.1%}
193    ... 
386    -O                                                                        (1 = 1.2%) {97.5%}
459    ... 
14684  -O                                                                        (1 = 1.2%) {98.8%}
17461  ... 

Histogram: Sql.Statement.ExecutionTime.HistoryInMemoryDB recorded 8 samples, mean = 163.8 (flags = 0x1)
0    -O                                                                        (1 = 12.5%)
1    ... 
3    -O                                                                        (1 = 12.5%) {12.5%}
4    ... 
12   -O                                                                        (1 = 12.5%) {25.0%}
14   ... 
34   -O                                                                        (1 = 12.5%) {37.5%}
40   -O                                                                        (1 = 12.5%) {50.0%}
48   -O                                                                        (1 = 12.5%) {62.5%}
57   ... 
96   -O                                                                        (1 = 12.5%) {75.0%}
114  ... 
918  -O                                                                        (1 = 12.5%) {87.5%}
1092 ... 

Histogram: Sql.Statement.ExecutionTime.Passwords recorded 44 samples, mean = 11.5 (flags = 0x1)
0    ---O                                                                      (3 = 6.8%)
1    -----O                                                                    (5 = 11.4%) {6.8%}
2    --O                                                                       (2 = 4.5%) {18.2%}
3    ----O                                                                     (4 = 9.1%) {22.7%}
4    -------O                                                                  (7 = 15.9%) {31.8%}
5    ---O                                                                      (3 = 6.8%) {47.7%}
6    -----O                                                                    (5 = 11.4%) {54.5%}
7    --O                                                                       (2 = 4.5%) {65.9%}
8    ----O                                                                     (4 = 9.1%) {70.5%}
10   --O                                                                       (2 = 4.5%) {79.5%}
12   ... 
17   --O                                                                       (2 = 4.5%) {84.1%}
20   O                                                                         (0 = 0.0%) {88.6%}
24   -O                                                                        (1 = 2.3%) {88.6%}
29   O                                                                         (0 = 0.0%) {90.9%}
34   -O                                                                        (1 = 2.3%) {90.9%}
40   -O                                                                        (1 = 2.3%) {93.2%}
48   -O                                                                        (1 = 2.3%) {95.5%}
57   ... 
136  -O                                                                        (1 = 2.3%) {97.7%}
162  ... 

Histogram: Sql.Statement.ExecutionTime.Quota recorded 15 samples, mean = 1021.9 (flags = 0x1)
0      ---O                                                                      (3 = 20.0%)
1      ----O                                                                     (4 = 26.7%) {20.0%}
2      --O                                                                       (2 = 13.3%) {46.7%}
3      O                                                                         (0 = 0.0%) {60.0%}
4      -O                                                                        (1 = 6.7%) {60.0%}
5      O                                                                         (0 = 0.0%) {66.7%}
6      -O                                                                        (1 = 6.7%) {66.7%}
7      ... 
10     -O                                                                        (1 = 6.7%) {73.3%}
12     ... 
40     -O                                                                        (1 = 6.7%) {80.0%}
48     ... 
546    -O                                                                        (1 = 6.7%) {86.7%}
649    ... 
12348  -O                                                                        (1 = 6.7%) {93.3%}
14684  ... 

Histogram: Sql.Statement.ExecutionTime.ServerCertificate recorded 9 samples, mean = 7.6 (flags = 0x1)
0   --O                                                                       (2 = 22.2%)
1   --O                                                                       (2 = 22.2%) {22.2%}
2   ---O                                                                      (3 = 33.3%) {44.4%}
3   ... 
8   -O                                                                        (1 = 11.1%) {77.8%}
10  ... 
48  -O                                                                        (1 = 11.1%) {88.9%}
57  ... 

Histogram: Sql.Statement.ExecutionTime.Thumbnail recorded 17 samples, mean = 7.2 (flags = 0x1)
0   ----O                                                                     (4 = 23.5%)
1   -----O                                                                    (5 = 29.4%) {23.5%}
2   ---O                                                                      (3 = 17.6%) {52.9%}
3   ... 
7   -O                                                                        (1 = 5.9%) {70.6%}
8   ... 
14  -O                                                                        (1 = 5.9%) {76.5%}
17  O                                                                         (0 = 0.0%) {82.4%}
20  -O                                                                        (1 = 5.9%) {82.4%}
24  -O                                                                        (1 = 5.9%) {88.2%}
29  ... 
40  -O                                                                        (1 = 5.9%) {94.1%}
48  ... 

Histogram: Sql.Statement.ExecutionTime.TopSites recorded 11 samples, mean = 4.2 (flags = 0x1)
0   ----O                                                                     (4 = 36.4%)
1   ----O                                                                     (4 = 36.4%) {36.4%}
2   -O                                                                        (1 = 9.1%) {72.7%}
3   ... 
12  -O                                                                        (1 = 9.1%) {81.8%}
14  ... 
24  -O                                                                        (1 = 9.1%) {90.9%}
29  ... 

Histogram: Sql.Statement.ExecutionTime.UKMMetrics recorded 23 samples, mean = 210.3 (flags = 0x1)
0     -O                                                                        (1 = 4.3%)
1     ---O                                                                      (3 = 13.0%) {4.3%}
2     --O                                                                       (2 = 8.7%) {17.4%}
3     O                                                                         (0 = 0.0%) {26.1%}
4     --O                                                                       (2 = 8.7%) {26.1%}
5     --O                                                                       (2 = 8.7%) {34.8%}
6     --O                                                                       (2 = 8.7%) {43.5%}
7     O                                                                         (0 = 0.0%) {52.2%}
8     ---O                                                                      (3 = 13.0%) {52.2%}
10    -O                                                                        (1 = 4.3%) {65.2%}
12    O                                                                         (0 = 0.0%) {69.6%}
14    -O                                                                        (1 = 4.3%) {69.6%}
17    O                                                                         (0 = 0.0%) {73.9%}
20    -O                                                                        (1 = 4.3%) {73.9%}
24    -O                                                                        (1 = 4.3%) {78.3%}
29    -O                                                                        (1 = 4.3%) {82.6%}
34    ... 
68    -O                                                                        (1 = 4.3%) {87.0%}
81    ... 
1837  -O                                                                        (1 = 4.3%) {91.3%}
2184  -O                                                                        (1 = 4.3%) {95.7%}
2597  ... 

Histogram: Sql.Statement.ExecutionTime.Web recorded 155 samples, mean = 106.5 (flags = 0x1)
0      -----O                                                                    (5 = 3.2%)
1      ------------------------------------------O                               (42 = 27.1%) {3.2%}
2      ------------------O                                                       (18 = 11.6%) {30.3%}
3      ----------------------------O                                             (28 = 18.1%) {41.9%}
4      ----------------O                                                         (16 = 10.3%) {60.0%}
5      --------------O                                                           (14 = 9.0%) {70.3%}
6      -----------O                                                              (11 = 7.1%) {79.4%}
7      -------O                                                                  (7 = 4.5%) {86.5%}
8      ----O                                                                     (4 = 2.6%) {91.0%}
10     ----O                                                                     (4 = 2.6%) {93.5%}
12     ... 
40     --O                                                                       (2 = 1.3%) {96.1%}
48     -O                                                                        (1 = 0.6%) {97.4%}
57     ... 
96     -O                                                                        (1 = 0.6%) {98.1%}
114    ... 
325    -O                                                                        (1 = 0.6%) {98.7%}
386    ... 
14684  -O                                                                        (1 = 0.6%) {99.4%}
17461  ... 

Histogram: Sql.Statement.History.VMSteps recorded 81 samples, mean = 62.4 (flags = 0x1)
0    ... 
3    ----O                                                                     (4 = 4.9%) {0.0%}
4    O                                                                         (0 = 0.0%) {4.9%}
5    -O                                                                        (1 = 1.2%) {4.9%}
6    --O                                                                       (2 = 2.5%) {6.2%}
7    ---O                                                                      (3 = 3.7%) {8.6%}
8    ----O                                                                     (4 = 4.9%) {12.3%}
10   ---------O                                                                (9 = 11.1%) {17.3%}
12   ------O                                                                   (6 = 7.4%) {28.4%}
14   -----O                                                                    (5 = 6.2%) {35.8%}
17   ---------O                                                                (9 = 11.1%) {42.0%}
20   --O                                                                       (2 = 2.5%) {53.1%}
24   ----------O                                                               (10 = 12.3%) {55.6%}
29   -----O                                                                    (5 = 6.2%) {67.9%}
34   --O                                                                       (2 = 2.5%) {74.1%}
40   O                                                                         (0 = 0.0%) {76.5%}
48   -O                                                                        (1 = 1.2%) {76.5%}
57   -O                                                                        (1 = 1.2%) {77.8%}
68   ---O                                                                      (3 = 3.7%) {79.0%}
81   -O                                                                        (1 = 1.2%) {82.7%}
96   -O                                                                        (1 = 1.2%) {84.0%}
114  O                                                                         (0 = 0.0%) {85.2%}
135  ---O                                                                      (3 = 3.7%) {85.2%}
160  ----O                                                                     (4 = 4.9%) {88.9%}
190  ... 
318  ----O                                                                     (4 = 4.9%) {93.8%}
378  ... 
752  -O                                                                        (1 = 1.2%) {98.8%}
894  ... 

Histogram: Sql.Statement.HistoryInMemoryDB.VMSteps recorded 8 samples, mean = 24.1 (flags = 0x1)
0   ... 
4   -O                                                                        (1 = 12.5%) {0.0%}
5   ... 
8   ---O                                                                      (3 = 37.5%) {12.5%}
10  ... 
17  -O                                                                        (1 = 12.5%) {50.0%}
20  ... 
48  ---O                                                                      (3 = 37.5%) {62.5%}
57  ... 

Histogram: Sql.Statement.Passwords.VMSteps recorded 44 samples, mean = 26.3 (flags = 0x1)
0   ... 
3   ----O                                                                     (4 = 9.1%) {0.0%}
4   O                                                                         (0 = 0.0%) {9.1%}
5   --O                                                                       (2 = 4.5%) {9.1%}
6   --------O                                                                 (8 = 18.2%) {13.6%}
7   --O                                                                       (2 = 4.5%) {31.8%}
8   ----O                                                                     (4 = 9.1%) {36.4%}
10  O                                                                         (0 = 0.0%) {45.5%}
12  ------O                                                                   (6 = 13.6%) {45.5%}
14  ... 
20  --O                                                                       (2 = 4.5%) {59.1%}
24  ... 
34  --O                                                                       (2 = 4.5%) {63.6%}
40  ----O                                                                     (4 = 9.1%) {68.2%}
48  O                                                                         (0 = 0.0%) {77.3%}
57  ----O                                                                     (4 = 9.1%) {77.3%}
68  ------O                                                                   (6 = 13.6%) {86.4%}
81  ... 

Histogram: Sql.Statement.Quota.VMSteps recorded 15 samples, mean = 11.2 (flags = 0x1)
0   ... 
3   ----O                                                                     (4 = 26.7%) {0.0%}
4   O                                                                         (0 = 0.0%) {26.7%}
5   -O                                                                        (1 = 6.7%) {26.7%}
6   ... 
10  --O                                                                       (2 = 13.3%) {33.3%}
12  ------O                                                                   (6 = 40.0%) {46.7%}
14  -O                                                                        (1 = 6.7%) {86.7%}
17  ... 
40  -O                                                                        (1 = 6.7%) {93.3%}
48  ... 

Histogram: Sql.Statement.ServerCertificate.VMSteps recorded 9 samples, mean = 8.8 (flags = 0x1)
0   ... 
3   --O                                                                       (2 = 22.2%) {0.0%}
4   O                                                                         (0 = 0.0%) {22.2%}
5   -O                                                                        (1 = 11.1%) {22.2%}
6   -O                                                                        (1 = 11.1%) {33.3%}
7   ... 
12  -----O                                                                    (5 = 55.6%) {44.4%}
14  ... 

Histogram: Sql.Statement.StepTime.Affiliation recorded 11 samples, mean = 9.7 (flags = 0x1)
0   ---O                                                                      (3 = 27.3%)
1   ... 
3   ---O                                                                      (3 = 27.3%) {27.3%}
4   -O                                                                        (1 = 9.1%) {54.5%}
5   ... 
12  -O                                                                        (1 = 9.1%) {63.6%}
14  -O                                                                        (1 = 9.1%) {72.7%}
17  O                                                                         (0 = 0.0%) {81.8%}
20  -O                                                                        (1 = 9.1%) {81.8%}
24  ... 
40  -O                                                                        (1 = 9.1%) {90.9%}
48  ... 

Histogram: Sql.Statement.StepTime.History recorded 183 samples, mean = 94.9 (flags = 0x1)
0      ----------------------------------------------O                           (46 = 25.1%)
1      -----------------------------------------------------O                    (53 = 29.0%) {25.1%}
2      --------------O                                                           (14 = 7.7%) {54.1%}
3      ----------O                                                               (10 = 5.5%) {61.7%}
4      -------O                                                                  (7 = 3.8%) {67.2%}
5      ---------O                                                                (9 = 4.9%) {71.0%}
6      -------O                                                                  (7 = 3.8%) {76.0%}
7      ---O                                                                      (3 = 1.6%) {79.8%}
8      ------O                                                                   (6 = 3.3%) {81.4%}
10     --O                                                                       (2 = 1.1%) {84.7%}
12     --O                                                                       (2 = 1.1%) {85.8%}
14     ---O                                                                      (3 = 1.6%) {86.9%}
17     ---O                                                                      (3 = 1.6%) {88.5%}
20     --O                                                                       (2 = 1.1%) {90.2%}
24     ... 
48     -----O                                                                    (5 = 2.7%) {91.3%}
57     -O                                                                        (1 = 0.5%) {94.0%}
68     ... 
96     -O                                                                        (1 = 0.5%) {94.5%}
114    ---O                                                                      (3 = 1.6%) {95.1%}
136    --O                                                                       (2 = 1.1%) {96.7%}
162    --O                                                                       (2 = 1.1%) {97.8%}
193    ... 
386    -O                                                                        (1 = 0.5%) {98.9%}
459    ... 
14684  -O                                                                        (1 = 0.5%) {99.5%}
17461  ... 

Histogram: Sql.Statement.StepTime.HistoryInMemoryDB recorded 8 samples, mean = 163.8 (flags = 0x1)
0    -O                                                                        (1 = 12.5%)
1    ... 
3    -O                                                                        (1 = 12.5%) {12.5%}
4    ... 
12   -O                                                                        (1 = 12.5%) {25.0%}
14   ... 
34   -O                                                                        (1 = 12.5%) {37.5%}
40   -O                                                                        (1 = 12.5%) {50.0%}
48   -O                                                                        (1 = 12.5%) {62.5%}
57   ... 
96   -O                                                                        (1 = 12.5%) {75.0%}
114  ... 
918  -O                                                                        (1 = 12.5%) {87.5%}
1092 ... 

Histogram: Sql.Statement.StepTime.Passwords recorded 44 samples, mean = 11.5 (flags = 0x1)
0    ---O                                                                      (3 = 6.8%)
1    -----O                                                                    (5 = 11.4%) {6.8%}
2    --O                                                                       (2 = 4.5%) {18.2%}
3    ----O                                                                     (4 = 9.1%) {22.7%}
4    -------O                                                                  (7 = 15.9%) {31.8%}
5    ---O                                                                      (3 = 6.8%) {47.7%}
6    -----O                                                                    (5 = 11.4%) {54.5%}
7    --O                                                                       (2 = 4.5%) {65.9%}
8    ----O                                                                     (4 = 9.1%) {70.5%}
10   --O                                                                       (2 = 4.5%) {79.5%}
12   ... 
17   --O                                                                       (2 = 4.5%) {84.1%}
20   O                                                                         (0 = 0.0%) {88.6%}
24   -O                                                                        (1 = 2.3%) {88.6%}
29   O                                                                         (0 = 0.0%) {90.9%}
34   -O                                                                        (1 = 2.3%) {90.9%}
40   -O                                                                        (1 = 2.3%) {93.2%}
48   -O                                                                        (1 = 2.3%) {95.5%}
57   ... 
136  -O                                                                        (1 = 2.3%) {97.7%}
162  ... 

Histogram: Sql.Statement.StepTime.Quota recorded 15 samples, mean = 1021.9 (flags = 0x1)
0      ---O                                                                      (3 = 20.0%)
1      ----O                                                                     (4 = 26.7%) {20.0%}
2      --O                                                                       (2 = 13.3%) {46.7%}
3      O                                                                         (0 = 0.0%) {60.0%}
4      -O                                                                        (1 = 6.7%) {60.0%}
5      O                                                                         (0 = 0.0%) {66.7%}
6      -O                                                                        (1 = 6.7%) {66.7%}
7      ... 
10     -O                                                                        (1 = 6.7%) {73.3%}
12     ... 
40     -O                                                                        (1 = 6.7%) {80.0%}
48     ... 
546    -O                                                                        (1 = 6.7%) {86.7%}
649    ... 
12348  -O                                                                        (1 = 6.7%) {93.3%}
14684  ... 

Histogram: Sql.Statement.StepTime.ServerCertificate recorded 9 samples, mean = 7.6 (flags = 0x1)
0   --O                                                                       (2 = 22.2%)
1   --O                                                                       (2 = 22.2%) {22.2%}
2   ---O                                                                      (3 = 33.3%) {44.4%}
3   ... 
8   -O                                                                        (1 = 11.1%) {77.8%}
10  ... 
48  -O                                                                        (1 = 11.1%) {88.9%}
57  ... 

Histogram: Sql.Statement.StepTime.Thumbnail recorded 20 samples, mean = 6.1 (flags = 0x1)
0   ----O                                                                     (4 = 20.0%)
1   ------O                                                                   (6 = 30.0%) {20.0%}
2   ---O                                                                      (3 = 15.0%) {50.0%}
3   -O                                                                        (1 = 5.0%) {65.0%}
4   O                                                                         (0 = 0.0%) {70.0%}
5   -O                                                                        (1 = 5.0%) {70.0%}
6   O                                                                         (0 = 0.0%) {75.0%}
7   -O                                                                        (1 = 5.0%) {75.0%}
8   ... 
12  -O                                                                        (1 = 5.0%) {80.0%}
14  O                                                                         (0 = 0.0%) {85.0%}
17  -O                                                                        (1 = 5.0%) {85.0%}
20  -O                                                                        (1 = 5.0%) {90.0%}
24  ... 
40  -O                                                                        (1 = 5.0%) {95.0%}
48  ... 

Histogram: Sql.Statement.StepTime.TopSites recorded 21 samples, mean = 2.2 (flags = 0x1)
0   ------------O                                                             (12 = 57.1%)
1   ------O                                                                   (6 = 28.6%) {57.1%}
2   -O                                                                        (1 = 4.8%) {85.7%}
3   ... 
10  -O                                                                        (1 = 4.8%) {90.5%}
12  ... 
24  -O                                                                        (1 = 4.8%) {95.2%}
29  ... 

Histogram: Sql.Statement.StepTime.UKMMetrics recorded 23 samples, mean = 210.3 (flags = 0x1)
0     -O                                                                        (1 = 4.3%)
1     ---O                                                                      (3 = 13.0%) {4.3%}
2     --O                                                                       (2 = 8.7%) {17.4%}
3     O                                                                         (0 = 0.0%) {26.1%}
4     --O                                                                       (2 = 8.7%) {26.1%}
5     --O                                                                       (2 = 8.7%) {34.8%}
6     --O                                                                       (2 = 8.7%) {43.5%}
7     O                                                                         (0 = 0.0%) {52.2%}
8     ---O                                                                      (3 = 13.0%) {52.2%}
10    -O                                                                        (1 = 4.3%) {65.2%}
12    O                                                                         (0 = 0.0%) {69.6%}
14    -O                                                                        (1 = 4.3%) {69.6%}
17    O                                                                         (0 = 0.0%) {73.9%}
20    -O                                                                        (1 = 4.3%) {73.9%}
24    -O                                                                        (1 = 4.3%) {78.3%}
29    -O                                                                        (1 = 4.3%) {82.6%}
34    ... 
68    -O                                                                        (1 = 4.3%) {87.0%}
81    ... 
1837  -O                                                                        (1 = 4.3%) {91.3%}
2184  -O                                                                        (1 = 4.3%) {95.7%}
2597  ... 

Histogram: Sql.Statement.StepTime.Web recorded 166 samples, mean = 99.4 (flags = 0x1)
0      --------O                                                                 (8 = 4.8%)
1      -----------------------------------------------O                          (47 = 28.3%) {4.8%}
2      ------------------O                                                       (18 = 10.8%) {33.1%}
3      -----------------------------O                                            (29 = 17.5%) {44.0%}
4      -----------------O                                                        (17 = 10.2%) {61.4%}
5      --------------O                                                           (14 = 8.4%) {71.7%}
6      -----------O                                                              (11 = 6.6%) {80.1%}
7      -------O                                                                  (7 = 4.2%) {86.7%}
8      ----O                                                                     (4 = 2.4%) {91.0%}
10     -----O                                                                    (5 = 3.0%) {93.4%}
12     ... 
20     -O                                                                        (1 = 0.6%) {96.4%}
24     ... 
40     -O                                                                        (1 = 0.6%) {97.0%}
48     -O                                                                        (1 = 0.6%) {97.6%}
57     ... 
96     -O                                                                        (1 = 0.6%) {98.2%}
114    ... 
325    -O                                                                        (1 = 0.6%) {98.8%}
386    ... 
14684  -O                                                                        (1 = 0.6%) {99.4%}
17461  ... 

Histogram: Sql.Statement.Thumbnail.VMSteps recorded 17 samples, mean = 11.5 (flags = 0x1)
0   ... 
3   ----O                                                                     (4 = 23.5%) {0.0%}
4   O                                                                         (0 = 0.0%) {23.5%}
5   -O                                                                        (1 = 5.9%) {23.5%}
6   ... 
8   -O                                                                        (1 = 5.9%) {29.4%}
10  O                                                                         (0 = 0.0%) {35.3%}
12  --------O                                                                 (8 = 47.1%) {35.3%}
14  -O                                                                        (1 = 5.9%) {82.4%}
17  O                                                                         (0 = 0.0%) {88.2%}
20  -O                                                                        (1 = 5.9%) {88.2%}
24  ... 
34  -O                                                                        (1 = 5.9%) {94.1%}
40  ... 

Histogram: Sql.Statement.TopSites.VMSteps recorded 11 samples, mean = 19.7 (flags = 0x1)
0    ... 
3    --O                                                                       (2 = 18.2%) {0.0%}
4    O                                                                         (0 = 0.0%) {18.2%}
5    -O                                                                        (1 = 9.1%) {18.2%}
6    ... 
12   -------O                                                                  (7 = 63.6%) {27.3%}
14   ... 
114  -O                                                                        (1 = 9.1%) {90.9%}
135  ... 

Histogram: Sql.Statement.UKMMetrics.VMSteps recorded 23 samples, mean = 45.3 (flags = 0x1)
0    ... 
3    ----O                                                                     (4 = 17.4%) {0.0%}
4    O                                                                         (0 = 0.0%) {17.4%}
5    -O                                                                        (1 = 4.3%) {17.4%}
6    O                                                                         (0 = 0.0%) {21.7%}
7    -----O                                                                    (5 = 21.7%) {21.7%}
8    --O                                                                       (2 = 8.7%) {43.5%}
10   O                                                                         (0 = 0.0%) {52.2%}
12   -----O                                                                    (5 = 21.7%) {52.2%}
14   ... 
20   --O                                                                       (2 = 8.7%) {73.9%}
24   O                                                                         (0 = 0.0%) {82.6%}
29   -O                                                                        (1 = 4.3%) {82.6%}
34   -O                                                                        (1 = 4.3%) {87.0%}
40   -O                                                                        (1 = 4.3%) {91.3%}
48   ... 
752  -O                                                                        (1 = 4.3%) {95.7%}
894  ... 

Histogram: Sql.Statement.Web.VMSteps recorded 155 samples, mean = 51.2 (flags = 0x1)
0    ... 
3    ------------O                                                             (12 = 7.7%) {0.0%}
4    O                                                                         (0 = 0.0%) {7.7%}
5    --O                                                                       (2 = 1.3%) {7.7%}
6    -----------------------O                                                  (23 = 14.8%) {9.0%}
7    -------------------O                                                      (19 = 12.3%) {23.9%}
8    ---O                                                                      (3 = 1.9%) {36.1%}
10   ----------------O                                                         (16 = 10.3%) {38.1%}
12   --------------------O                                                     (20 = 12.9%) {48.4%}
14   ... 
20   --O                                                                       (2 = 1.3%) {61.3%}
24   O                                                                         (0 = 0.0%) {62.6%}
29   --O                                                                       (2 = 1.3%) {62.6%}
34   --O                                                                       (2 = 1.3%) {63.9%}
40   ----O                                                                     (4 = 2.6%) {65.2%}
48   --O                                                                       (2 = 1.3%) {67.7%}
57   -----O                                                                    (5 = 3.2%) {69.0%}
68   ----O                                                                     (4 = 2.6%) {72.3%}
81   ----O                                                                     (4 = 2.6%) {74.8%}
96   -------O                                                                  (7 = 4.5%) {77.4%}
114  ------O                                                                   (6 = 3.9%) {81.9%}
135  -------O                                                                  (7 = 4.5%) {85.8%}
160  -----O                                                                    (5 = 3.2%) {90.3%}
190  ----O                                                                     (4 = 2.6%) {93.5%}
226  -----O                                                                    (5 = 3.2%) {96.1%}
268  O                                                                         (0 = 0.0%) {99.4%}
318  -O                                                                        (1 = 0.6%) {99.4%}
378  ... 

Histogram: Sql.vfs.SyncTime recorded 21 samples, mean = 2.6 (flags = 0x1)
0  O                                                                         (0 = 0.0%)
1  -----O                                                                    (5 = 23.8%) {0.0%}
2  -------O                                                                  (7 = 33.3%) {23.8%}
3  ---O                                                                      (3 = 14.3%) {57.1%}
4  -----O                                                                    (5 = 23.8%) {71.4%}
5  ... 
7  -O                                                                        (1 = 4.8%) {95.2%}
8  ... 

Histogram: Stability.Counts2 recorded 11 samples, mean = 22.5 (flags = 0x3)
0   ... 
2   --O                                                                       (2 = 18.2%) {0.0%}
3   ... 
15  -O                                                                        (1 = 9.1%) {18.2%}
16  ... 
26  -----O                                                                    (5 = 45.5%) {27.3%}
27  ... 
33  ---O                                                                      (3 = 27.3%) {72.7%}
34  O                                                                         (0 = 0.0%) {100.0%}

Histogram: Startup.Browser.LoadTime.PreReadFile recorded 1 samples, mean = 33.0 (flags = 0x1)
0   ... 
26  -O                                                                        (1 = 100.0%) {0.0%}
35  ... 

Histogram: Startup.BrowserMainRunnerImplInitializeLongTime recorded 1 samples, mean = 191.0 (flags = 0x1)
0    ... 
182  -O                                                                        (1 = 100.0%) {0.0%}
210  ... 

Histogram: Startup.BrowserMessageLoopFirstIdle recorded 1 samples, mean = 372.0 (flags = 0x1)
0    ... 
372  -O                                                                        (1 = 100.0%) {0.0%}
429  ... 

Histogram: Startup.BrowserMessageLoopStartTime recorded 1 samples, mean = 301.0 (flags = 0x1)
0    ... 
279  -O                                                                        (1 = 100.0%) {0.0%}
322  ... 

Histogram: Startup.BrowserWindow.FirstPaint recorded 1 samples, mean = 360.0 (flags = 0x1)
0    ... 
322  -O                                                                        (1 = 100.0%) {0.0%}
372  ... 

Histogram: Startup.BrowserWindowDisplay recorded 1 samples, mean = 300.0 (flags = 0x1)
0    ... 
294  -O                                                                        (1 = 100.0%) {0.0%}
398  ... 

Histogram: Startup.CrashBubbleShown recorded 1 samples, mean = 0.0 (flags = 0x1)
0  -O                                                                        (1 = 100.0%)
1  ... 

Histogram: Startup.CreateFirstProfile recorded 1 samples, mean = 43.0 (flags = 0x1)
0   ... 
35  -O                                                                        (1 = 100.0%) {0.0%}
47  ... 

Histogram: Startup.FirstWebContents.FinishReason recorded 1 samples, mean = 6.0 (flags = 0x1)
0  ... 
6  -O                                                                        (1 = 100.0%) {0.0%}
7  ... 

Histogram: Startup.FirstWebContents.FirstContentfulPaint recorded 1 samples, mean = 984.0 (flags = 0x1)
0    ... 
878  -O                                                                        (1 = 100.0%) {0.0%}
1013 ... 

Histogram: Startup.FirstWebContents.LargestContentfulPaint recorded 1 samples, mean = 994.0 (flags = 0x1)
0    ... 
878  -O                                                                        (1 = 100.0%) {0.0%}
1013 ... 

Histogram: Startup.LoadTime.ApplicationStartToChromeMain recorded 1 samples, mean = 44.0 (flags = 0x1)
0   ... 
35  -O                                                                        (1 = 100.0%) {0.0%}
47  ... 

Histogram: Startup.LoadTime.ProcessCreateToApplicationStart recorded 1 samples, mean = 67.0 (flags = 0x1)
0   ... 
64  -O                                                                        (1 = 100.0%) {0.0%}
87  ... 

Histogram: Startup.LoadTime.RecordedProcessCreation recorded 1 samples, mean = 1.0 (flags = 0x1)
0  O                                                                         (0 = 0.0%)
1  -O                                                                        (1 = 100.0%) {0.0%}
2  O                                                                         (0 = 0.0%) {100.0%}

Histogram: Startup.StartupBrowserCreator.LaunchBrowser recorded 1 samples, mean = 57.0 (flags = 0x1)
0   ... 
57  -O                                                                        (1 = 100.0%) {0.0%}
68  ... 

Histogram: Startup.Temperature recorded 1 samples, mean = 3.0 (flags = 0x1)
0  ... 
3  -O                                                                        (1 = 100.0%) {0.0%}
4  O                                                                         (0 = 0.0%) {100.0%}

Histogram: Storage.SessionStorage.ClearDiskStateAtStoragePartitionInit recorded 1 samples, mean = 1.0 (flags = 0x1)
0  O                                                                         (0 = 0.0%)
1  -O                                                                        (1 = 100.0%) {0.0%}
2  O                                                                         (0 = 0.0%) {100.0%}

Histogram: Storage.SharedStorage.OnShutdown.HasSqlErrors recorded 1 samples, mean = 0.0 (flags = 0x1)
0  -O                                                                        (1 = 100.0%)
1  ... 

Histogram: Storage.SharedStorage.OnShutdown.NumSqlErrors recorded 1 samples, mean = 0.0 (flags = 0x1)
0  -O                                                                        (1 = 100.0%)
1  ... 

Histogram: Storage.SharedStorage.OnShutdown.RecoveryFromInitFailureAttempted recorded 1 samples, mean = 0.0 (flags = 0x1)
0  -O                                                                        (1 = 100.0%)
1  ... 

Histogram: Storage.SharedStorage.OnShutdown.RecoveryOnDiskAttempted recorded 1 samples, mean = 0.0 (flags = 0x1)
0  -O                                                                        (1 = 100.0%)
1  ... 

Histogram: Storage.SharedStorage.Worklet.NumPerPage recorded 1 samples, mean = 0.0 (flags = 0x1)
0  -O                                                                        (1 = 100.0%)
1  ... 

Histogram: Storage.SharedStorage.Worklet.SelectURL.CallsPerPage recorded 1 samples, mean = 0.0 (flags = 0x1)
0  -O                                                                        (1 = 100.0%)
1  ... 

Histogram: SubresourceFilter.PageLoad.ActivationDecision recorded 1 samples, mean = 1.0 (flags = 0x1)
0  O                                                                         (0 = 0.0%)
1  -O                                                                        (1 = 100.0%) {0.0%}
2  ... 

Histogram: SubresourceFilter.PageLoad.ActivationList recorded 1 samples, mean = 0.0 (flags = 0x1)
0  -O                                                                        (1 = 100.0%)
1  ... 

Histogram: SubresourceFilter.PageLoad.ActivationState recorded 2 samples, mean = 0.0 (flags = 0x1)
0  --O                                                                       (2 = 100.0%)
1  ... 

Histogram: SubresourceFilter.PageLoad.ActivationState.DisabledReason recorded 2 samples, mean = 7.5 (flags = 0x1)
0  ... 
7  -O                                                                        (1 = 50.0%) {0.0%}
8  -O                                                                        (1 = 50.0%) {50.0%}
9  O                                                                         (0 = 0.0%) {100.0%}

Histogram: SubresourceFilter.PageLoad.SafeBrowsingDelay recorded 1 samples, mean = 0.0 (flags = 0x1)
0  -O                                                                        (1 = 100.0%)
1  ... 

Histogram: SubresourceFilter.SafeBrowsing.TotalCheckTime recorded 1 samples, mean = 0.0 (flags = 0x1)
0  -O                                                                        (1 = 100.0%)
1  ... 

Histogram: Sync.DataTypeStoreBackendError.ReadRecords recorded 25 samples, mean = 1.0 (flags = 0x1)
0  O                                                                         (0 = 0.0%)
1  -------------------------O                                                (25 = 100.0%) {0.0%}
2  ... 

Histogram: Sync.DataTypeStoreBackendInitializationSuccess recorded 1 samples, mean = 1.0 (flags = 0x1)
0  O                                                                         (0 = 0.0%)
1  -O                                                                        (1 = 100.0%) {0.0%}
2  O                                                                         (0 = 0.0%) {100.0%}

Histogram: Sync.FeatureStatusForSyncToSigninMigration recorded 1 samples, mean = 5.0 (flags = 0x1)
0  ... 
5  -O                                                                        (1 = 100.0%) {0.0%}
6  O                                                                         (0 = 0.0%) {100.0%}

Histogram: Sync.InitialState2 recorded 1 samples, mean = 1.0 (flags = 0x1)
0  O                                                                         (0 = 0.0%)
1  -O                                                                        (1 = 100.0%) {0.0%}
2  ... 

Histogram: Sync.Local.Enabled2 recorded 1 samples, mean = 0.0 (flags = 0x1)
0  -O                                                                        (1 = 100.0%)
1  ... 

Histogram: Sync.PassphraseType5 recorded 1 samples, mean = 0.0 (flags = 0x1)
0  -O                                                                        (1 = 100.0%)
1  ... 

Histogram: Sync.SyncSetupIncompleteMigrationDecision recorded 1 samples, mean = 1.0 (flags = 0x1)
0  O                                                                         (0 = 0.0%)
1  -O                                                                        (1 = 100.0%) {0.0%}
2  ... 

Histogram: Sync.SyncToSigninMigration.MigrationType recorded 1 samples, mean = 4.0 (flags = 0x1)
0  ... 
4  -O                                                                        (1 = 100.0%) {0.0%}
5  O                                                                         (0 = 0.0%) {100.0%}

Histogram: Sync.SyncToSigninMigrationDecision recorded 1 samples, mean = 1.0 (flags = 0x1)
0  O                                                                         (0 = 0.0%)
1  -O                                                                        (1 = 100.0%) {0.0%}
2  ... 

Histogram: Sync.SyncableService.MaybeClearDataIfMetadataEmptyOrInvalid.APP recorded 1 samples, mean = 1.0 (flags = 0x1)
0  O                                                                         (0 = 0.0%)
1  -O                                                                        (1 = 100.0%) {0.0%}
2  O                                                                         (0 = 0.0%) {100.0%}

Histogram: Sync.SyncableService.MaybeClearDataIfMetadataEmptyOrInvalid.APP_SETTING recorded 1 samples, mean = 1.0 (flags = 0x1)
0  O                                                                         (0 = 0.0%)
1  -O                                                                        (1 = 100.0%) {0.0%}
2  O                                                                         (0 = 0.0%) {100.0%}

Histogram: Sync.SyncableService.MaybeClearDataIfMetadataEmptyOrInvalid.DICTIONARY recorded 1 samples, mean = 1.0 (flags = 0x1)
0  O                                                                         (0 = 0.0%)
1  -O                                                                        (1 = 100.0%) {0.0%}
2  O                                                                         (0 = 0.0%) {100.0%}

Histogram: Sync.SyncableService.MaybeClearDataIfMetadataEmptyOrInvalid.EXTENSION recorded 1 samples, mean = 1.0 (flags = 0x1)
0  O                                                                         (0 = 0.0%)
1  -O                                                                        (1 = 100.0%) {0.0%}
2  O                                                                         (0 = 0.0%) {100.0%}

Histogram: Sync.SyncableService.MaybeClearDataIfMetadataEmptyOrInvalid.EXTENSION_SETTING recorded 1 samples, mean = 1.0 (flags = 0x1)
0  O                                                                         (0 = 0.0%)
1  -O                                                                        (1 = 100.0%) {0.0%}
2  O                                                                         (0 = 0.0%) {100.0%}

Histogram: Sync.SyncableService.MaybeClearDataIfMetadataEmptyOrInvalid.HISTORY_DELETE_DIRECTIVE recorded 1 samples, mean = 1.0 (flags = 0x1)
0  O                                                                         (0 = 0.0%)
1  -O                                                                        (1 = 100.0%) {0.0%}
2  O                                                                         (0 = 0.0%) {100.0%}

Histogram: Sync.SyncableService.MaybeClearDataIfMetadataEmptyOrInvalid.MANAGED_USER_SETTING recorded 1 samples, mean = 1.0 (flags = 0x1)
0  O                                                                         (0 = 0.0%)
1  -O                                                                        (1 = 100.0%) {0.0%}
2  O                                                                         (0 = 0.0%) {100.0%}

Histogram: Sync.SyncableService.MaybeClearDataIfMetadataEmptyOrInvalid.PREFERENCE recorded 1 samples, mean = 1.0 (flags = 0x1)
0  O                                                                         (0 = 0.0%)
1  -O                                                                        (1 = 100.0%) {0.0%}
2  O                                                                         (0 = 0.0%) {100.0%}

Histogram: Sync.SyncableService.MaybeClearDataIfMetadataEmptyOrInvalid.PRIORITY_PREFERENCE recorded 1 samples, mean = 1.0 (flags = 0x1)
0  O                                                                         (0 = 0.0%)
1  -O                                                                        (1 = 100.0%) {0.0%}
2  O                                                                         (0 = 0.0%) {100.0%}

Histogram: Sync.SyncableService.MaybeClearDataIfMetadataEmptyOrInvalid.SEARCH_ENGINE recorded 1 samples, mean = 1.0 (flags = 0x1)
0  O                                                                         (0 = 0.0%)
1  -O                                                                        (1 = 100.0%) {0.0%}
2  O                                                                         (0 = 0.0%) {100.0%}

Histogram: Sync.SyncableService.MaybeClearDataIfMetadataEmptyOrInvalid.THEME recorded 1 samples, mean = 1.0 (flags = 0x1)
0  O                                                                         (0 = 0.0%)
1  -O                                                                        (1 = 100.0%) {0.0%}
2  O                                                                         (0 = 0.0%) {100.0%}

Histogram: TabGroups.CollapsedGroupCountPerLoad recorded 2 samples, mean = 0.0 (flags = 0x1)
0  --O                                                                       (2 = 100.0%)
1  ... 

Histogram: TabGroups.ParseSavedTabGroupDataEntries.ParseFailurePercentage recorded 1 samples, mean = 0.0 (flags = 0x1)
0  -O                                                                        (1 = 100.0%)
1  ... 

Histogram: TabGroups.SavedTabGroupSyncBridge.MigrationResult recorded 4 samples, mean = 6.8 (flags = 0x1)
0   O                                                                         (0 = 0.0%)
1   -O                                                                        (1 = 25.0%) {0.0%}
2   O                                                                         (0 = 0.0%) {25.0%}
3   -O                                                                        (1 = 25.0%) {25.0%}
4   ... 
8   -O                                                                        (1 = 25.0%) {50.0%}
9   ... 
15  -O                                                                        (1 = 25.0%) {75.0%}
16  O                                                                         (0 = 0.0%) {100.0%}

Histogram: TabGroups.UserCustomizedGroupCountPerLoad recorded 2 samples, mean = 0.0 (flags = 0x1)
0  --O                                                                       (2 = 100.0%)
1  ... 

Histogram: TabGroups.UserGroupCountPerLoad recorded 2 samples, mean = 0.0 (flags = 0x1)
0  --O                                                                       (2 = 100.0%)
1  ... 

Histogram: TabGroups.UserPinnedTabCountPerLoad recorded 2 samples, mean = 0.0 (flags = 0x1)
0  --O                                                                       (2 = 100.0%)
1  ... 

Histogram: Tabs.PageLoad.TimeSinceActive2 recorded 1 samples, mean = 26.0 (flags = 0x1)
0   ... 
19  -O                                                                        (1 = 100.0%) {0.0%}
29  ... 

Histogram: Tabs.PageLoad.TimeSinceCreated2 recorded 1 samples, mean = 40.0 (flags = 0x1)
0   ... 
29  -O                                                                        (1 = 100.0%) {0.0%}
45  ... 

Histogram: Tabs.Selections.Count recorded 2 samples, mean = 0.5 (flags = 0x1)
0  -O                                                                        (1 = 50.0%)
1  -O                                                                        (1 = 50.0%) {50.0%}
2  ... 

Histogram: Tabs.TabCountActiveWindow recorded 2 samples, mean = 1.0 (flags = 0x1)
0  O                                                                         (0 = 0.0%)
1  --O                                                                       (2 = 100.0%) {0.0%}
2  ... 

Histogram: Tabs.TabCountInGroupPerLoad recorded 2 samples, mean = 0.0 (flags = 0x1)
0  --O                                                                       (2 = 100.0%)
1  ... 

Histogram: Tabs.TabCountPerLoad recorded 2 samples, mean = 1.0 (flags = 0x1)
0  O                                                                         (0 = 0.0%)
1  --O                                                                       (2 = 100.0%) {0.0%}
2  ... 

Histogram: Tabs.TabCountPerWindow recorded 2 samples, mean = 1.0 (flags = 0x1)
0  O                                                                         (0 = 0.0%)
1  --O                                                                       (2 = 100.0%) {0.0%}
2  ... 

Histogram: Tabs.TabSearch.PositionInTabstrip2 recorded 1 samples, mean = 0.0 (flags = 0x1)
0  -O                                                                        (1 = 100.0%)
1  ... 

Histogram: Theme.ThemePrefMigration.AlreadyMigrated recorded 1 samples, mean = 1.0 (flags = 0x1)
0  O                                                                         (0 = 0.0%)
1  -O                                                                        (1 = 100.0%) {0.0%}
2  O                                                                         (0 = 0.0%) {100.0%}

Histogram: Theme.ThemePrefMigration.PrefRegistered recorded 1 samples, mean = 1.0 (flags = 0x1)
0  O                                                                         (0 = 0.0%)
1  -O                                                                        (1 = 100.0%) {0.0%}
2  O                                                                         (0 = 0.0%) {100.0%}

Histogram: ThreadPool.UnnecessaryWakeup.Browser.Foreground recorded 54 samples, mean = 1.0 (flags = 0x1)
0  O                                                                         (0 = 0.0%)
1  ------------------------------------------------------O                   (54 = 100.0%) {0.0%}
2  O                                                                         (0 = 0.0%) {100.0%}

Histogram: Touch.DevicePosture.Startup recorded 1 samples, mean = 1.0 (flags = 0x1)
0  O                                                                         (0 = 0.0%)
1  -O                                                                        (1 = 100.0%) {0.0%}
2  O                                                                         (0 = 0.0%) {100.0%}

Histogram: Tracing.Init.InitTracing recorded 1 samples, mean = 0.0 (flags = 0x1)
0  -O                                                                        (1 = 100.0%)
1  ... 

Histogram: Tracing.Init.Perfetto.Initialize recorded 1 samples, mean = 0.0 (flags = 0x1)
0  -O                                                                        (1 = 100.0%)
1  ... 

Histogram: Translate.ApplicationStart.AlwaysTranslateLanguage.Count recorded 1 samples, mean = 0.0 (flags = 0x1)
0  -O                                                                        (1 = 100.0%)
1  ... 

Histogram: Translate.ApplicationStart.NeverTranslateLanguage recorded 1 samples (flags = 0x1)
114573335  -O                                                                        (1 = 100.0%)

Histogram: Translate.ApplicationStart.NeverTranslateLanguage.Count recorded 1 samples, mean = 1.0 (flags = 0x1)
0  O                                                                         (0 = 0.0%)
1  -O                                                                        (1 = 100.0%) {0.0%}
2  ... 

Histogram: Translate.ApplicationStart.NeverTranslateSite.Count recorded 1 samples, mean = 0.0 (flags = 0x1)
0  -O                                                                        (1 = 100.0%)
1  ... 

Histogram: Translate.PageLoad.FinalSourceLanguage recorded 1 samples (flags = 0x1)
-74147910-O                                                                        (1 = 100.0%)

Histogram: Translate.PageLoad.FinalState recorded 1 samples, mean = 3.0 (flags = 0x1)
0  ... 
3  -O                                                                        (1 = 100.0%) {0.0%}
4  ... 

Histogram: Translate.PageLoad.FinalTargetLanguage recorded 1 samples (flags = 0x1)
114573335  -O                                                                        (1 = 100.0%)

Histogram: Translate.PageLoad.InitialSourceLanguage recorded 1 samples (flags = 0x1)
-74147910-O                                                                        (1 = 100.0%)

Histogram: Translate.PageLoad.InitialState recorded 1 samples, mean = 3.0 (flags = 0x1)
0  ... 
3  -O                                                                        (1 = 100.0%) {0.0%}
4  ... 

Histogram: Translate.PageLoad.InitialTargetLanguage recorded 1 samples (flags = 0x1)
114573335  -O                                                                        (1 = 100.0%)

Histogram: Translate.PageLoad.InitialTargetLanguage.Origin recorded 1 samples, mean = 1.0 (flags = 0x1)
0  O                                                                         (0 = 0.0%)
1  -O                                                                        (1 = 100.0%) {0.0%}
2  ... 

Histogram: Translate.PageLoad.IsInitialSourceLanguageInUsersContentLanguages recorded 1 samples, mean = 0.0 (flags = 0x1)
0  -O                                                                        (1 = 100.0%)
1  ... 

Histogram: Translate.PageLoad.NumReversions recorded 1 samples, mean = 0.0 (flags = 0x1)
0  -O                                                                        (1 = 100.0%)
1  ... 

Histogram: Translate.PageLoad.NumTargetLanguageChanges recorded 1 samples, mean = 0.0 (flags = 0x1)
0  -O                                                                        (1 = 100.0%)
1  ... 

Histogram: Translate.PageLoad.NumTranslations recorded 1 samples, mean = 0.0 (flags = 0x1)
0  -O                                                                        (1 = 100.0%)
1  ... 

Histogram: Translate.PageLoad.Ranker.Decision recorded 1 samples, mean = 1.0 (flags = 0x1)
0  O                                                                         (0 = 0.0%)
1  -O                                                                        (1 = 100.0%) {0.0%}
2  ... 

Histogram: Translate.PageLoad.Ranker.Version recorded 1 samples (flags = 0x1)
0  -O                                                                        (1 = 100.0%)

Histogram: Translate.PageLoad.TriggerDecision recorded 1 samples, mean = 13.0 (flags = 0x1)
0   ... 
13  -O                                                                        (1 = 100.0%) {0.0%}
14  ... 

Histogram: TrustedVault.AccessTokenFetchSuccess.HwProtected recorded 1 samples, mean = 0.0 (flags = 0x1)
0  -O                                                                        (1 = 100.0%)
1  ... 

Histogram: TrustedVault.DownloadAuthenticationFactorsRegistrationState.HwProtected recorded 1 samples, mean = 0.0 (flags = 0x1)
0  -O                                                                        (1 = 100.0%)
1  ... 

Histogram: TrustedVault.FileReadStatus.ChromeSync recorded 1 samples, mean = 0.0 (flags = 0x1)
0  -O                                                                        (1 = 100.0%)
1  ... 

Histogram: TrustedVault.FileWriteSuccess.ChromeSync recorded 1 samples, mean = 1.0 (flags = 0x1)
0  O                                                                         (0 = 0.0%)
1  -O                                                                        (1 = 100.0%) {0.0%}
2  O                                                                         (0 = 0.0%) {100.0%}

Histogram: UKM.ConsentObserver.Purge recorded 1 samples, mean = 0.0 (flags = 0x1)
0  -O                                                                        (1 = 100.0%)
1  ... 

Histogram: UKM.Entries.Dropped recorded 110 samples, mean = 1.0 (flags = 0x1)
0  O                                                                         (0 = 0.0%)
1  ------------------------------------------------------------------------O (110 = 100.0%) {0.0%}
2  ... 

Histogram: UKM.Entries.Dropped.ByEntryHash recorded 110 samples (flags = 0x1)
42578854    -O                                                                        (1 = 0.9%)
58315124    -O                                                                        (1 = 0.9%)
119435925   -O                                                                        (1 = 0.9%)
180190397   ---O                                                                      (3 = 2.7%)
182085608   ----O                                                                     (4 = 3.6%)
189164898   -O                                                                        (1 = 0.9%)
239399480   -O                                                                        (1 = 0.9%)
251237400   -O                                                                        (1 = 0.9%)
270025173   -O                                                                        (1 = 0.9%)
277070773   -O                                                                        (1 = 0.9%)
385121421   -----O                                                                    (5 = 4.5%)
410645267   -O                                                                        (1 = 0.9%)
480593958   --O                                                                       (2 = 1.8%)
532600439   ------O                                                                   (6 = 5.5%)
624513781   --O                                                                       (2 = 1.8%)
661477988   -O                                                                        (1 = 0.9%)
705322609   -O                                                                        (1 = 0.9%)
854760832   -O                                                                        (1 = 0.9%)
911916855   -----O                                                                    (5 = 4.5%)
923024503   -O                                                                        (1 = 0.9%)
1004547038  -O                                                                        (1 = 0.9%)
1035062417  ------O                                                                   (6 = 5.5%)
1039214744  -O                                                                        (1 = 0.9%)
1078164680  -O                                                                        (1 = 0.9%)
1128083189  -------O                                                                  (7 = 6.4%)
1151114193  -O                                                                        (1 = 0.9%)
1204549770  -O                                                                        (1 = 0.9%)
1262170432  -----O                                                                    (5 = 4.5%)
1314699061  --O                                                                       (2 = 1.8%)
1354891390  -O                                                                        (1 = 0.9%)
1458241900  -O                                                                        (1 = 0.9%)
1486378388  -O                                                                        (1 = 0.9%)
1548358279  -O                                                                        (1 = 0.9%)
1604233346  ---------------O                                                          (15 = 13.6%)
1663717192  -O                                                                        (1 = 0.9%)
1767609109  ---------O                                                                (9 = 8.2%)
1832900131  ---O                                                                      (3 = 2.7%)
1866865447  -O                                                                        (1 = 0.9%)
1871083634  -O                                                                        (1 = 0.9%)
1892405964  ---O                                                                      (3 = 2.7%)
2037740339  -------O                                                                  (7 = 6.4%)
2066033668  -O                                                                        (1 = 0.9%)

Histogram: UKM.PersistentLogRecall.Status recorded 1 samples, mean = 1.0 (flags = 0x1)
0  O                                                                         (0 = 0.0%)
1  -O                                                                        (1 = 100.0%) {0.0%}
2  ... 

Histogram: UKM.Sources.Dropped recorded 7 samples, mean = 1.0 (flags = 0x1)
0  O                                                                         (0 = 0.0%)
1  -------O                                                                  (7 = 100.0%) {0.0%}
2  ... 

Histogram: UKM.WebDXFeatureSets.Dropped recorded 1 samples, mean = 1.0 (flags = 0x1)
0  O                                                                         (0 = 0.0%)
1  -O                                                                        (1 = 100.0%) {0.0%}
2  ... 

Histogram: UMA.ChildProcess.Ping.SharedMemorySetUp recorded 18 samples, mean = 1.0 (flags = 0x1)
0  ---------O                                                                (9 = 50.0%)
1  O                                                                         (0 = 0.0%) {50.0%}
2  ---------O                                                                (9 = 50.0%) {50.0%}
3  O                                                                         (0 = 0.0%) {100.0%}

Histogram: UMA.CleanExitBeaconConsistency3 recorded 1 samples, mean = 0.0 (flags = 0x1)
0  -O                                                                        (1 = 100.0%)
1  ... 

Histogram: UMA.ClientIdSource recorded 3 samples, mean = 0.3 (flags = 0x1)
0  --O                                                                       (2 = 66.7%)
1  -O                                                                        (1 = 33.3%) {66.7%}
2  ... 

Histogram: UMA.DriveIsRemovableResult recorded 2 samples, mean = 0.0 (flags = 0x1)
0  --O                                                                       (2 = 100.0%)
1  ... 

Histogram: UMA.DriveIsUSBResult recorded 2 samples, mean = 0.0 (flags = 0x1)
0  --O                                                                       (2 = 100.0%)
1  ... 

Histogram: UMA.EntropySourceType recorded 1 samples, mean = 2.0 (flags = 0x1)
0  ... 
2  -O                                                                        (1 = 100.0%) {0.0%}
3  O                                                                         (0 = 0.0%) {100.0%}

Histogram: UMA.FileMetricsProvider.InitialAccessResult recorded 1 samples, mean = 0.0 (flags = 0x1)
0  -O                                                                        (1 = 100.0%)
1  ... 

Histogram: UMA.InitialStabilityRecordBeacon recorded 1 samples, mean = 1.0 (flags = 0x3)
0  O                                                                         (0 = 0.0%)
1  -O                                                                        (1 = 100.0%) {0.0%}
2  O                                                                         (0 = 0.0%) {100.0%}

Histogram: UMA.LocalHistogram recorded 2 samples, mean = 1.0
0  O                                                                         (0 = 0.0%)
1  --O                                                                       (2 = 100.0%) {0.0%}
2  O                                                                         (0 = 0.0%) {100.0%}

Histogram: UMA.MetricsService.Initialize.Time recorded 1 samples, mean = 1591.0 (flags = 0x1)
0     ... 
1347  -O                                                                        (1 = 100.0%) {0.0%}
1774  ... 

Histogram: UMA.MetricsService.PendingOngoingLogOnDisable recorded 1 samples, mean = 0.0 (flags = 0x1)
0  -O                                                                        (1 = 100.0%)
1  ... 

Histogram: UMA.MetricsService.SnapshotDeltasTime recorded 1 samples, mean = 0.0 (flags = 0x1)
0  -O                                                                        (1 = 100.0%)
1  ... 

Histogram: UMA.PersistentAllocator.FieldTrialAllocator.UsedPct recorded 9 samples, mean = 22.0 (flags = 0x1)
0   ... 
22  ---------O                                                                (9 = 100.0%) {0.0%}
27  ... 

Histogram: UMA.PersistentHistograms.MountExistingCountsStorageResult recorded 1 samples, mean = 0.0 (flags = 0x1)
0  -O                                                                        (1 = 100.0%)
1  ... 

Histogram: UMA.ProtoCompressionRatio recorded 1 samples, mean = 82.0 (flags = 0x1)
0   ... 
82  -O                                                                        (1 = 100.0%) {0.0%}
83  ... 

Histogram: UMA.Pseudo.PageLoad.LayoutInstability.CumulativeShiftScore recorded 1 samples, mean = 0.0 (flags = 0x1)
0  -O                                                                        (1 = 100.0%)
1  ... 

Histogram: UMA.Pseudo.PageLoad.LayoutInstability.MaxCumulativeShiftScore.SessionWindow.Gap1000ms.Max5000ms2 recorded 1 samples, mean = 5.0 (flags = 0x1)
0  ... 
5  -O                                                                        (1 = 100.0%) {0.0%}
6  ... 

Histogram: UMA.Pseudo.PageLoad.PaintTiming.NavigationToLargestContentfulPaint2 recorded 1 samples, mean = 575.0 (flags = 0x1)
0    ... 
565  -O                                                                        (1 = 100.0%) {0.0%}
632  ... 

Histogram: UMA.SamplingRatePerMille recorded 1 samples (flags = 0x3)
900  -O                                                                        (1 = 100.0%)

Histogram: UMA.UserActionsCount recorded 7 samples, mean = 1.0 (flags = 0x1)
0  O                                                                         (0 = 0.0%)
1  -------O                                                                  (7 = 100.0%) {0.0%}
2  O                                                                         (0 = 0.0%) {100.0%}

Histogram: UnifiedConsent.MakeSearchesAndBrowsingBetter.OnProfileLoad recorded 1 samples, mean = 0.0 (flags = 0x1)
0  -O                                                                        (1 = 100.0%)
1  ... 

Histogram: Variations.AppliedSeed.Size recorded 1 samples, mean = 227534.0 (flags = 0x1)
0       ... 
191569  -O                                                                        (1 = 100.0%) {0.0%}
252312  ... 

Histogram: Variations.AppliedSeed.Size.V2 recorded 1 samples, mean = 227534.0 (flags = 0x1)
0       ... 
196583  -O                                                                        (1 = 100.0%) {0.0%}
272741  ... 

Histogram: Variations.AppliedSeed.StudyCount recorded 1 samples, mean = 604.0 (flags = 0x1)
0    ... 
554  -O                                                                        (1 = 100.0%) {0.0%}
623  ... 

Histogram: Variations.CreateTrials.SeedExpiry recorded 1 samples, mean = 0.0 (flags = 0x1)
0  -O                                                                        (1 = 100.0%)
1  ... 

Histogram: Variations.ExtendedSafeMode.BeaconFileStateAtStartup recorded 1 samples, mean = 0.0 (flags = 0x1)
0  -O                                                                        (1 = 100.0%)
1  ... 

Histogram: Variations.ExtendedSafeMode.BeaconFileWrite recorded 2 samples, mean = 1.0 (flags = 0x1)
0  O                                                                         (0 = 0.0%)
1  --O                                                                       (2 = 100.0%) {0.0%}
2  O                                                                         (0 = 0.0%) {100.0%}

Histogram: Variations.FeatureAccess recorded 1094 samples (flags = 0x1)
-2145869757 -O                                                                        (1 = 0.1%)
-2145384429 -O                                                                        (1 = 0.1%)
-2142950691 -O                                                                        (1 = 0.1%)
-2142718884 -O                                                                        (1 = 0.1%)
-2135552438 -O                                                                        (1 = 0.1%)
-2133167904 -O                                                                        (1 = 0.1%)
-2132319377 -O                                                                        (1 = 0.1%)
-2131661767 -O                                                                        (1 = 0.1%)
-2130221331 -O                                                                        (1 = 0.1%)
-2124500473 -O                                                                        (1 = 0.1%)
-2123048329 -O                                                                        (1 = 0.1%)
-2118094726 -O                                                                        (1 = 0.1%)
-2117579521 -O                                                                        (1 = 0.1%)
-2116789466 -O                                                                        (1 = 0.1%)
-2107538580 -O                                                                        (1 = 0.1%)
-2102298458 -O                                                                        (1 = 0.1%)
-2095384374 -O                                                                        (1 = 0.1%)
-2092355922 -O                                                                        (1 = 0.1%)
-2088646020 -O                                                                        (1 = 0.1%)
-2086567989 -O                                                                        (1 = 0.1%)
-2086183844 -O                                                                        (1 = 0.1%)
-2082548071 -O                                                                        (1 = 0.1%)
-2072745679 -O                                                                        (1 = 0.1%)
-2071487388 -O                                                                        (1 = 0.1%)
-2070623465 -O                                                                        (1 = 0.1%)
-2068513691 -O                                                                        (1 = 0.1%)
-2068180713 -O                                                                        (1 = 0.1%)
-2063702825 -O                                                                        (1 = 0.1%)
-2060232198 -O                                                                        (1 = 0.1%)
-2058067242 -O                                                                        (1 = 0.1%)
-2051244513 -O                                                                        (1 = 0.1%)
-2048350800 -O                                                                        (1 = 0.1%)
-2038935471 -O                                                                        (1 = 0.1%)
-2032335047 -O                                                                        (1 = 0.1%)
-2030858807 -O                                                                        (1 = 0.1%)
-2027521937 -O                                                                        (1 = 0.1%)
-2026430048 -O                                                                        (1 = 0.1%)
-2021461599 -O                                                                        (1 = 0.1%)
-2019550579 -O                                                                        (1 = 0.1%)
-2016703407 -O                                                                        (1 = 0.1%)
-2007367978 -O                                                                        (1 = 0.1%)
-2003020968 -O                                                                        (1 = 0.1%)
-1999341188 -O                                                                        (1 = 0.1%)
-1995209261 -O                                                                        (1 = 0.1%)
-1992505436 -O                                                                        (1 = 0.1%)
-1986499138 -O                                                                        (1 = 0.1%)
-1984191186 -O                                                                        (1 = 0.1%)
-1981181909 -O                                                                        (1 = 0.1%)
-1973556333 -O                                                                        (1 = 0.1%)
-1967329539 -O                                                                        (1 = 0.1%)
-1962460375 -O                                                                        (1 = 0.1%)
-1947809879 -O                                                                        (1 = 0.1%)
-1941288922 -O                                                                        (1 = 0.1%)
-1940787398 -O                                                                        (1 = 0.1%)
-1921825570 -O                                                                        (1 = 0.1%)
-1914946335 -O                                                                        (1 = 0.1%)
-1908102178 -O                                                                        (1 = 0.1%)
-1906867679 -O                                                                        (1 = 0.1%)
-1905886587 -O                                                                        (1 = 0.1%)
-1903991318 -O                                                                        (1 = 0.1%)
-1903657634 -O                                                                        (1 = 0.1%)
-1896785284 -O                                                                        (1 = 0.1%)
-1893533596 -O                                                                        (1 = 0.1%)
-1891529980 -O                                                                        (1 = 0.1%)
-1888723770 -O                                                                        (1 = 0.1%)
-1886812280 -O                                                                        (1 = 0.1%)
-1886162394 -O                                                                        (1 = 0.1%)
-1885506161 -O                                                                        (1 = 0.1%)
-1883405997 -O                                                                        (1 = 0.1%)
-1881178584 -O                                                                        (1 = 0.1%)
-1873061566 -O                                                                        (1 = 0.1%)
-1871827041 -O                                                                        (1 = 0.1%)
-1870265580 -O                                                                        (1 = 0.1%)
-1867603782 -O                                                                        (1 = 0.1%)
-1864523202 -O                                                                        (1 = 0.1%)
-1859983128 -O                                                                        (1 = 0.1%)
-1858910104 -O                                                                        (1 = 0.1%)
-1856790151 -O                                                                        (1 = 0.1%)
-1852028426 -O                                                                        (1 = 0.1%)
-1850079939 -O                                                                        (1 = 0.1%)
-1833695555 -O                                                                        (1 = 0.1%)
-1823174393 -O                                                                        (1 = 0.1%)
-1822861670 -O                                                                        (1 = 0.1%)
-1818184913 -O                                                                        (1 = 0.1%)
-1817078094 -O                                                                        (1 = 0.1%)
-1803691564 -O                                                                        (1 = 0.1%)
-1797120310 -O                                                                        (1 = 0.1%)
-1794442769 -O                                                                        (1 = 0.1%)
-1789293042 -O                                                                        (1 = 0.1%)
-1788575013 -O                                                                        (1 = 0.1%)
-1787691135 -O                                                                        (1 = 0.1%)
-1785165294 -O                                                                        (1 = 0.1%)
-1784875571 -O                                                                        (1 = 0.1%)
-1784638019 -O                                                                        (1 = 0.1%)
-1772223725 -O                                                                        (1 = 0.1%)
-1760445437 -O                                                                        (1 = 0.1%)
-1760372553 -O                                                                        (1 = 0.1%)
-1755135931 -O                                                                        (1 = 0.1%)
-1749961986 -O                                                                        (1 = 0.1%)
-1738728058 -O                                                                        (1 = 0.1%)
-1738329526 -O                                                                        (1 = 0.1%)
-1735659514 -O                                                                        (1 = 0.1%)
-1728976901 -O                                                                        (1 = 0.1%)
-1726171288 -O                                                                        (1 = 0.1%)
-1724856181 -O                                                                        (1 = 0.1%)
-1711598625 -O                                                                        (1 = 0.1%)
-1711317086 -O                                                                        (1 = 0.1%)
-1704698411 -O                                                                        (1 = 0.1%)
-1703706136 -O                                                                        (1 = 0.1%)
-1692497288 -O                                                                        (1 = 0.1%)
-1688499241 -O                                                                        (1 = 0.1%)
-1688165356 -O                                                                        (1 = 0.1%)
-1685422779 -O                                                                        (1 = 0.1%)
-1684433827 -O                                                                        (1 = 0.1%)
-1683296285 -O                                                                        (1 = 0.1%)
-1679623685 -O                                                                        (1 = 0.1%)
-1677836585 -O                                                                        (1 = 0.1%)
-1676182141 -O                                                                        (1 = 0.1%)
-1674115531 -O                                                                        (1 = 0.1%)
-1671311516 -O                                                                        (1 = 0.1%)
-1666443362 -O                                                                        (1 = 0.1%)
-1665305151 -O                                                                        (1 = 0.1%)
-1663229405 -O                                                                        (1 = 0.1%)
-1661548781 -O                                                                        (1 = 0.1%)
-1660447659 -O                                                                        (1 = 0.1%)
-1659481002 -O                                                                        (1 = 0.1%)
-1658600787 -O                                                                        (1 = 0.1%)
-1656029720 -O                                                                        (1 = 0.1%)
-1651812571 -O                                                                        (1 = 0.1%)
-1650881947 -O                                                                        (1 = 0.1%)
-1650293885 -O                                                                        (1 = 0.1%)
-1641781126 -O                                                                        (1 = 0.1%)
-1638710886 -O                                                                        (1 = 0.1%)
-1637856760 -O                                                                        (1 = 0.1%)
-1636573672 -O                                                                        (1 = 0.1%)
-1634611633 -O                                                                        (1 = 0.1%)
-1626354494 -O                                                                        (1 = 0.1%)
-1622635118 -O                                                                        (1 = 0.1%)
-1620883999 -O                                                                        (1 = 0.1%)
-1618341934 -O                                                                        (1 = 0.1%)
-1613533715 -O                                                                        (1 = 0.1%)
-1609489975 -O                                                                        (1 = 0.1%)
-1608772517 -O                                                                        (1 = 0.1%)
-1606737133 -O                                                                        (1 = 0.1%)
-1601251088 -O                                                                        (1 = 0.1%)
-1597152580 -O                                                                        (1 = 0.1%)
-1593383347 -O                                                                        (1 = 0.1%)
-1588902416 -O                                                                        (1 = 0.1%)
-1577691036 -O                                                                        (1 = 0.1%)
-1568555221 -O                                                                        (1 = 0.1%)
-1557317159 -O                                                                        (1 = 0.1%)
-1555306139 -O                                                                        (1 = 0.1%)
-1553292923 -O                                                                        (1 = 0.1%)
-1552443763 -O                                                                        (1 = 0.1%)
-1548149371 -O                                                                        (1 = 0.1%)
-1547975573 -O                                                                        (1 = 0.1%)
-1544127909 -O                                                                        (1 = 0.1%)
-1534966156 -O                                                                        (1 = 0.1%)
-1530233679 -O                                                                        (1 = 0.1%)
-1522320129 -O                                                                        (1 = 0.1%)
-1521874576 -O                                                                        (1 = 0.1%)
-1518631314 -O                                                                        (1 = 0.1%)
-1516046961 -O                                                                        (1 = 0.1%)
-1514010180 -O                                                                        (1 = 0.1%)
-1512085727 -O                                                                        (1 = 0.1%)
-1510838826 -O                                                                        (1 = 0.1%)
-1506607080 -O                                                                        (1 = 0.1%)
-1502757532 -O                                                                        (1 = 0.1%)
-1502620143 -O                                                                        (1 = 0.1%)
-1500152976 -O                                                                        (1 = 0.1%)
-1498662268 -O                                                                        (1 = 0.1%)
-1492938903 -O                                                                        (1 = 0.1%)
-1489431752 -O                                                                        (1 = 0.1%)
-1488446205 -O                                                                        (1 = 0.1%)
-1488134663 -O                                                                        (1 = 0.1%)
-1487886666 -O                                                                        (1 = 0.1%)
-1487447918 -O                                                                        (1 = 0.1%)
-1479803422 -O                                                                        (1 = 0.1%)
-1479340943 -O                                                                        (1 = 0.1%)
-1477577832 -O                                                                        (1 = 0.1%)
-1473630700 -O                                                                        (1 = 0.1%)
-1470447588 -O                                                                        (1 = 0.1%)
-1469117582 -O                                                                        (1 = 0.1%)
-1468948794 -O                                                                        (1 = 0.1%)
-1467201699 -O                                                                        (1 = 0.1%)
-1457428761 -O                                                                        (1 = 0.1%)
-1451791717 -O                                                                        (1 = 0.1%)
-1450315983 -O                                                                        (1 = 0.1%)
-1448654536 -O                                                                        (1 = 0.1%)
-1443857033 -O                                                                        (1 = 0.1%)
-1438236640 -O                                                                        (1 = 0.1%)
-1437331633 -O                                                                        (1 = 0.1%)
-1429809981 -O                                                                        (1 = 0.1%)
-1422038153 -O                                                                        (1 = 0.1%)
-1420356038 -O                                                                        (1 = 0.1%)
-1416905258 -O                                                                        (1 = 0.1%)
-1415502786 -O                                                                        (1 = 0.1%)
-1411626360 -O                                                                        (1 = 0.1%)
-1407379687 -O                                                                        (1 = 0.1%)
-1396932391 -O                                                                        (1 = 0.1%)
-1393975922 -O                                                                        (1 = 0.1%)
-1387606566 -O                                                                        (1 = 0.1%)
-1384809929 -O                                                                        (1 = 0.1%)
-1384383425 -O                                                                        (1 = 0.1%)
-1383091376 -O                                                                        (1 = 0.1%)
-1379458294 -O                                                                        (1 = 0.1%)
-1374322193 -O                                                                        (1 = 0.1%)
-1371109751 -O                                                                        (1 = 0.1%)
-1368099243 -O                                                                        (1 = 0.1%)
-1349239985 -O                                                                        (1 = 0.1%)
-1343192542 -O                                                                        (1 = 0.1%)
-1340011923 -O                                                                        (1 = 0.1%)
-1335430204 -O                                                                        (1 = 0.1%)
-1326432168 -O                                                                        (1 = 0.1%)
-1326359757 -O                                                                        (1 = 0.1%)
-1325209387 -O                                                                        (1 = 0.1%)
-1321341451 -O                                                                        (1 = 0.1%)
-1319274447 -O                                                                        (1 = 0.1%)
-1318572481 -O                                                                        (1 = 0.1%)
-1313912393 -O                                                                        (1 = 0.1%)
-1311854481 -O                                                                        (1 = 0.1%)
-1311203343 -O                                                                        (1 = 0.1%)
-1307465037 -O                                                                        (1 = 0.1%)
-1307244870 -O                                                                        (1 = 0.1%)
-1303231446 -O                                                                        (1 = 0.1%)
-1298502197 -O                                                                        (1 = 0.1%)
-1288419188 -O                                                                        (1 = 0.1%)
-1287847997 -O                                                                        (1 = 0.1%)
-1285497952 -O                                                                        (1 = 0.1%)
-1285323685 -O                                                                        (1 = 0.1%)
-1281039606 -O                                                                        (1 = 0.1%)
-1274265012 -O                                                                        (1 = 0.1%)
-1273938066 -O                                                                        (1 = 0.1%)
-1263233930 -O                                                                        (1 = 0.1%)
-1260593843 -O                                                                        (1 = 0.1%)
-1251190866 -O                                                                        (1 = 0.1%)
-1249834174 -O                                                                        (1 = 0.1%)
-1245252381 -O                                                                        (1 = 0.1%)
-1241318337 -O                                                                        (1 = 0.1%)
-1237962370 -O                                                                        (1 = 0.1%)
-1231097558 -O                                                                        (1 = 0.1%)
-1230229724 -O                                                                        (1 = 0.1%)
-1228702833 -O                                                                        (1 = 0.1%)
-1226907069 -O                                                                        (1 = 0.1%)
-1226824357 -O                                                                        (1 = 0.1%)
-1221792373 -O                                                                        (1 = 0.1%)
-1221358929 -O                                                                        (1 = 0.1%)
-1219193334 -O                                                                        (1 = 0.1%)
-1217703601 -O                                                                        (1 = 0.1%)
-1217663612 -O                                                                        (1 = 0.1%)
-1216466086 -O                                                                        (1 = 0.1%)
-1215002415 -O                                                                        (1 = 0.1%)
-1205717921 -O                                                                        (1 = 0.1%)
-1205164734 -O                                                                        (1 = 0.1%)
-1204708571 -O                                                                        (1 = 0.1%)
-1204597838 -O                                                                        (1 = 0.1%)
-1200886268 -O                                                                        (1 = 0.1%)
-1197536098 -O                                                                        (1 = 0.1%)
-1195638501 -O                                                                        (1 = 0.1%)
-1190903179 -O                                                                        (1 = 0.1%)
-1187667623 -O                                                                        (1 = 0.1%)
-1184919665 -O                                                                        (1 = 0.1%)
-1182576088 -O                                                                        (1 = 0.1%)
-1175982860 -O                                                                        (1 = 0.1%)
-1170775947 -O                                                                        (1 = 0.1%)
-1167619499 -O                                                                        (1 = 0.1%)
-1165506693 -O                                                                        (1 = 0.1%)
-1165302278 -O                                                                        (1 = 0.1%)
-1160830566 -O                                                                        (1 = 0.1%)
-1159387546 -O                                                                        (1 = 0.1%)
-1155952509 -O                                                                        (1 = 0.1%)
-1152685328 -O                                                                        (1 = 0.1%)
-1145641745 -O                                                                        (1 = 0.1%)
-1134526102 -O                                                                        (1 = 0.1%)
-1134061751 -O                                                                        (1 = 0.1%)
-1121757091 -O                                                                        (1 = 0.1%)
-1116876432 -O                                                                        (1 = 0.1%)
-1113804422 -O                                                                        (1 = 0.1%)
-1104882225 -O                                                                        (1 = 0.1%)
-1104131801 -O                                                                        (1 = 0.1%)
-1091190778 -O                                                                        (1 = 0.1%)
-1087575519 -O                                                                        (1 = 0.1%)
-1085869190 -O                                                                        (1 = 0.1%)
-1083393632 -O                                                                        (1 = 0.1%)
-1081925361 -O                                                                        (1 = 0.1%)
-1078518853 -O                                                                        (1 = 0.1%)
-1074461333 -O                                                                        (1 = 0.1%)
-1071481783 -O                                                                        (1 = 0.1%)
-1068105657 -O                                                                        (1 = 0.1%)
-1065320335 -O                                                                        (1 = 0.1%)
-1064867076 -O                                                                        (1 = 0.1%)
-1064301768 -O                                                                        (1 = 0.1%)
-1056607660 -O                                                                        (1 = 0.1%)
-1056602958 -O                                                                        (1 = 0.1%)
-1051146215 -O                                                                        (1 = 0.1%)
-1049548357 -O                                                                        (1 = 0.1%)
-1049192801 -O                                                                        (1 = 0.1%)
-1049158714 -O                                                                        (1 = 0.1%)
-1044745515 -O                                                                        (1 = 0.1%)
-1042230482 -O                                                                        (1 = 0.1%)
-1039936165 -O                                                                        (1 = 0.1%)
-1033577144 -O                                                                        (1 = 0.1%)
-1032654333 -O                                                                        (1 = 0.1%)
-1027842515 -O                                                                        (1 = 0.1%)
-1024286304 -O                                                                        (1 = 0.1%)
-1022941035 -O                                                                        (1 = 0.1%)
-1022199817 -O                                                                        (1 = 0.1%)
-1016276104 -O                                                                        (1 = 0.1%)
-1015193393 -O                                                                        (1 = 0.1%)
-1014105586 -O                                                                        (1 = 0.1%)
-1012095710 -O                                                                        (1 = 0.1%)
-1007487135 -O                                                                        (1 = 0.1%)
-1002964626 -O                                                                        (1 = 0.1%)
-982544758  -O                                                                        (1 = 0.1%)
-969925462  -O                                                                        (1 = 0.1%)
-969123364  -O                                                                        (1 = 0.1%)
-967033622  -O                                                                        (1 = 0.1%)
-950244418  -O                                                                        (1 = 0.1%)
-948819910  -O                                                                        (1 = 0.1%)
-934318077  -O                                                                        (1 = 0.1%)
-921220228  -O                                                                        (1 = 0.1%)
-919786300  -O                                                                        (1 = 0.1%)
-915547897  -O                                                                        (1 = 0.1%)
-909212394  -O                                                                        (1 = 0.1%)
-892048512  -O                                                                        (1 = 0.1%)
-891183159  -O                                                                        (1 = 0.1%)
-877510970  -O                                                                        (1 = 0.1%)
-873912925  -O                                                                        (1 = 0.1%)
-869987279  -O                                                                        (1 = 0.1%)
-868694230  -O                                                                        (1 = 0.1%)
-846519511  -O                                                                        (1 = 0.1%)
-845563312  -O                                                                        (1 = 0.1%)
-843407542  -O                                                                        (1 = 0.1%)
-838583211  -O                                                                        (1 = 0.1%)
-837633133  -O                                                                        (1 = 0.1%)
-837509356  -O                                                                        (1 = 0.1%)
-832716341  -O                                                                        (1 = 0.1%)
-830373112  -O                                                                        (1 = 0.1%)
-823442709  -O                                                                        (1 = 0.1%)
-820743846  -O                                                                        (1 = 0.1%)
-819665697  -O                                                                        (1 = 0.1%)
-818031166  -O                                                                        (1 = 0.1%)
-814436668  -O                                                                        (1 = 0.1%)
-811535300  -O                                                                        (1 = 0.1%)
-810437722  -O                                                                        (1 = 0.1%)
-807606769  -O                                                                        (1 = 0.1%)
-807202530  -O                                                                        (1 = 0.1%)
-804768953  -O                                                                        (1 = 0.1%)
-804172351  -O                                                                        (1 = 0.1%)
-798606943  -O                                                                        (1 = 0.1%)
-779973379  -O                                                                        (1 = 0.1%)
-779554574  -O                                                                        (1 = 0.1%)
-768898991  -O                                                                        (1 = 0.1%)
-767144696  -O                                                                        (1 = 0.1%)
-767094578  -O                                                                        (1 = 0.1%)
-758278149  -O                                                                        (1 = 0.1%)
-755260595  -O                                                                        (1 = 0.1%)
-752940581  -O                                                                        (1 = 0.1%)
-748115559  -O                                                                        (1 = 0.1%)
-741112468  -O                                                                        (1 = 0.1%)
-740252714  -O                                                                        (1 = 0.1%)
-738168128  -O                                                                        (1 = 0.1%)
-737853651  -O                                                                        (1 = 0.1%)
-730509471  -O                                                                        (1 = 0.1%)
-727594202  -O                                                                        (1 = 0.1%)
-723866759  -O                                                                        (1 = 0.1%)
-722908287  -O                                                                        (1 = 0.1%)
-721367417  -O                                                                        (1 = 0.1%)
-717224835  -O                                                                        (1 = 0.1%)
-711579683  -O                                                                        (1 = 0.1%)
-710519982  -O                                                                        (1 = 0.1%)
-705874554  -O                                                                        (1 = 0.1%)
-693916429  -O                                                                        (1 = 0.1%)
-693272678  -O                                                                        (1 = 0.1%)
-686892857  -O                                                                        (1 = 0.1%)
-685749681  -O                                                                        (1 = 0.1%)
-674352999  -O                                                                        (1 = 0.1%)
-666496099  -O                                                                        (1 = 0.1%)
-656705559  -O                                                                        (1 = 0.1%)
-652883820  -O                                                                        (1 = 0.1%)
-652615638  -O                                                                        (1 = 0.1%)
-649893643  -O                                                                        (1 = 0.1%)
-649857755  -O                                                                        (1 = 0.1%)
-647569023  -O                                                                        (1 = 0.1%)
-647327842  -O                                                                        (1 = 0.1%)
-647321143  -O                                                                        (1 = 0.1%)
-641503653  -O                                                                        (1 = 0.1%)
-635687636  -O                                                                        (1 = 0.1%)
-632734404  -O                                                                        (1 = 0.1%)
-630537623  -O                                                                        (1 = 0.1%)
-627361072  -O                                                                        (1 = 0.1%)
-626588394  -O                                                                        (1 = 0.1%)
-614860742  -O                                                                        (1 = 0.1%)
-612630107  -O                                                                        (1 = 0.1%)
-608945016  -O                                                                        (1 = 0.1%)
-605548490  -O                                                                        (1 = 0.1%)
-602285835  -O                                                                        (1 = 0.1%)
-601999812  -O                                                                        (1 = 0.1%)
-584822871  -O                                                                        (1 = 0.1%)
-578246082  -O                                                                        (1 = 0.1%)
-573442686  -O                                                                        (1 = 0.1%)
-570260697  -O                                                                        (1 = 0.1%)
-570090822  -O                                                                        (1 = 0.1%)
-566659406  -O                                                                        (1 = 0.1%)
-565753573  -O                                                                        (1 = 0.1%)
-565183011  -O                                                                        (1 = 0.1%)
-563025578  -O                                                                        (1 = 0.1%)
-562537721  -O                                                                        (1 = 0.1%)
-561152828  -O                                                                        (1 = 0.1%)
-559256579  -O                                                                        (1 = 0.1%)
-554297769  -O                                                                        (1 = 0.1%)
-548770633  -O                                                                        (1 = 0.1%)
-548255851  -O                                                                        (1 = 0.1%)
-547210436  -O                                                                        (1 = 0.1%)
-543312318  -O                                                                        (1 = 0.1%)
-541926158  -O                                                                        (1 = 0.1%)
-536603818  -O                                                                        (1 = 0.1%)
-532679651  -O                                                                        (1 = 0.1%)
-526233807  -O                                                                        (1 = 0.1%)
-522055251  -O                                                                        (1 = 0.1%)
-519498267  -O                                                                        (1 = 0.1%)
-516808189  -O                                                                        (1 = 0.1%)
-516599012  -O                                                                        (1 = 0.1%)
-514923026  -O                                                                        (1 = 0.1%)
-512950475  -O                                                                        (1 = 0.1%)
-506135020  -O                                                                        (1 = 0.1%)
-506046811  -O                                                                        (1 = 0.1%)
-500401001  -O                                                                        (1 = 0.1%)
-498476324  -O                                                                        (1 = 0.1%)
-494086340  -O                                                                        (1 = 0.1%)
-485763914  -O                                                                        (1 = 0.1%)
-480931309  -O                                                                        (1 = 0.1%)
-473053807  -O                                                                        (1 = 0.1%)
-449493376  -O                                                                        (1 = 0.1%)
-441588425  -O                                                                        (1 = 0.1%)
-434164570  -O                                                                        (1 = 0.1%)
-429885207  -O                                                                        (1 = 0.1%)
-426515111  -O                                                                        (1 = 0.1%)
-420005343  -O                                                                        (1 = 0.1%)
-416111073  -O                                                                        (1 = 0.1%)
-412043378  -O                                                                        (1 = 0.1%)
-411582127  -O                                                                        (1 = 0.1%)
-410734873  -O                                                                        (1 = 0.1%)
-408837618  -O                                                                        (1 = 0.1%)
-406115708  -O                                                                        (1 = 0.1%)
-402617088  -O                                                                        (1 = 0.1%)
-396546000  -O                                                                        (1 = 0.1%)
-386480243  -O                                                                        (1 = 0.1%)
-384422827  -O                                                                        (1 = 0.1%)
-382056976  -O                                                                        (1 = 0.1%)
-377205440  -O                                                                        (1 = 0.1%)
-370979455  -O                                                                        (1 = 0.1%)
-363021704  -O                                                                        (1 = 0.1%)
-362063204  -O                                                                        (1 = 0.1%)
-360070260  -O                                                                        (1 = 0.1%)
-359833222  -O                                                                        (1 = 0.1%)
-355396818  -O                                                                        (1 = 0.1%)
-355211874  -O                                                                        (1 = 0.1%)
-354651229  -O                                                                        (1 = 0.1%)
-353578783  -O                                                                        (1 = 0.1%)
-346977706  -O                                                                        (1 = 0.1%)
-340062021  -O                                                                        (1 = 0.1%)
-337400621  -O                                                                        (1 = 0.1%)
-336737022  -O                                                                        (1 = 0.1%)
-335233151  -O                                                                        (1 = 0.1%)
-332311586  -O                                                                        (1 = 0.1%)
-329255152  -O                                                                        (1 = 0.1%)
-327894069  -O                                                                        (1 = 0.1%)
-326034237  -O                                                                        (1 = 0.1%)
-325881338  -O                                                                        (1 = 0.1%)
-325811938  -O                                                                        (1 = 0.1%)
-309276699  -O                                                                        (1 = 0.1%)
-307688656  -O                                                                        (1 = 0.1%)
-304280190  -O                                                                        (1 = 0.1%)
-298008975  -O                                                                        (1 = 0.1%)
-295930877  -O                                                                        (1 = 0.1%)
-292676953  -O                                                                        (1 = 0.1%)
-291538660  -O                                                                        (1 = 0.1%)
-281472605  -O                                                                        (1 = 0.1%)
-280533801  -O                                                                        (1 = 0.1%)
-273621893  -O                                                                        (1 = 0.1%)
-272551386  -O                                                                        (1 = 0.1%)
-270634582  -O                                                                        (1 = 0.1%)
-270035833  -O                                                                        (1 = 0.1%)
-264008106  -O                                                                        (1 = 0.1%)
-260445951  -O                                                                        (1 = 0.1%)
-259169281  -O                                                                        (1 = 0.1%)
-257966146  -O                                                                        (1 = 0.1%)
-236527470  -O                                                                        (1 = 0.1%)
-232605228  -O                                                                        (1 = 0.1%)
-224725106  -O                                                                        (1 = 0.1%)
-216730183  -O                                                                        (1 = 0.1%)
-215293331  -O                                                                        (1 = 0.1%)
-215273883  -O                                                                        (1 = 0.1%)
-211220351  -O                                                                        (1 = 0.1%)
-208378545  -O                                                                        (1 = 0.1%)
-207015805  -O                                                                        (1 = 0.1%)
-203688515  -O                                                                        (1 = 0.1%)
-202553235  -O                                                                        (1 = 0.1%)
-199910589  -O                                                                        (1 = 0.1%)
-179758137  -O                                                                        (1 = 0.1%)
-177830980  -O                                                                        (1 = 0.1%)
-165620841  -O                                                                        (1 = 0.1%)
-165265259  -O                                                                        (1 = 0.1%)
-162629644  -O                                                                        (1 = 0.1%)
-161487917  -O                                                                        (1 = 0.1%)
-158333951  -O                                                                        (1 = 0.1%)
-151665342  -O                                                                        (1 = 0.1%)
-150047060  -O                                                                        (1 = 0.1%)
-146874536  -O                                                                        (1 = 0.1%)
-145841236  -O                                                                        (1 = 0.1%)
-144439788  -O                                                                        (1 = 0.1%)
-140414497  -O                                                                        (1 = 0.1%)
-139594597  -O                                                                        (1 = 0.1%)
-126461160  -O                                                                        (1 = 0.1%)
-122834900  -O                                                                        (1 = 0.1%)
-108627637  -O                                                                        (1 = 0.1%)
-107324234  -O                                                                        (1 = 0.1%)
-105097242  -O                                                                        (1 = 0.1%)
-104967858  -O                                                                        (1 = 0.1%)
-102488104  -O                                                                        (1 = 0.1%)
-99634165   -O                                                                        (1 = 0.1%)
-96297854   -O                                                                        (1 = 0.1%)
-81100378   -O                                                                        (1 = 0.1%)
-78557390   -O                                                                        (1 = 0.1%)
-74261947   -O                                                                        (1 = 0.1%)
-69807469   -O                                                                        (1 = 0.1%)
-68137922   -O                                                                        (1 = 0.1%)
-65564450   -O                                                                        (1 = 0.1%)
-60191898   -O                                                                        (1 = 0.1%)
-56279600   -O                                                                        (1 = 0.1%)
-48358731   -O                                                                        (1 = 0.1%)
-45403844   -O                                                                        (1 = 0.1%)
-43843929   -O                                                                        (1 = 0.1%)
-43192377   -O                                                                        (1 = 0.1%)
-23209715   -O                                                                        (1 = 0.1%)
-19644006   -O                                                                        (1 = 0.1%)
-17890915   -O                                                                        (1 = 0.1%)
-14044739   -O                                                                        (1 = 0.1%)
-12700192   -O                                                                        (1 = 0.1%)
-11740210   -O                                                                        (1 = 0.1%)
-10463558   -O                                                                        (1 = 0.1%)
-2678114    -O                                                                        (1 = 0.1%)
-6301       -O                                                                        (1 = 0.1%)
1171460     -O                                                                        (1 = 0.1%)
10652703    -O                                                                        (1 = 0.1%)
13167029    -O                                                                        (1 = 0.1%)
20850721    -O                                                                        (1 = 0.1%)
24348400    -O                                                                        (1 = 0.1%)
30829796    -O                                                                        (1 = 0.1%)
31935084    -O                                                                        (1 = 0.1%)
35254614    -O                                                                        (1 = 0.1%)
40719996    -O                                                                        (1 = 0.1%)
41534857    -O                                                                        (1 = 0.1%)
42752991    -O                                                                        (1 = 0.1%)
48133705    -O                                                                        (1 = 0.1%)
59221068    -O                                                                        (1 = 0.1%)
59269257    -O                                                                        (1 = 0.1%)
63400227    -O                                                                        (1 = 0.1%)
64618105    -O                                                                        (1 = 0.1%)
68558157    -O                                                                        (1 = 0.1%)
69114502    -O                                                                        (1 = 0.1%)
70489579    -O                                                                        (1 = 0.1%)
72890993    -O                                                                        (1 = 0.1%)
87152686    -O                                                                        (1 = 0.1%)
93578993    -O                                                                        (1 = 0.1%)
98757146    -O                                                                        (1 = 0.1%)
105698267   -O                                                                        (1 = 0.1%)
115764684   -O                                                                        (1 = 0.1%)
119135443   -O                                                                        (1 = 0.1%)
122435175   -O                                                                        (1 = 0.1%)
123942091   -O                                                                        (1 = 0.1%)
126673147   -O                                                                        (1 = 0.1%)
128817829   -O                                                                        (1 = 0.1%)
131680643   -O                                                                        (1 = 0.1%)
140237334   -O                                                                        (1 = 0.1%)
140506361   -O                                                                        (1 = 0.1%)
141548103   -O                                                                        (1 = 0.1%)
144153869   -O                                                                        (1 = 0.1%)
145106208   -O                                                                        (1 = 0.1%)
150473744   -O                                                                        (1 = 0.1%)
152877720   -O                                                                        (1 = 0.1%)
157238201   -O                                                                        (1 = 0.1%)
163156895   -O                                                                        (1 = 0.1%)
173119200   -O                                                                        (1 = 0.1%)
173189736   -O                                                                        (1 = 0.1%)
173876332   -O                                                                        (1 = 0.1%)
180753942   -O                                                                        (1 = 0.1%)
181204854   -O                                                                        (1 = 0.1%)
187629702   -O                                                                        (1 = 0.1%)
189943527   -O                                                                        (1 = 0.1%)
190219904   -O                                                                        (1 = 0.1%)
190303437   -O                                                                        (1 = 0.1%)
190688834   -O                                                                        (1 = 0.1%)
191225949   -O                                                                        (1 = 0.1%)
195828957   -O                                                                        (1 = 0.1%)
199554416   -O                                                                        (1 = 0.1%)
202679858   -O                                                                        (1 = 0.1%)
202773422   -O                                                                        (1 = 0.1%)
204450333   -O                                                                        (1 = 0.1%)
207650986   -O                                                                        (1 = 0.1%)
213883672   -O                                                                        (1 = 0.1%)
216427602   -O                                                                        (1 = 0.1%)
216775511   -O                                                                        (1 = 0.1%)
218641390   -O                                                                        (1 = 0.1%)
224723189   -O                                                                        (1 = 0.1%)
224923078   -O                                                                        (1 = 0.1%)
228140132   -O                                                                        (1 = 0.1%)
228918698   -O                                                                        (1 = 0.1%)
233624452   -O                                                                        (1 = 0.1%)
237854718   -O                                                                        (1 = 0.1%)
237993433   -O                                                                        (1 = 0.1%)
238763780   -O                                                                        (1 = 0.1%)
239956632   -O                                                                        (1 = 0.1%)
240240699   -O                                                                        (1 = 0.1%)
240877432   -O                                                                        (1 = 0.1%)
242040082   -O                                                                        (1 = 0.1%)
254190120   -O                                                                        (1 = 0.1%)
259669705   -O                                                                        (1 = 0.1%)
265379224   -O                                                                        (1 = 0.1%)
270624428   -O                                                                        (1 = 0.1%)
271157106   -O                                                                        (1 = 0.1%)
276319540   -O                                                                        (1 = 0.1%)
280629231   -O                                                                        (1 = 0.1%)
283411442   -O                                                                        (1 = 0.1%)
284785381   -O                                                                        (1 = 0.1%)
288257372   -O                                                                        (1 = 0.1%)
296915847   -O                                                                        (1 = 0.1%)
299463670   -O                                                                        (1 = 0.1%)
301764056   -O                                                                        (1 = 0.1%)
304494069   -O                                                                        (1 = 0.1%)
305862212   -O                                                                        (1 = 0.1%)
310256564   -O                                                                        (1 = 0.1%)
315422501   -O                                                                        (1 = 0.1%)
322552025   -O                                                                        (1 = 0.1%)
326104825   -O                                                                        (1 = 0.1%)
329525767   -O                                                                        (1 = 0.1%)
331875907   -O                                                                        (1 = 0.1%)
333867337   -O                                                                        (1 = 0.1%)
337310237   -O                                                                        (1 = 0.1%)
340181216   -O                                                                        (1 = 0.1%)
344183154   -O                                                                        (1 = 0.1%)
348632295   -O                                                                        (1 = 0.1%)
358642704   -O                                                                        (1 = 0.1%)
362151914   -O                                                                        (1 = 0.1%)
365027022   -O                                                                        (1 = 0.1%)
365913335   -O                                                                        (1 = 0.1%)
366064344   -O                                                                        (1 = 0.1%)
367743903   -O                                                                        (1 = 0.1%)
369146031   -O                                                                        (1 = 0.1%)
373279773   -O                                                                        (1 = 0.1%)
381644806   -O                                                                        (1 = 0.1%)
387541329   -O                                                                        (1 = 0.1%)
391992464   -O                                                                        (1 = 0.1%)
394507292   -O                                                                        (1 = 0.1%)
395217719   -O                                                                        (1 = 0.1%)
402854499   -O                                                                        (1 = 0.1%)
415058822   -O                                                                        (1 = 0.1%)
421394463   -O                                                                        (1 = 0.1%)
428086230   -O                                                                        (1 = 0.1%)
428318796   -O                                                                        (1 = 0.1%)
429119433   -O                                                                        (1 = 0.1%)
435853294   -O                                                                        (1 = 0.1%)
437594665   -O                                                                        (1 = 0.1%)
438331638   -O                                                                        (1 = 0.1%)
442858647   -O                                                                        (1 = 0.1%)
454473770   -O                                                                        (1 = 0.1%)
473134879   -O                                                                        (1 = 0.1%)
474825876   -O                                                                        (1 = 0.1%)
484427022   -O                                                                        (1 = 0.1%)
485578342   -O                                                                        (1 = 0.1%)
485903736   -O                                                                        (1 = 0.1%)
492662271   -O                                                                        (1 = 0.1%)
495345096   -O                                                                        (1 = 0.1%)
496832312   -O                                                                        (1 = 0.1%)
501811310   -O                                                                        (1 = 0.1%)
503119660   -O                                                                        (1 = 0.1%)
511435904   -O                                                                        (1 = 0.1%)
514007633   -O                                                                        (1 = 0.1%)
517589044   -O                                                                        (1 = 0.1%)
522041050   -O                                                                        (1 = 0.1%)
525817510   -O                                                                        (1 = 0.1%)
527496450   -O                                                                        (1 = 0.1%)
528170159   -O                                                                        (1 = 0.1%)
529850105   -O                                                                        (1 = 0.1%)
533100406   -O                                                                        (1 = 0.1%)
535189609   -O                                                                        (1 = 0.1%)
536065358   -O                                                                        (1 = 0.1%)
536804122   -O                                                                        (1 = 0.1%)
539743242   -O                                                                        (1 = 0.1%)
539928835   -O                                                                        (1 = 0.1%)
560966240   -O                                                                        (1 = 0.1%)
565493691   -O                                                                        (1 = 0.1%)
568622890   -O                                                                        (1 = 0.1%)
570325247   -O                                                                        (1 = 0.1%)
573111415   -O                                                                        (1 = 0.1%)
580152289   -O                                                                        (1 = 0.1%)
586648013   -O                                                                        (1 = 0.1%)
595981361   -O                                                                        (1 = 0.1%)
596003312   -O                                                                        (1 = 0.1%)
597931456   -O                                                                        (1 = 0.1%)
598827249   -O                                                                        (1 = 0.1%)
602026053   -O                                                                        (1 = 0.1%)
604475936   -O                                                                        (1 = 0.1%)
608288828   -O                                                                        (1 = 0.1%)
610130348   -O                                                                        (1 = 0.1%)
614852686   -O                                                                        (1 = 0.1%)
615017398   -O                                                                        (1 = 0.1%)
618784215   -O                                                                        (1 = 0.1%)
621831742   -O                                                                        (1 = 0.1%)
621966228   -O                                                                        (1 = 0.1%)
626310230   -O                                                                        (1 = 0.1%)
631840768   -O                                                                        (1 = 0.1%)
638316413   -O                                                                        (1 = 0.1%)
643563980   -O                                                                        (1 = 0.1%)
648687128   -O                                                                        (1 = 0.1%)
650260154   -O                                                                        (1 = 0.1%)
654040171   -O                                                                        (1 = 0.1%)
659620224   -O                                                                        (1 = 0.1%)
665081717   -O                                                                        (1 = 0.1%)
671367647   -O                                                                        (1 = 0.1%)
672687826   -O                                                                        (1 = 0.1%)
675214097   -O                                                                        (1 = 0.1%)
675943413   -O                                                                        (1 = 0.1%)
680673438   -O                                                                        (1 = 0.1%)
681400080   -O                                                                        (1 = 0.1%)
682867558   -O                                                                        (1 = 0.1%)
684909481   -O                                                                        (1 = 0.1%)
697525570   -O                                                                        (1 = 0.1%)
704550595   -O                                                                        (1 = 0.1%)
707444699   -O                                                                        (1 = 0.1%)
711130131   -O                                                                        (1 = 0.1%)
713242337   -O                                                                        (1 = 0.1%)
713485102   -O                                                                        (1 = 0.1%)
717619853   -O                                                                        (1 = 0.1%)
718807221   -O                                                                        (1 = 0.1%)
720628981   -O                                                                        (1 = 0.1%)
723519979   -O                                                                        (1 = 0.1%)
728170710   -O                                                                        (1 = 0.1%)
732710317   -O                                                                        (1 = 0.1%)
743024375   -O                                                                        (1 = 0.1%)
744420423   -O                                                                        (1 = 0.1%)
748164110   -O                                                                        (1 = 0.1%)
748711191   -O                                                                        (1 = 0.1%)
751003159   -O                                                                        (1 = 0.1%)
759649158   -O                                                                        (1 = 0.1%)
761967206   -O                                                                        (1 = 0.1%)
768069684   -O                                                                        (1 = 0.1%)
769518020   -O                                                                        (1 = 0.1%)
770026269   -O                                                                        (1 = 0.1%)
770461997   -O                                                                        (1 = 0.1%)
772571709   -O                                                                        (1 = 0.1%)
775040515   -O                                                                        (1 = 0.1%)
778000320   -O                                                                        (1 = 0.1%)
780542868   -O                                                                        (1 = 0.1%)
781973865   -O                                                                        (1 = 0.1%)
782061913   -O                                                                        (1 = 0.1%)
783089855   -O                                                                        (1 = 0.1%)
787403901   -O                                                                        (1 = 0.1%)
787457778   -O                                                                        (1 = 0.1%)
787942611   -O                                                                        (1 = 0.1%)
788859383   -O                                                                        (1 = 0.1%)
793646023   -O                                                                        (1 = 0.1%)
796453587   -O                                                                        (1 = 0.1%)
807543636   -O                                                                        (1 = 0.1%)
810696877   -O                                                                        (1 = 0.1%)
811480936   -O                                                                        (1 = 0.1%)
811849759   -O                                                                        (1 = 0.1%)
818174885   -O                                                                        (1 = 0.1%)
822905842   -O                                                                        (1 = 0.1%)
826939846   -O                                                                        (1 = 0.1%)
826980127   -O                                                                        (1 = 0.1%)
831294049   -O                                                                        (1 = 0.1%)
832704520   -O                                                                        (1 = 0.1%)
835442743   -O                                                                        (1 = 0.1%)
840746654   -O                                                                        (1 = 0.1%)
842030887   -O                                                                        (1 = 0.1%)
847277647   -O                                                                        (1 = 0.1%)
852886919   -O                                                                        (1 = 0.1%)
855291490   -O                                                                        (1 = 0.1%)
855421857   -O                                                                        (1 = 0.1%)
863847320   -O                                                                        (1 = 0.1%)
866302182   -O                                                                        (1 = 0.1%)
877861501   -O                                                                        (1 = 0.1%)
882028443   -O                                                                        (1 = 0.1%)
884726905   -O                                                                        (1 = 0.1%)
886232594   -O                                                                        (1 = 0.1%)
887544668   -O                                                                        (1 = 0.1%)
890776444   -O                                                                        (1 = 0.1%)
895729307   -O                                                                        (1 = 0.1%)
901842633   -O                                                                        (1 = 0.1%)
906079591   -O                                                                        (1 = 0.1%)
908631188   -O                                                                        (1 = 0.1%)
915294771   -O                                                                        (1 = 0.1%)
919092195   -O                                                                        (1 = 0.1%)
924723432   -O                                                                        (1 = 0.1%)
925450654   -O                                                                        (1 = 0.1%)
925721579   -O                                                                        (1 = 0.1%)
928785784   -O                                                                        (1 = 0.1%)
930725523   -O                                                                        (1 = 0.1%)
932276704   -O                                                                        (1 = 0.1%)
933111391   -O                                                                        (1 = 0.1%)
949507937   -O                                                                        (1 = 0.1%)
959291264   -O                                                                        (1 = 0.1%)
962216855   -O                                                                        (1 = 0.1%)
966976872   -O                                                                        (1 = 0.1%)
967866421   -O                                                                        (1 = 0.1%)
968585465   -O                                                                        (1 = 0.1%)
969062971   -O                                                                        (1 = 0.1%)
971788739   -O                                                                        (1 = 0.1%)
973030584   -O                                                                        (1 = 0.1%)
977023550   -O                                                                        (1 = 0.1%)
986315961   -O                                                                        (1 = 0.1%)
986827134   -O                                                                        (1 = 0.1%)
988158415   -O                                                                        (1 = 0.1%)
989585550   -O                                                                        (1 = 0.1%)
999412808   -O                                                                        (1 = 0.1%)
1000787032  -O                                                                        (1 = 0.1%)
1003887156  -O                                                                        (1 = 0.1%)
1016564569  -O                                                                        (1 = 0.1%)
1027171324  -O                                                                        (1 = 0.1%)
1035653911  -O                                                                        (1 = 0.1%)
1036355324  -O                                                                        (1 = 0.1%)
1040402327  -O                                                                        (1 = 0.1%)
1040504811  -O                                                                        (1 = 0.1%)
1042196098  -O                                                                        (1 = 0.1%)
1046949849  -O                                                                        (1 = 0.1%)
1049574092  -O                                                                        (1 = 0.1%)
1054475148  -O                                                                        (1 = 0.1%)
1057076752  -O                                                                        (1 = 0.1%)
1062997723  -O                                                                        (1 = 0.1%)
1064210974  -O                                                                        (1 = 0.1%)
1065257349  -O                                                                        (1 = 0.1%)
1067814442  -O                                                                        (1 = 0.1%)
1069377842  -O                                                                        (1 = 0.1%)
1070101128  -O                                                                        (1 = 0.1%)
1070526649  -O                                                                        (1 = 0.1%)
1072948060  -O                                                                        (1 = 0.1%)
1077239320  -O                                                                        (1 = 0.1%)
1078028982  -O                                                                        (1 = 0.1%)
1078852383  -O                                                                        (1 = 0.1%)
1081479179  -O                                                                        (1 = 0.1%)
1088669215  -O                                                                        (1 = 0.1%)
1091644744  -O                                                                        (1 = 0.1%)
1092316494  -O                                                                        (1 = 0.1%)
1095158822  -O                                                                        (1 = 0.1%)
1099064605  -O                                                                        (1 = 0.1%)
1109724149  -O                                                                        (1 = 0.1%)
1114935574  -O                                                                        (1 = 0.1%)
1118476053  -O                                                                        (1 = 0.1%)
1122463538  -O                                                                        (1 = 0.1%)
1127060580  -O                                                                        (1 = 0.1%)
1127113212  -O                                                                        (1 = 0.1%)
1128649040  -O                                                                        (1 = 0.1%)
1138447542  -O                                                                        (1 = 0.1%)
1146166635  -O                                                                        (1 = 0.1%)
1150766364  -O                                                                        (1 = 0.1%)
1157034639  -O                                                                        (1 = 0.1%)
1166242622  -O                                                                        (1 = 0.1%)
1174122918  -O                                                                        (1 = 0.1%)
1177112123  -O                                                                        (1 = 0.1%)
1179054107  -O                                                                        (1 = 0.1%)
1184353886  -O                                                                        (1 = 0.1%)
1190355537  -O                                                                        (1 = 0.1%)
1196468380  -O                                                                        (1 = 0.1%)
1204126224  -O                                                                        (1 = 0.1%)
1208454642  -O                                                                        (1 = 0.1%)
1212414187  -O                                                                        (1 = 0.1%)
1217227946  -O                                                                        (1 = 0.1%)
1219024460  -O                                                                        (1 = 0.1%)
1221070861  -O                                                                        (1 = 0.1%)
1222528820  -O                                                                        (1 = 0.1%)
1223362865  -O                                                                        (1 = 0.1%)
1229187062  -O                                                                        (1 = 0.1%)
1229528890  -O                                                                        (1 = 0.1%)
1230594779  -O                                                                        (1 = 0.1%)
1230693414  -O                                                                        (1 = 0.1%)
1238676194  -O                                                                        (1 = 0.1%)
1244485374  -O                                                                        (1 = 0.1%)
1244701693  -O                                                                        (1 = 0.1%)
1253247623  -O                                                                        (1 = 0.1%)
1264787918  -O                                                                        (1 = 0.1%)
1266162257  -O                                                                        (1 = 0.1%)
1268001787  -O                                                                        (1 = 0.1%)
1276760156  -O                                                                        (1 = 0.1%)
1279460878  -O                                                                        (1 = 0.1%)
1280183490  -O                                                                        (1 = 0.1%)
1283609399  -O                                                                        (1 = 0.1%)
1286195915  -O                                                                        (1 = 0.1%)
1287815939  -O                                                                        (1 = 0.1%)
1289710144  -O                                                                        (1 = 0.1%)
1299036421  -O                                                                        (1 = 0.1%)
1303688396  -O                                                                        (1 = 0.1%)
1304621603  -O                                                                        (1 = 0.1%)
1314327410  -O                                                                        (1 = 0.1%)
1320786126  -O                                                                        (1 = 0.1%)
1322026317  -O                                                                        (1 = 0.1%)
1323038415  -O                                                                        (1 = 0.1%)
1325055724  -O                                                                        (1 = 0.1%)
1333376455  -O                                                                        (1 = 0.1%)
1344205832  -O                                                                        (1 = 0.1%)
1357837611  -O                                                                        (1 = 0.1%)
1362357059  -O                                                                        (1 = 0.1%)
1364307783  -O                                                                        (1 = 0.1%)
1369034087  -O                                                                        (1 = 0.1%)
1378756643  -O                                                                        (1 = 0.1%)
1393326858  -O                                                                        (1 = 0.1%)
1394272239  -O                                                                        (1 = 0.1%)
1403753528  -O                                                                        (1 = 0.1%)
1406198230  -O                                                                        (1 = 0.1%)
1408933162  -O                                                                        (1 = 0.1%)
1421768776  -O                                                                        (1 = 0.1%)
1440555470  -O                                                                        (1 = 0.1%)
1453073480  -O                                                                        (1 = 0.1%)
1466722568  -O                                                                        (1 = 0.1%)
1473407800  -O                                                                        (1 = 0.1%)
1478684461  -O                                                                        (1 = 0.1%)
1479958148  -O                                                                        (1 = 0.1%)
1485854100  -O                                                                        (1 = 0.1%)
1487197080  -O                                                                        (1 = 0.1%)
1492148979  -O                                                                        (1 = 0.1%)
1495087254  -O                                                                        (1 = 0.1%)
1495121320  -O                                                                        (1 = 0.1%)
1496404932  -O                                                                        (1 = 0.1%)
1498336596  -O                                                                        (1 = 0.1%)
1500777042  -O                                                                        (1 = 0.1%)
1506130378  -O                                                                        (1 = 0.1%)
1506213657  -O                                                                        (1 = 0.1%)
1508219773  -O                                                                        (1 = 0.1%)
1508587357  -O                                                                        (1 = 0.1%)
1516664014  -O                                                                        (1 = 0.1%)
1518425317  -O                                                                        (1 = 0.1%)
1522495696  -O                                                                        (1 = 0.1%)
1529825604  -O                                                                        (1 = 0.1%)
1536988322  -O                                                                        (1 = 0.1%)
1537201223  -O                                                                        (1 = 0.1%)
1537607498  -O                                                                        (1 = 0.1%)
1540526872  -O                                                                        (1 = 0.1%)
1545625355  -O                                                                        (1 = 0.1%)
1546696789  -O                                                                        (1 = 0.1%)
1561815194  -O                                                                        (1 = 0.1%)
1576814452  -O                                                                        (1 = 0.1%)
1579611292  -O                                                                        (1 = 0.1%)
1580801830  -O                                                                        (1 = 0.1%)
1588267342  -O                                                                        (1 = 0.1%)
1589069224  -O                                                                        (1 = 0.1%)
1594065002  -O                                                                        (1 = 0.1%)
1598917456  -O                                                                        (1 = 0.1%)
1603134104  -O                                                                        (1 = 0.1%)
1610972690  -O                                                                        (1 = 0.1%)
1613256920  -O                                                                        (1 = 0.1%)
1617736959  -O                                                                        (1 = 0.1%)
1618058642  -O                                                                        (1 = 0.1%)
1625701043  -O                                                                        (1 = 0.1%)
1628349947  -O                                                                        (1 = 0.1%)
1633770736  -O                                                                        (1 = 0.1%)
1636688301  -O                                                                        (1 = 0.1%)
1638576851  -O                                                                        (1 = 0.1%)
1640390781  -O                                                                        (1 = 0.1%)
1640401204  -O                                                                        (1 = 0.1%)
1644632101  -O                                                                        (1 = 0.1%)
1650438826  -O                                                                        (1 = 0.1%)
1662315904  -O                                                                        (1 = 0.1%)
1671357907  -O                                                                        (1 = 0.1%)
1671448157  -O                                                                        (1 = 0.1%)
1673134322  -O                                                                        (1 = 0.1%)
1673618092  -O                                                                        (1 = 0.1%)
1676326418  -O                                                                        (1 = 0.1%)
1679064970  -O                                                                        (1 = 0.1%)
1684658042  -O                                                                        (1 = 0.1%)
1691859835  -O                                                                        (1 = 0.1%)
1695670841  -O                                                                        (1 = 0.1%)
1699548770  -O                                                                        (1 = 0.1%)
1705570794  -O                                                                        (1 = 0.1%)
1706102350  -O                                                                        (1 = 0.1%)
1716383637  -O                                                                        (1 = 0.1%)
1724980728  -O                                                                        (1 = 0.1%)
1740992949  -O                                                                        (1 = 0.1%)
1742399555  -O                                                                        (1 = 0.1%)
1742958245  -O                                                                        (1 = 0.1%)
1744609135  -O                                                                        (1 = 0.1%)
1747057854  -O                                                                        (1 = 0.1%)
1748394281  -O                                                                        (1 = 0.1%)
1759088876  -O                                                                        (1 = 0.1%)
1760613021  -O                                                                        (1 = 0.1%)
1770948273  -O                                                                        (1 = 0.1%)
1775382144  -O                                                                        (1 = 0.1%)
1785170238  -O                                                                        (1 = 0.1%)
1787376275  -O                                                                        (1 = 0.1%)
1789749661  -O                                                                        (1 = 0.1%)
1792590003  -O                                                                        (1 = 0.1%)
1796728600  -O                                                                        (1 = 0.1%)
1799862370  -O                                                                        (1 = 0.1%)
1803370640  -O                                                                        (1 = 0.1%)
1816811671  -O                                                                        (1 = 0.1%)
1820030748  -O                                                                        (1 = 0.1%)
1825999509  -O                                                                        (1 = 0.1%)
1827515036  -O                                                                        (1 = 0.1%)
1829331278  -O                                                                        (1 = 0.1%)
1831128875  -O                                                                        (1 = 0.1%)
1832982721  -O                                                                        (1 = 0.1%)
1834997269  -O                                                                        (1 = 0.1%)
1838400867  -O                                                                        (1 = 0.1%)
1840175891  -O                                                                        (1 = 0.1%)
1841973318  -O                                                                        (1 = 0.1%)
1843307049  -O                                                                        (1 = 0.1%)
1848990866  -O                                                                        (1 = 0.1%)
1852514881  -O                                                                        (1 = 0.1%)
1858620917  -O                                                                        (1 = 0.1%)
1863444102  -O                                                                        (1 = 0.1%)
1870663438  -O                                                                        (1 = 0.1%)
1879830830  -O                                                                        (1 = 0.1%)
1882164241  -O                                                                        (1 = 0.1%)
1883261690  -O                                                                        (1 = 0.1%)
1883525451  -O                                                                        (1 = 0.1%)
1887093429  -O                                                                        (1 = 0.1%)
1891763329  -O                                                                        (1 = 0.1%)
1896790961  -O                                                                        (1 = 0.1%)
1906461193  -O                                                                        (1 = 0.1%)
1907077497  -O                                                                        (1 = 0.1%)
1920289649  -O                                                                        (1 = 0.1%)
1920549189  -O                                                                        (1 = 0.1%)
1921626647  -O                                                                        (1 = 0.1%)
1924857150  -O                                                                        (1 = 0.1%)
1927499307  -O                                                                        (1 = 0.1%)
1934920204  -O                                                                        (1 = 0.1%)
1936205171  -O                                                                        (1 = 0.1%)
1943306457  -O                                                                        (1 = 0.1%)
1945377819  -O                                                                        (1 = 0.1%)
1946363378  -O                                                                        (1 = 0.1%)
1947606054  -O                                                                        (1 = 0.1%)
1950215637  -O                                                                        (1 = 0.1%)
1957067623  -O                                                                        (1 = 0.1%)
1958626956  -O                                                                        (1 = 0.1%)
1963869752  -O                                                                        (1 = 0.1%)
1971057341  -O                                                                        (1 = 0.1%)
1974095402  -O                                                                        (1 = 0.1%)
1976013947  -O                                                                        (1 = 0.1%)
1977291722  -O                                                                        (1 = 0.1%)
1980671376  -O                                                                        (1 = 0.1%)
1980857306  -O                                                                        (1 = 0.1%)
1984871569  -O                                                                        (1 = 0.1%)
1991456886  -O                                                                        (1 = 0.1%)
1997070255  -O                                                                        (1 = 0.1%)
2002826674  -O                                                                        (1 = 0.1%)
2005208175  -O                                                                        (1 = 0.1%)
2005883068  -O                                                                        (1 = 0.1%)
2010484956  -O                                                                        (1 = 0.1%)
2011448837  -O                                                                        (1 = 0.1%)
2011925080  -O                                                                        (1 = 0.1%)
2014181330  -O                                                                        (1 = 0.1%)
2015488130  -O                                                                        (1 = 0.1%)
2018147986  -O                                                                        (1 = 0.1%)
2021531283  -O                                                                        (1 = 0.1%)
2025929491  -O                                                                        (1 = 0.1%)
2033050963  -O                                                                        (1 = 0.1%)
2033127418  -O                                                                        (1 = 0.1%)
2033920831  -O                                                                        (1 = 0.1%)
2038081675  -O                                                                        (1 = 0.1%)
2040130620  -O                                                                        (1 = 0.1%)
2043583044  -O                                                                        (1 = 0.1%)
2047845386  -O                                                                        (1 = 0.1%)
2053325236  -O                                                                        (1 = 0.1%)
2053373274  -O                                                                        (1 = 0.1%)
2061578662  -O                                                                        (1 = 0.1%)
2063128304  -O                                                                        (1 = 0.1%)
2066909528  -O                                                                        (1 = 0.1%)
2068237393  -O                                                                        (1 = 0.1%)
2068730428  -O                                                                        (1 = 0.1%)
2080141252  -O                                                                        (1 = 0.1%)
2081264511  -O                                                                        (1 = 0.1%)
2081599086  -O                                                                        (1 = 0.1%)
2083293048  -O                                                                        (1 = 0.1%)
2085326523  -O                                                                        (1 = 0.1%)
2085935337  -O                                                                        (1 = 0.1%)
2086351182  -O                                                                        (1 = 0.1%)
2096067396  -O                                                                        (1 = 0.1%)
2101183467  -O                                                                        (1 = 0.1%)
2103274281  -O                                                                        (1 = 0.1%)
2106223837  -O                                                                        (1 = 0.1%)
2107392006  -O                                                                        (1 = 0.1%)
2110501640  -O                                                                        (1 = 0.1%)
2120398823  -O                                                                        (1 = 0.1%)
2120939159  -O                                                                        (1 = 0.1%)
2122394731  -O                                                                        (1 = 0.1%)
2122592643  -O                                                                        (1 = 0.1%)
2127301515  -O                                                                        (1 = 0.1%)
2127521427  -O                                                                        (1 = 0.1%)
2132339105  -O                                                                        (1 = 0.1%)
2139580414  -O                                                                        (1 = 0.1%)
2143316998  -O                                                                        (1 = 0.1%)
2143471324  -O                                                                        (1 = 0.1%)
2147155898  -O                                                                        (1 = 0.1%)
2147300977  -O                                                                        (1 = 0.1%)

Histogram: Variations.ForcedFieldTrialsAtStartupForInternalsPage recorded 1 samples, mean = 0.0 (flags = 0x1)
0  -O                                                                        (1 = 100.0%)
1  ... 

Histogram: Variations.Headers.ExperimentCount recorded 64 samples, mean = 7.5 (flags = 0x1)
0   ... 
4   --------------------------------O                                         (32 = 50.0%) {0.0%}
5   ... 
11  --------------------------------O                                         (32 = 50.0%) {50.0%}
12  ... 

Histogram: Variations.Headers.RequestContextCategory recorded 5 samples, mean = 0.8 (flags = 0x1)
0  ----O                                                                     (4 = 80.0%)
1  ... 
4  -O                                                                        (1 = 20.0%) {80.0%}
5  ... 

Histogram: Variations.Headers.TimeSource recorded 94 samples, mean = 1.0 (flags = 0x1)
0  O                                                                         (0 = 0.0%)
1  ------------------------------------------------------------------------O (94 = 100.0%) {0.0%}
2  ... 

Histogram: Variations.Limits.VariationKeySize.Default recorded 90 samples, mean = 1.6 (flags = 0x1)
0  O                                                                         (0 = 0.0%)
1  -----------------------------------O                                      (35 = 38.9%) {0.0%}
2  -------------------------------------------------------O                  (55 = 61.1%) {38.9%}
3  ... 

Histogram: Variations.LoadPermanentConsistencyCountryResult recorded 1 samples, mean = 6.0 (flags = 0x1)
0  ... 
6  -O                                                                        (1 = 100.0%) {0.0%}
7  ... 

Histogram: Variations.LoadSeedSignature recorded 1 samples, mean = 4.0 (flags = 0x1)
0  ... 
4  -O                                                                        (1 = 100.0%) {0.0%}
5  O                                                                         (0 = 0.0%) {100.0%}

Histogram: Variations.PolicyRestriction recorded 1 samples, mean = 0.0 (flags = 0x1)
0  -O                                                                        (1 = 100.0%)
1  ... 

Histogram: Variations.SafeMode.CrashStreakDiscrepancy recorded 1 samples, mean = 0.0 (flags = 0x1)
0  -O                                                                        (1 = 100.0%)
1  ... 

Histogram: Variations.SafeMode.StoreSafeSeed.Result recorded 1 samples, mean = 0.0 (flags = 0x1)
0  -O                                                                        (1 = 100.0%)
1  ... 

Histogram: Variations.SafeMode.Streak.Crashes recorded 1 samples (flags = 0x1)
0  -O                                                                        (1 = 100.0%)

Histogram: Variations.SafeMode.Streak.FetchFailures recorded 1 samples (flags = 0x1)
0  -O                                                                        (1 = 100.0%)

Histogram: Variations.SeedDateChange recorded 1 samples, mean = 2.0 (flags = 0x1)
0  ... 
2  -O                                                                        (1 = 100.0%) {0.0%}
3  ... 

Histogram: Variations.SeedFetchResponseOrErrorCode recorded 1 samples (flags = 0x1)
304  -O                                                                        (1 = 100.0%)

Histogram: Variations.SeedFreshness recorded 1 samples, mean = 1.0 (flags = 0x1)
0  O                                                                         (0 = 0.0%)
1  -O                                                                        (1 = 100.0%) {0.0%}
2  ... 

Histogram: Variations.SeedLoadResult recorded 1 samples, mean = 0.0 (flags = 0x1)
0  -O                                                                        (1 = 100.0%)
1  ... 

Histogram: Variations.SeedProcessingTime recorded 1 samples, mean = 10.0 (flags = 0x1)
0   ... 
10  -O                                                                        (1 = 100.0%) {0.0%}
12  ... 

Histogram: Variations.SeedUsage recorded 1 samples, mean = 0.0 (flags = 0x1)
0  -O                                                                        (1 = 100.0%)
1  ... 

Histogram: Variations.StickyAfterQuery.PrefParse recorded 3 samples (flags = 0x1)
-1155952509 -O                                                                        (1 = 33.3%)
1717923913  -O                                                                        (1 = 33.3%)
1831945774  -O                                                                        (1 = 33.3%)

Histogram: Variations.TimeSinceLastFetchAttempt recorded 1 samples, mean = 0.0 (flags = 0x1)
0  -O                                                                        (1 = 100.0%)
1  ... 

Histogram: Variations.UserChannel recorded 1 samples (flags = 0x1)
3  -O                                                                        (1 = 100.0%)

Histogram: Views.Browser.NumColorProvidersInitializedDuringOnNativeThemeUpdated recorded 1 samples, mean = 0.0 (flags = 0x1)
0  -O                                                                        (1 = 100.0%)
1  ... 

Histogram: Views.InvalidatesDuringLayout recorded 2508 samples, mean = 0.2 (flags = 0x1)
0   ------------------------------------------------------------------------O (2477 = 98.8%)
1   O                                                                         (2 = 0.1%) {98.8%}
2   O                                                                         (6 = 0.2%) {98.8%}
3   O                                                                         (4 = 0.2%) {99.1%}
4   O                                                                         (2 = 0.1%) {99.2%}
5   O                                                                         (2 = 0.1%) {99.3%}
6   O                                                                         (3 = 0.1%) {99.4%}
7   ... 
14  O                                                                         (3 = 0.1%) {99.5%}
15  ... 
22  O                                                                         (3 = 0.1%) {99.6%}
23  ... 
30  O                                                                         (2 = 0.1%) {99.8%}
32  O                                                                         (0 = 0.0%) {99.8%}
34  O                                                                         (1 = 0.0%) {99.8%}
36  ... 
42  O                                                                         (1 = 0.0%) {99.9%}
45  ... 
51  O                                                                         (1 = 0.0%) {99.9%}
54  O                                                                         (0 = 0.0%) {100.0%}
57  O                                                                         (1 = 0.0%) {100.0%}
60  ... 

Histogram: WebApp.Database.OpenResult recorded 1 samples, mean = 0.0 (flags = 0x1)
0  -O                                                                        (1 = 100.0%)
1  ... 

Histogram: WebApp.Database.ValidProto recorded 7 samples, mean = 1.0 (flags = 0x1)
0  O                                                                         (0 = 0.0%)
1  -------O                                                                  (7 = 100.0%) {0.0%}
2  O                                                                         (0 = 0.0%) {100.0%}

Histogram: WebApp.DiyAppsInstalledCount.ByUser recorded 1 samples, mean = 0.0 (flags = 0x1)
0  -O                                                                        (1 = 100.0%)
1  ... 

Histogram: WebApp.Engagement.NoUserInstalledApps recorded 1 samples, mean = 0.0 (flags = 0x1)
0  -O                                                                        (1 = 100.0%)
1  ... 

Histogram: WebApp.InstalledCount.ByUser recorded 1 samples, mean = 0.0 (flags = 0x1)
0  -O                                                                        (1 = 100.0%)
1  ... 

Histogram: WebApp.InstalledCount.ByUserNotLocallyInstalled recorded 1 samples, mean = 0.0 (flags = 0x1)
0  -O                                                                        (1 = 100.0%)
1  ... 

Histogram: WebApp.InstalledCount.ByUserNotLocallyInstalled.SyncDisabled recorded 1 samples, mean = 0.0 (flags = 0x1)
0  -O                                                                        (1 = 100.0%)
1  ... 

Histogram: WebApp.InstalledCount.HasNoTrustedIcons recorded 1 samples, mean = 7.0 (flags = 0x1)
0  ... 
7  -O                                                                        (1 = 100.0%) {0.0%}
8  ... 

Histogram: WebApp.InstalledCount.HasTrustedIcons recorded 1 samples, mean = 0.0 (flags = 0x1)
0  -O                                                                        (1 = 100.0%)
1  ... 

Histogram: WebApp.ManifestIconDownloader.Result recorded 1 samples, mean = 2.0 (flags = 0x1)
0  ... 
2  -O                                                                        (1 = 100.0%) {0.0%}
3  O                                                                         (0 = 0.0%) {100.0%}

Histogram: WebApp.ResolvePendingMigrationInfoCommand.UpdatesApplied recorded 1 samples, mean = 0.0 (flags = 0x1)
0  -O                                                                        (1 = 100.0%)
1  ... 

Histogram: WebApp.RunOnOsLogin.CommandCompletionState recorded 7 samples, mean = 0.0 (flags = 0x1)
0  -------O                                                                  (7 = 100.0%)
1  ... 

Histogram: WebAppProto.Parse.Result recorded 7 samples, mean = 0.0 (flags = 0x1)
0  -------O                                                                  (7 = 100.0%)
1  ... 

Histogram: WebContentsObserver.DOMContentLoaded recorded 6 samples, mean = 0.0 (flags = 0x1)
0  ------O                                                                   (6 = 100.0%)
1  ... 

Histogram: WebContentsObserver.DidChangeVisibleSecurityState recorded 5 samples, mean = 0.0 (flags = 0x1)
0  -----O                                                                    (5 = 100.0%)
1  ... 

Histogram: WebContentsObserver.DidFinishLoad recorded 6 samples, mean = 0.0 (flags = 0x1)
0  ------O                                                                   (6 = 100.0%)
1  ... 

Histogram: WebContentsObserver.DidFinishNavigation recorded 6 samples, mean = 0.0 (flags = 0x1)
0  ------O                                                                   (6 = 100.0%)
1  ... 

Histogram: WebContentsObserver.DidFirstVisuallyNonEmptyPaint recorded 2 samples, mean = 0.0 (flags = 0x1)
0  --O                                                                       (2 = 100.0%)
1  ... 

Histogram: WebContentsObserver.DidStartLoading recorded 5 samples, mean = 0.0 (flags = 0x1)
0  -----O                                                                    (5 = 100.0%)
1  ... 

Histogram: WebContentsObserver.DidStartNavigation recorded 6 samples, mean = 0.0 (flags = 0x1)
0  ------O                                                                   (6 = 100.0%)
1  ... 

Histogram: WebContentsObserver.DidStartNavigation.MainFrame recorded 5 samples, mean = 0.0 (flags = 0x1)
0  -----O                                                                    (5 = 100.0%)
1  ... 

Histogram: WebContentsObserver.DidStartNavigation.Subframe recorded 1 samples, mean = 0.0 (flags = 0x1)
0  -O                                                                        (1 = 100.0%)
1  ... 

Histogram: WebContentsObserver.DidStopLoading recorded 5 samples, mean = 0.0 (flags = 0x1)
0  -----O                                                                    (5 = 100.0%)
1  ... 

Histogram: WebContentsObserver.DidUpdateNavigationHandleTiming recorded 16 samples, mean = 0.0 (flags = 0x1)
0  ----------------O                                                         (16 = 100.0%)
1  ... 

Histogram: WebContentsObserver.LoadProgressChanged recorded 19 samples, mean = 0.0 (flags = 0x1)
0  -------------------O                                                      (19 = 100.0%)
1  ... 

Histogram: WebContentsObserver.NavigationEntryChanged recorded 3 samples, mean = 0.0 (flags = 0x1)
0  ---O                                                                      (3 = 100.0%)
1  ... 

Histogram: WebContentsObserver.NavigationEntryCommitted recorded 5 samples, mean = 0.0 (flags = 0x1)
0  -----O                                                                    (5 = 100.0%)
1  ... 

Histogram: WebContentsObserver.OnVisibilityChanged recorded 4 samples, mean = 0.0 (flags = 0x1)
0  ----O                                                                     (4 = 100.0%)
1  ... 

Histogram: WebContentsObserver.OnVisibilityWillChange recorded 4 samples, mean = 0.0 (flags = 0x1)
0  ----O                                                                     (4 = 100.0%)
1  ... 

Histogram: WebContentsObserver.PrimaryMainDocumentElementAvailable recorded 5 samples, mean = 0.0 (flags = 0x1)
0  -----O                                                                    (5 = 100.0%)
1  ... 

Histogram: WebContentsObserver.RenderFrameCreated recorded 7 samples, mean = 0.0 (flags = 0x1)
0  -------O                                                                  (7 = 100.0%)
1  ... 

Histogram: WebContentsObserver.RenderFrameDeleted recorded 7 samples, mean = 0.0 (flags = 0x1)
0  -------O                                                                  (7 = 100.0%)
1  ... 

Histogram: WebContentsObserver.RenderViewReady recorded 4 samples, mean = 0.0 (flags = 0x1)
0  ----O                                                                     (4 = 100.0%)
1  ... 

Histogram: WebContentsObserver.TitleWasSet recorded 4 samples, mean = 0.0 (flags = 0x1)
0  ----O                                                                     (4 = 100.0%)
1  ... 

Histogram: WebContentsObserver.TitleWasSetForMainFrame recorded 4 samples, mean = 0.0 (flags = 0x1)
0  ----O                                                                     (4 = 100.0%)
1  ... 

Histogram: WebCore.Scripts.V8CrowdsourcedCompileHints.ModelQuality recorded 1 samples, mean = 0.0 (flags = 0x1)
0  -O                                                                        (1 = 100.0%)
1  ... 

Histogram: WebDatabase.InitResult recorded 2 samples, mean = 0.0 (flags = 0x1)
0  --O                                                                       (2 = 100.0%)
1  ... 

Histogram: WebUI.ColorsStylesheetServingDuration recorded 2 samples, mean = 3.0 (flags = 0x1)
0  O                                                                         (0 = 0.0%)
1  -O                                                                        (1 = 50.0%) {0.0%}
2  ... 
5  -O                                                                        (1 = 50.0%) {50.0%}
6  ... 

Histogram: WebUI.CreatedForUrl recorded 2 samples (flags = 0x1)
709341402  --O                                                                       (2 = 100.0%)

Histogram: WebUI.ShownUrl recorded 2 samples (flags = 0x1)
709341402  --O                                                                       (2 = 100.0%)

Histogram: WebUI.TopChrome.Preload.Result recorded 2 samples, mean = 0.0 (flags = 0x1)
0  --O                                                                       (2 = 100.0%)
1  ... 

Histogram: Webapp.NavigationCapturing.Result recorded 1 samples, mean = 13.0 (flags = 0x1)
0   ... 
13  -O                                                                        (1 = 100.0%) {0.0%}
14  O                                                                         (0 = 0.0%) {100.0%}

Histogram: Webapp.Update.ManifestSilentUpdateCheckResult recorded 1 samples, mean = 15.0 (flags = 0x1)
0   ... 
15  -O                                                                        (1 = 100.0%) {0.0%}
16  ... 

Histogram: WhatsNew.StartupType recorded 2 samples, mean = 1.5 (flags = 0x1)
0  -O                                                                        (1 = 50.0%)
1  ... 
3  -O                                                                        (1 = 50.0%) {50.0%}
4  ... 

Histogram: Windows.ReplaceFileResult recorded 27 samples, mean = 0.3 (flags = 0x1)
0  --------------------------O                                               (26 = 96.3%)
1  ... 
7  -O                                                                        (1 = 3.7%) {96.3%}
8  ... 


